[
{
  "model": "common.activitylog",
  "pk": 1,
  "fields": {
    "created_at": "2026-03-03T18:59:35.892Z",
    "updated_at": "2026-03-03T18:59:35.892Z",
    "user": null,
    "etablissement": null,
    "role": "",
    "action": "CREATE_SYSTEM",
    "method": "POST",
    "path": "/api",
    "module": "system",
    "target": "",
    "status_code": 404,
    "success": false,
    "ip_address": "192.168.13.104",
    "user_agent": "Dart/3.10 (dart:io)",
    "details": "payload masqué"
  }
},
{
  "model": "common.activitylog",
  "pk": 2,
  "fields": {
    "created_at": "2026-03-03T18:59:47.037Z",
    "updated_at": "2026-03-03T18:59:47.037Z",
    "user": null,
    "etablissement": null,
    "role": "",
    "action": "CREATE_SYSTEM",
    "method": "POST",
    "path": "/api",
    "module": "system",
    "target": "",
    "status_code": 404,
    "success": false,
    "ip_address": "192.168.13.104",
    "user_agent": "Dart/3.10 (dart:io)",
    "details": "payload masqué"
  }
},
{
  "model": "common.activitylog",
  "pk": 3,
  "fields": {
    "created_at": "2026-03-03T19:00:28.048Z",
    "updated_at": "2026-03-03T19:00:28.048Z",
    "user": null,
    "etablissement": null,
    "role": "",
    "action": "CREATE_SYSTEM",
    "method": "POST",
    "path": "/api",
    "module": "system",
    "target": "",
    "status_code": 404,
    "success": false,
    "ip_address": "192.168.13.104",
    "user_agent": "Dart/3.10 (dart:io)",
    "details": "payload masqué"
  }
},
{
  "model": "common.activitylog",
  "pk": 4,
  "fields": {
    "created_at": "2026-03-03T19:00:34.769Z",
    "updated_at": "2026-03-03T19:00:34.769Z",
    "user": null,
    "etablissement": null,
    "role": "",
    "action": "CREATE_SYSTEM",
    "method": "POST",
    "path": "/api",
    "module": "system",
    "target": "",
    "status_code": 404,
    "success": false,
    "ip_address": "192.168.13.104",
    "user_agent": "Dart/3.10 (dart:io)",
    "details": "payload masqué"
  }
},
{
  "model": "common.activitylog",
  "pk": 5,
  "fields": {
    "created_at": "2026-03-03T19:03:59.585Z",
    "updated_at": "2026-03-03T19:03:59.586Z",
    "user": null,
    "etablissement": null,
    "role": "",
    "action": "CREATE_SYSTEM",
    "method": "POST",
    "path": "/api",
    "module": "system",
    "target": "",
    "status_code": 404,
    "success": false,
    "ip_address": "192.168.13.104",
    "user_agent": "Dart/3.10 (dart:io)",
    "details": "payload masqué"
  }
},
{
  "model": "common.activitylog",
  "pk": 6,
  "fields": {
    "created_at": "2026-03-03T21:01:50.714Z",
    "updated_at": "2026-03-03T21:01:50.714Z",
    "user": null,
    "etablissement": null,
    "role": "",
    "action": "CREATE_SYSTEM",
    "method": "POST",
    "path": "/api",
    "module": "system",
    "target": "",
    "status_code": 404,
    "success": false,
    "ip_address": "192.168.13.104",
    "user_agent": "Dart/3.10 (dart:io)",
    "details": "payload masqué"
  }
},
{
  "model": "common.activitylog",
  "pk": 7,
  "fields": {
    "created_at": "2026-03-03T21:02:37.849Z",
    "updated_at": "2026-03-03T21:02:37.849Z",
    "user": null,
    "etablissement": null,
    "role": "",
    "action": "CREATE_SYSTEM",
    "method": "POST",
    "path": "/api",
    "module": "system",
    "target": "",
    "status_code": 404,
    "success": false,
    "ip_address": "192.168.13.104",
    "user_agent": "Dart/3.10 (dart:io)",
    "details": "payload masqué"
  }
},
{
  "model": "common.activitylog",
  "pk": 8,
  "fields": {
    "created_at": "2026-03-03T21:04:13.871Z",
    "updated_at": "2026-03-03T21:04:13.871Z",
    "user": null,
    "etablissement": null,
    "role": "",
    "action": "CREATE_SYSTEM",
    "method": "POST",
    "path": "/api",
    "module": "system",
    "target": "",
    "status_code": 404,
    "success": false,
    "ip_address": "192.168.13.104",
    "user_agent": "Dart/3.10 (dart:io)",
    "details": "payload masqué"
  }
},
{
  "model": "common.activitylog",
  "pk": 9,
  "fields": {
    "created_at": "2026-03-03T21:04:19.822Z",
    "updated_at": "2026-03-03T21:04:19.822Z",
    "user": null,
    "etablissement": null,
    "role": "",
    "action": "CREATE_SYSTEM",
    "method": "POST",
    "path": "/api",
    "module": "system",
    "target": "",
    "status_code": 404,
    "success": false,
    "ip_address": "192.168.13.104",
    "user_agent": "Dart/3.10 (dart:io)",
    "details": "payload masqué"
  }
},
{
  "model": "common.activitylog",
  "pk": 10,
  "fields": {
    "created_at": "2026-03-03T21:04:47.445Z",
    "updated_at": "2026-03-03T21:04:47.445Z",
    "user": null,
    "etablissement": null,
    "role": "",
    "action": "CREATE_SYSTEM",
    "method": "POST",
    "path": "/api",
    "module": "system",
    "target": "",
    "status_code": 404,
    "success": false,
    "ip_address": "192.168.13.104",
    "user_agent": "Dart/3.10 (dart:io)",
    "details": "payload masqué"
  }
},
{
  "model": "common.activitylog",
  "pk": 11,
  "fields": {
    "created_at": "2026-03-03T21:11:07.438Z",
    "updated_at": "2026-03-03T21:11:07.438Z",
    "user": null,
    "etablissement": null,
    "role": "",
    "action": "CREATE_SYSTEM",
    "method": "POST",
    "path": "/api",
    "module": "system",
    "target": "",
    "status_code": 404,
    "success": false,
    "ip_address": "192.168.13.104",
    "user_agent": "Dart/3.10 (dart:io)",
    "details": "payload masqué"
  }
},
{
  "model": "common.activitylog",
  "pk": 12,
  "fields": {
    "created_at": "2026-03-03T21:17:24.878Z",
    "updated_at": "2026-03-03T21:17:24.878Z",
    "user": null,
    "etablissement": null,
    "role": "",
    "action": "CREATE_SYSTEM",
    "method": "POST",
    "path": "/api",
    "module": "system",
    "target": "",
    "status_code": 404,
    "success": false,
    "ip_address": "192.168.13.104",
    "user_agent": "Dart/3.10 (dart:io)",
    "details": "payload masqué"
  }
},
{
  "model": "common.activitylog",
  "pk": 13,
  "fields": {
    "created_at": "2026-03-03T21:17:27.633Z",
    "updated_at": "2026-03-03T21:17:27.633Z",
    "user": null,
    "etablissement": null,
    "role": "",
    "action": "CREATE_SYSTEM",
    "method": "POST",
    "path": "/api",
    "module": "system",
    "target": "",
    "status_code": 404,
    "success": false,
    "ip_address": "192.168.13.104",
    "user_agent": "Dart/3.10 (dart:io)",
    "details": "payload masqué"
  }
},
{
  "model": "common.activitylog",
  "pk": 14,
  "fields": {
    "created_at": "2026-03-03T21:18:12.557Z",
    "updated_at": "2026-03-03T21:18:12.557Z",
    "user": null,
    "etablissement": null,
    "role": "",
    "action": "CREATE_SYSTEM",
    "method": "POST",
    "path": "/api",
    "module": "system",
    "target": "",
    "status_code": 404,
    "success": false,
    "ip_address": "192.168.13.104",
    "user_agent": "Dart/3.10 (dart:io)",
    "details": "payload masqué"
  }
},
{
  "model": "common.activitylog",
  "pk": 15,
  "fields": {
    "created_at": "2026-03-06T01:06:58.755Z",
    "updated_at": "2026-03-06T01:06:58.756Z",
    "user": 1,
    "etablissement": null,
    "role": "super_admin",
    "action": "DELETE_STUDENTS",
    "method": "DELETE",
    "path": "/api/students/3/",
    "module": "students",
    "target": "3",
    "status_code": 204,
    "success": true,
    "ip_address": "172.18.0.1",
    "user_agent": "curl/8.18.0",
    "details": ""
  }
},
{
  "model": "common.activitylog",
  "pk": 16,
  "fields": {
    "created_at": "2026-03-06T01:06:59.140Z",
    "updated_at": "2026-03-06T01:06:59.140Z",
    "user": 1,
    "etablissement": null,
    "role": "super_admin",
    "action": "DELETE_AUTH",
    "method": "DELETE",
    "path": "/api/auth/users/11/",
    "module": "auth",
    "target": "users",
    "status_code": 204,
    "success": true,
    "ip_address": "172.18.0.1",
    "user_agent": "curl/8.18.0",
    "details": ""
  }
},
{
  "model": "common.activitylog",
  "pk": 17,
  "fields": {
    "created_at": "2026-03-06T01:38:41.631Z",
    "updated_at": "2026-03-06T01:38:41.631Z",
    "user": 1,
    "etablissement": null,
    "role": "super_admin",
    "action": "DELETE_AUTH",
    "method": "DELETE",
    "path": "/api/auth/users/12/",
    "module": "auth",
    "target": "users",
    "status_code": 204,
    "success": true,
    "ip_address": "41.73.109.94",
    "user_agent": "Dart/3.10 (dart:io)",
    "details": ""
  }
},
{
  "model": "common.activitylog",
  "pk": 18,
  "fields": {
    "created_at": "2026-03-22T20:08:03.666Z",
    "updated_at": "2026-03-22T20:08:03.667Z",
    "user": null,
    "etablissement": null,
    "role": "",
    "action": "CREATE_LOGIN",
    "method": "POST",
    "path": "/auth/login/",
    "module": "login",
    "target": "",
    "status_code": 404,
    "success": false,
    "ip_address": "192.168.13.98",
    "user_agent": "curl/8.18.0",
    "details": "payload masqué"
  }
},
{
  "model": "common.activitylog",
  "pk": 19,
  "fields": {
    "created_at": "2026-03-22T20:08:38.698Z",
    "updated_at": "2026-03-22T20:08:38.698Z",
    "user": null,
    "etablissement": null,
    "role": "",
    "action": "CREATE_LOGIN",
    "method": "POST",
    "path": "/auth/login/",
    "module": "login",
    "target": "",
    "status_code": 404,
    "success": false,
    "ip_address": "192.168.13.98",
    "user_agent": "curl/8.18.0",
    "details": "payload masqué"
  }
},
{
  "model": "common.activitylog",
  "pk": 20,
  "fields": {
    "created_at": "2026-03-29T23:25:20.882Z",
    "updated_at": "2026-03-29T23:25:20.882Z",
    "user": 174,
    "etablissement": null,
    "role": "teacher",
    "action": "CREATE_GRADES",
    "method": "POST",
    "path": "/api/grades/validate_term/",
    "module": "grades",
    "target": "validate_term",
    "status_code": 403,
    "success": false,
    "ip_address": "192.168.13.98",
    "user_agent": "Mozilla/5.0 (X11; Linux x86_64; rv:140.0) Gecko/20100101 Firefox/140.0",
    "details": "{\"classroom\":24,\"academic_year\":1,\"term\":\"T1\",\"notes\":\"\"}"
  }
},
{
  "model": "common.activitylog",
  "pk": 21,
  "fields": {
    "created_at": "2026-03-29T23:25:24.483Z",
    "updated_at": "2026-03-29T23:25:24.483Z",
    "user": 174,
    "etablissement": null,
    "role": "teacher",
    "action": "CREATE_GRADES",
    "method": "POST",
    "path": "/api/grades/unvalidate_term/",
    "module": "grades",
    "target": "unvalidate_term",
    "status_code": 403,
    "success": false,
    "ip_address": "192.168.13.98",
    "user_agent": "Mozilla/5.0 (X11; Linux x86_64; rv:140.0) Gecko/20100101 Firefox/140.0",
    "details": "{\"classroom\":24,\"academic_year\":1,\"term\":\"T1\"}"
  }
},
{
  "model": "common.activitylog",
  "pk": 22,
  "fields": {
    "created_at": "2026-04-01T02:00:33.105Z",
    "updated_at": "2026-04-01T02:00:33.105Z",
    "user": null,
    "etablissement": null,
    "role": "",
    "action": "UPDATE_ETABLISSEMENTS",
    "method": "PATCH",
    "path": "/api/etablissements/3/",
    "module": "etablissements",
    "target": "3",
    "status_code": 401,
    "success": false,
    "ip_address": "172.18.0.1",
    "user_agent": "Mozilla/5.0 (X11; Linux x86_64; rv:140.0) Gecko/20100101 Firefox/140.0",
    "details": "----dio-boundary-2533724464\r\ncontent-disposition: form-data; name=\"name\"\r\n\r\nIFP-OBK\r\n----dio-boundary-2533724464\r\ncontent-disposition: form-data; name=\"address\"\r\n\r\nKalaban Coura\r\n----dio-boundary-2533724464\r\ncontent-disposition: form-data; name=\"phone\"\r\n\r"
  }
},
{
  "model": "common.activitylog",
  "pk": 23,
  "fields": {
    "created_at": "2026-04-01T02:00:55.774Z",
    "updated_at": "2026-04-01T02:00:55.775Z",
    "user": null,
    "etablissement": null,
    "role": "",
    "action": "UPDATE_ETABLISSEMENTS",
    "method": "PATCH",
    "path": "/api/etablissements/3/",
    "module": "etablissements",
    "target": "3",
    "status_code": 401,
    "success": false,
    "ip_address": "172.18.0.1",
    "user_agent": "Mozilla/5.0 (X11; Linux x86_64; rv:140.0) Gecko/20100101 Firefox/140.0",
    "details": "----dio-boundary-0814479782\r\ncontent-disposition: form-data; name=\"name\"\r\n\r\nIFP-OBK\r\n----dio-boundary-0814479782\r\ncontent-disposition: form-data; name=\"address\"\r\n\r\nKalaban Coura\r\n----dio-boundary-0814479782\r\ncontent-disposition: form-data; name=\"phone\"\r\n\r"
  }
},
{
  "model": "common.activitylog",
  "pk": 24,
  "fields": {
    "created_at": "2026-04-01T02:01:07.171Z",
    "updated_at": "2026-04-01T02:01:07.171Z",
    "user": null,
    "etablissement": null,
    "role": "",
    "action": "UPDATE_ETABLISSEMENTS",
    "method": "PATCH",
    "path": "/api/etablissements/3/",
    "module": "etablissements",
    "target": "3",
    "status_code": 401,
    "success": false,
    "ip_address": "172.18.0.1",
    "user_agent": "Mozilla/5.0 (X11; Linux x86_64; rv:140.0) Gecko/20100101 Firefox/140.0",
    "details": "----dio-boundary-0372725848\r\ncontent-disposition: form-data; name=\"name\"\r\n\r\nIFP-OBK\r\n----dio-boundary-0372725848\r\ncontent-disposition: form-data; name=\"address\"\r\n\r\nKalaban Coura\r\n----dio-boundary-0372725848\r\ncontent-disposition: form-data; name=\"phone\"\r\n\r"
  }
},
{
  "model": "common.activitylog",
  "pk": 25,
  "fields": {
    "created_at": "2026-04-01T02:01:29.780Z",
    "updated_at": "2026-04-01T02:01:29.780Z",
    "user": null,
    "etablissement": null,
    "role": "",
    "action": "UPDATE_ETABLISSEMENTS",
    "method": "PATCH",
    "path": "/api/etablissements/3/",
    "module": "etablissements",
    "target": "3",
    "status_code": 401,
    "success": false,
    "ip_address": "172.18.0.1",
    "user_agent": "Mozilla/5.0 (X11; Linux x86_64; rv:140.0) Gecko/20100101 Firefox/140.0",
    "details": "----dio-boundary-1704134929\r\ncontent-disposition: form-data; name=\"name\"\r\n\r\nIFP-OBK\r\n----dio-boundary-1704134929\r\ncontent-disposition: form-data; name=\"address\"\r\n\r\nKalaban Coura\r\n----dio-boundary-1704134929\r\ncontent-disposition: form-data; name=\"phone\"\r\n\r"
  }
},
{
  "model": "common.activitylog",
  "pk": 26,
  "fields": {
    "created_at": "2026-04-01T02:05:38.933Z",
    "updated_at": "2026-04-01T02:05:38.933Z",
    "user": null,
    "etablissement": null,
    "role": "",
    "action": "UPDATE_ETABLISSEMENTS",
    "method": "PATCH",
    "path": "/api/etablissements/3/",
    "module": "etablissements",
    "target": "3",
    "status_code": 401,
    "success": false,
    "ip_address": "172.18.0.1",
    "user_agent": "Mozilla/5.0 (X11; Linux x86_64; rv:140.0) Gecko/20100101 Firefox/140.0",
    "details": "----dio-boundary-0452306655\r\ncontent-disposition: form-data; name=\"name\"\r\n\r\nIFP-OBK\r\n----dio-boundary-0452306655\r\ncontent-disposition: form-data; name=\"address\"\r\n\r\nKalaban Coura\r\n----dio-boundary-0452306655\r\ncontent-disposition: form-data; name=\"phone\"\r\n\r"
  }
},
{
  "model": "common.activitylog",
  "pk": 27,
  "fields": {
    "created_at": "2026-04-06T14:24:56.898Z",
    "updated_at": "2026-04-06T14:24:56.898Z",
    "user": 1,
    "etablissement": 3,
    "role": "super_admin",
    "action": "DELETE_AUTH",
    "method": "DELETE",
    "path": "/api/auth/users/175/",
    "module": "auth",
    "target": "users",
    "status_code": 204,
    "success": true,
    "ip_address": "172.18.0.1",
    "user_agent": "Mozilla/5.0 (X11; Linux x86_64; rv:140.0) Gecko/20100101 Firefox/140.0",
    "details": ""
  }
},
{
  "model": "common.activitylog",
  "pk": 28,
  "fields": {
    "created_at": "2026-04-06T14:25:36.266Z",
    "updated_at": "2026-04-06T14:25:36.266Z",
    "user": 1,
    "etablissement": 3,
    "role": "super_admin",
    "action": "DELETE_AUTH",
    "method": "DELETE",
    "path": "/api/auth/users/176/",
    "module": "auth",
    "target": "users",
    "status_code": 204,
    "success": true,
    "ip_address": "172.18.0.1",
    "user_agent": "Mozilla/5.0 (X11; Linux x86_64; rv:140.0) Gecko/20100101 Firefox/140.0",
    "details": ""
  }
},
{
  "model": "common.activitylog",
  "pk": 29,
  "fields": {
    "created_at": "2026-04-06T14:25:41.821Z",
    "updated_at": "2026-04-06T14:25:41.821Z",
    "user": 1,
    "etablissement": 3,
    "role": "super_admin",
    "action": "DELETE_AUTH",
    "method": "DELETE",
    "path": "/api/auth/users/177/",
    "module": "auth",
    "target": "users",
    "status_code": 204,
    "success": true,
    "ip_address": "172.18.0.1",
    "user_agent": "Mozilla/5.0 (X11; Linux x86_64; rv:140.0) Gecko/20100101 Firefox/140.0",
    "details": ""
  }
},
{
  "model": "common.activitylog",
  "pk": 30,
  "fields": {
    "created_at": "2026-04-06T14:32:28.541Z",
    "updated_at": "2026-04-06T14:32:28.541Z",
    "user": 1,
    "etablissement": 3,
    "role": "super_admin",
    "action": "DELETE_AUTH",
    "method": "DELETE",
    "path": "/api/auth/users/178/",
    "module": "auth",
    "target": "users",
    "status_code": 204,
    "success": true,
    "ip_address": "172.18.0.1",
    "user_agent": "Mozilla/5.0 (X11; Linux x86_64; rv:140.0) Gecko/20100101 Firefox/140.0",
    "details": ""
  }
},
{
  "model": "common.activitylog",
  "pk": 31,
  "fields": {
    "created_at": "2026-04-09T19:17:25.556Z",
    "updated_at": "2026-04-09T19:17:25.556Z",
    "user": null,
    "etablissement": null,
    "role": "",
    "action": "CREATE_TEACHER-SCHEDULE-SLOTS",
    "method": "POST",
    "path": "/api/teacher-schedule-slots/",
    "module": "teacher-schedule-slots",
    "target": "",
    "status_code": 401,
    "success": false,
    "ip_address": "172.18.0.1",
    "user_agent": "Mozilla/5.0 (X11; Linux x86_64; rv:140.0) Gecko/20100101 Firefox/140.0",
    "details": "{\"assignment\":69,\"day_of_week\":\"TUE\",\"start_time\":\"08:00:00\",\"end_time\":\"09:00:00\",\"room\":\"\"}"
  }
},
{
  "model": "accounts.user",
  "pk": 1,
  "fields": {
    "password": "pbkdf2_sha256$870000$1mi9tMxxJLaGyMGdVxnOlY$4m0uXaYq221KPnB2nTr9l44iflgtlC779ivpTCNkldc=",
    "last_login": null,
    "is_superuser": true,
    "username": "superadmin",
    "first_name": "Super",
    "last_name": "Admin",
    "email": "admin@gestionschool.local",
    "is_staff": true,
    "is_active": true,
    "date_joined": "2026-03-01T18:18:41.496Z",
    "role": "super_admin",
    "phone": "",
    "profile_photo": "",
    "etablissement": null,
    "groups": [],
    "user_permissions": []
  }
},
{
  "model": "accounts.user",
  "pk": 10,
  "fields": {
    "password": "pbkdf2_sha256$870000$XjEOTAMMa88wCjtOA2WUOW$IeJeTaDrFYp29CHZtqraGALA2rNwHXQYCLuQje4MFcI=",
    "last_login": null,
    "is_superuser": false,
    "username": "van",
    "first_name": "MODIBO",
    "last_name": "KEITA",
    "email": "modibokeita050@gmail.com",
    "is_staff": false,
    "is_active": true,
    "date_joined": "2026-03-03T13:28:39.960Z",
    "role": "super_admin",
    "phone": "66083152",
    "profile_photo": "",
    "etablissement": null,
    "groups": [],
    "user_permissions": []
  }
},
{
  "model": "accounts.user",
  "pk": 14,
  "fields": {
    "password": "pbkdf2_sha256$870000$FJ3KbFG1ugMTj2mTI9r1Pt$WE4hu2xjjfkCnm1oi4Fw2zmoTqTzDQknFKzwhPSe1Fw=",
    "last_login": null,
    "is_superuser": false,
    "username": "lobk_teacher_01",
    "first_name": "Prof01",
    "last_name": "LOBK",
    "email": "lobk_teacher_01@school.local",
    "is_staff": false,
    "is_active": true,
    "date_joined": "2026-03-24T03:29:08.125Z",
    "role": "teacher",
    "phone": "620000001",
    "profile_photo": "",
    "etablissement": 7,
    "groups": [],
    "user_permissions": []
  }
},
{
  "model": "accounts.user",
  "pk": 15,
  "fields": {
    "password": "pbkdf2_sha256$870000$hzBniHe35T5Hpx9k9gOxN2$fF8wGMAUbmCfYo1m47ArAUlofBzYbySOMAoBCEIUWSY=",
    "last_login": null,
    "is_superuser": false,
    "username": "lobk_teacher_02",
    "first_name": "Prof02",
    "last_name": "LOBK",
    "email": "lobk_teacher_02@school.local",
    "is_staff": false,
    "is_active": true,
    "date_joined": "2026-03-24T03:29:09.963Z",
    "role": "teacher",
    "phone": "620000002",
    "profile_photo": "",
    "etablissement": 7,
    "groups": [],
    "user_permissions": []
  }
},
{
  "model": "accounts.user",
  "pk": 16,
  "fields": {
    "password": "pbkdf2_sha256$870000$A7HCtTym9hhXjMkUjgf5oe$SlP1oToE3vJkXLHJLmvjBUj77KDRNRrEATnV16hC/4E=",
    "last_login": null,
    "is_superuser": false,
    "username": "lobk_teacher_03",
    "first_name": "Prof03",
    "last_name": "LOBK",
    "email": "lobk_teacher_03@school.local",
    "is_staff": false,
    "is_active": true,
    "date_joined": "2026-03-24T03:29:10.932Z",
    "role": "teacher",
    "phone": "620000003",
    "profile_photo": "",
    "etablissement": 7,
    "groups": [],
    "user_permissions": []
  }
},
{
  "model": "accounts.user",
  "pk": 17,
  "fields": {
    "password": "pbkdf2_sha256$870000$qXlYXCClps8D8nssLk3NaA$Ygw6yusKmScJkZkIfQPQ7JdDCPDduv8u1hygadEjncs=",
    "last_login": null,
    "is_superuser": false,
    "username": "lobk_teacher_04",
    "first_name": "Prof04",
    "last_name": "LOBK",
    "email": "lobk_teacher_04@school.local",
    "is_staff": false,
    "is_active": true,
    "date_joined": "2026-03-24T03:29:12.346Z",
    "role": "teacher",
    "phone": "620000004",
    "profile_photo": "",
    "etablissement": 7,
    "groups": [],
    "user_permissions": []
  }
},
{
  "model": "accounts.user",
  "pk": 18,
  "fields": {
    "password": "pbkdf2_sha256$870000$piNcpUWj0IhS2sJel6RWsw$lkt6p+R7nmfWf0R0kc4T7bB0ogSVTkALvHn2nVxBTqQ=",
    "last_login": null,
    "is_superuser": false,
    "username": "lobk_teacher_05",
    "first_name": "Prof05",
    "last_name": "LOBK",
    "email": "lobk_teacher_05@school.local",
    "is_staff": false,
    "is_active": true,
    "date_joined": "2026-03-24T03:29:13.452Z",
    "role": "teacher",
    "phone": "620000005",
    "profile_photo": "",
    "etablissement": 7,
    "groups": [],
    "user_permissions": []
  }
},
{
  "model": "accounts.user",
  "pk": 19,
  "fields": {
    "password": "pbkdf2_sha256$870000$Z5SgK6yhYumtYg9gNhhj2t$evXfpbqW/1OyWBbVffYp2HOMN9FGqZe/hAxezOXWU6g=",
    "last_login": null,
    "is_superuser": false,
    "username": "lobk_teacher_06",
    "first_name": "Prof06",
    "last_name": "LOBK",
    "email": "lobk_teacher_06@school.local",
    "is_staff": false,
    "is_active": true,
    "date_joined": "2026-03-24T03:29:14.546Z",
    "role": "teacher",
    "phone": "620000006",
    "profile_photo": "",
    "etablissement": 7,
    "groups": [],
    "user_permissions": []
  }
},
{
  "model": "accounts.user",
  "pk": 20,
  "fields": {
    "password": "pbkdf2_sha256$870000$KCnpJ9g0T8ldHvICjxRh4t$+BBIh3jw1T6j1/+DE3xLdfIL+vMjHZbesLSR3RexD2w=",
    "last_login": null,
    "is_superuser": false,
    "username": "lobk_teacher_07",
    "first_name": "Prof07",
    "last_name": "LOBK",
    "email": "lobk_teacher_07@school.local",
    "is_staff": false,
    "is_active": true,
    "date_joined": "2026-03-24T03:29:15.651Z",
    "role": "teacher",
    "phone": "620000007",
    "profile_photo": "",
    "etablissement": 7,
    "groups": [],
    "user_permissions": []
  }
},
{
  "model": "accounts.user",
  "pk": 21,
  "fields": {
    "password": "pbkdf2_sha256$870000$GhMu8DXFncRwFiZsS8J0pj$tK0M8ENhuyuXYpXLJqo6KbMpyYma5bGQqT2Y6UPA1qY=",
    "last_login": null,
    "is_superuser": false,
    "username": "lobk_teacher_08",
    "first_name": "Prof08",
    "last_name": "LOBK",
    "email": "lobk_teacher_08@school.local",
    "is_staff": false,
    "is_active": true,
    "date_joined": "2026-03-24T03:29:16.954Z",
    "role": "teacher",
    "phone": "620000008",
    "profile_photo": "",
    "etablissement": 7,
    "groups": [],
    "user_permissions": []
  }
},
{
  "model": "accounts.user",
  "pk": 22,
  "fields": {
    "password": "pbkdf2_sha256$870000$x9Kn360a1MZiwZGrD7WShF$30WCh3oRxg/sweabB5MteV9PqyGh1wO0e8n3TdS03WU=",
    "last_login": null,
    "is_superuser": false,
    "username": "lobk_teacher_09",
    "first_name": "Prof09",
    "last_name": "LOBK",
    "email": "lobk_teacher_09@school.local",
    "is_staff": false,
    "is_active": true,
    "date_joined": "2026-03-24T03:29:17.957Z",
    "role": "teacher",
    "phone": "620000009",
    "profile_photo": "",
    "etablissement": 7,
    "groups": [],
    "user_permissions": []
  }
},
{
  "model": "accounts.user",
  "pk": 23,
  "fields": {
    "password": "pbkdf2_sha256$870000$JD3KoZ8XkGSvt36KpDJyAT$lyFXj6VAYtNOrUfSTDjY8C6nJpg3CYt8oBx8xztm15M=",
    "last_login": null,
    "is_superuser": false,
    "username": "lobk_teacher_10",
    "first_name": "Prof10",
    "last_name": "LOBK",
    "email": "lobk_teacher_10@school.local",
    "is_staff": false,
    "is_active": true,
    "date_joined": "2026-03-24T03:29:19.451Z",
    "role": "teacher",
    "phone": "620000010",
    "profile_photo": "",
    "etablissement": 7,
    "groups": [],
    "user_permissions": []
  }
},
{
  "model": "accounts.user",
  "pk": 24,
  "fields": {
    "password": "pbkdf2_sha256$870000$wIvLhevDu6mG66oPMh33u4$tlLk7DaMCqfjAZpA4AghqUvhSYl5GCh7sPuDoQgC+F0=",
    "last_login": null,
    "is_superuser": false,
    "username": "ifp_teacher_01",
    "first_name": "OUMAR",
    "last_name": "COULIBALY",
    "email": "oumarcoulibaly@school.local",
    "is_staff": false,
    "is_active": true,
    "date_joined": "2026-03-24T03:29:20.599Z",
    "role": "teacher",
    "phone": "62 00 04 01",
    "profile_photo": "",
    "etablissement": 3,
    "groups": [],
    "user_permissions": []
  }
},
{
  "model": "accounts.user",
  "pk": 25,
  "fields": {
    "password": "pbkdf2_sha256$870000$196UQ1TCO9w07JcsgDyrk6$3ZLbMWY6oc3e5zapiy6RNRC7iDILiMDbCCD8Vc8JOBM=",
    "last_login": null,
    "is_superuser": false,
    "username": "ifp_teacher_02",
    "first_name": "Prof02",
    "last_name": "IFP",
    "email": "ifp_teacher_02@school.local",
    "is_staff": false,
    "is_active": true,
    "date_joined": "2026-03-24T03:29:21.468Z",
    "role": "teacher",
    "phone": "620000002",
    "profile_photo": "",
    "etablissement": 3,
    "groups": [],
    "user_permissions": []
  }
},
{
  "model": "accounts.user",
  "pk": 26,
  "fields": {
    "password": "pbkdf2_sha256$870000$eqwqKPlHDewQ4ceNZvnJrC$lo6oRkx9ZoRheg/Luey5GN4/SUnK3k/2nOrV/WY0R3M=",
    "last_login": null,
    "is_superuser": false,
    "username": "ifp_teacher_03",
    "first_name": "Prof03",
    "last_name": "IFP",
    "email": "ifp_teacher_03@school.local",
    "is_staff": false,
    "is_active": true,
    "date_joined": "2026-03-24T03:29:22.505Z",
    "role": "teacher",
    "phone": "620000003",
    "profile_photo": "",
    "etablissement": 3,
    "groups": [],
    "user_permissions": []
  }
},
{
  "model": "accounts.user",
  "pk": 27,
  "fields": {
    "password": "pbkdf2_sha256$870000$x1I5PVhFkOFFy2sLrtk9Gh$QlakXWT3CXK3/DXujX4oZw6WniiLPRmjrvP65YwbjCU=",
    "last_login": null,
    "is_superuser": false,
    "username": "ifp_teacher_04",
    "first_name": "Prof04",
    "last_name": "IFP",
    "email": "ifp_teacher_04@school.local",
    "is_staff": false,
    "is_active": true,
    "date_joined": "2026-03-24T03:29:23.274Z",
    "role": "teacher",
    "phone": "620000004",
    "profile_photo": "",
    "etablissement": 3,
    "groups": [],
    "user_permissions": []
  }
},
{
  "model": "accounts.user",
  "pk": 28,
  "fields": {
    "password": "pbkdf2_sha256$870000$iAueo8EQLkF1BvB0941y0I$lEYmN7Q5UMonR1eBRfHjrVjM/Gwm4vyyrCCGhvLCwRE=",
    "last_login": null,
    "is_superuser": false,
    "username": "ifp_teacher_05",
    "first_name": "Prof05",
    "last_name": "IFP",
    "email": "ifp_teacher_05@school.local",
    "is_staff": false,
    "is_active": true,
    "date_joined": "2026-03-24T03:29:24.120Z",
    "role": "teacher",
    "phone": "620000005",
    "profile_photo": "",
    "etablissement": 3,
    "groups": [],
    "user_permissions": []
  }
},
{
  "model": "accounts.user",
  "pk": 29,
  "fields": {
    "password": "pbkdf2_sha256$870000$FEH4W9g86mhjHsyVjmtsi5$pvPpOLBJnqXq3WfQrb1/rA6kbY4KBF41dblrQ9y/QIA=",
    "last_login": null,
    "is_superuser": false,
    "username": "ifp_teacher_06",
    "first_name": "Prof06",
    "last_name": "IFP",
    "email": "ifp_teacher_06@school.local",
    "is_staff": false,
    "is_active": true,
    "date_joined": "2026-03-24T03:29:25.309Z",
    "role": "teacher",
    "phone": "620000006",
    "profile_photo": "",
    "etablissement": 3,
    "groups": [],
    "user_permissions": []
  }
},
{
  "model": "accounts.user",
  "pk": 30,
  "fields": {
    "password": "pbkdf2_sha256$870000$cd82I5eqFnWUNCGRUP9hDg$O7ojkO7yjb+Jk+I3zWnKvGPFHu5wb+LbKwhOUBGOrA8=",
    "last_login": null,
    "is_superuser": false,
    "username": "ifp_teacher_07",
    "first_name": "Prof07",
    "last_name": "IFP",
    "email": "ifp_teacher_07@school.local",
    "is_staff": false,
    "is_active": true,
    "date_joined": "2026-03-24T03:29:26.335Z",
    "role": "teacher",
    "phone": "620000007",
    "profile_photo": "",
    "etablissement": 3,
    "groups": [],
    "user_permissions": []
  }
},
{
  "model": "accounts.user",
  "pk": 31,
  "fields": {
    "password": "pbkdf2_sha256$870000$GrmHJCG0M3Lcg87Mosi6gY$rMkd0xDaXAKHkBZnGEtNmHJVIqwAJf/sgx/dAHNQBOk=",
    "last_login": null,
    "is_superuser": false,
    "username": "ifp_teacher_08",
    "first_name": "Prof08",
    "last_name": "IFP",
    "email": "ifp_teacher_08@school.local",
    "is_staff": false,
    "is_active": true,
    "date_joined": "2026-03-24T03:29:27.271Z",
    "role": "teacher",
    "phone": "620000008",
    "profile_photo": "",
    "etablissement": 3,
    "groups": [],
    "user_permissions": []
  }
},
{
  "model": "accounts.user",
  "pk": 32,
  "fields": {
    "password": "pbkdf2_sha256$870000$y5Dv2ey9TDYp0rZwvFsHRF$WocSteSnd8J7WTHz+pczyf9ZPKmMa6CZtSIxnh9OIjQ=",
    "last_login": null,
    "is_superuser": false,
    "username": "ifp_teacher_09",
    "first_name": "Prof09",
    "last_name": "IFP",
    "email": "ifp_teacher_09@school.local",
    "is_staff": false,
    "is_active": true,
    "date_joined": "2026-03-24T03:29:28.273Z",
    "role": "teacher",
    "phone": "620000009",
    "profile_photo": "",
    "etablissement": 3,
    "groups": [],
    "user_permissions": []
  }
},
{
  "model": "accounts.user",
  "pk": 33,
  "fields": {
    "password": "pbkdf2_sha256$870000$2fRKM0m8QcDcTIaVt4VuCP$oDUJV+naUKGAX9ab+fosIl5CcuX7FTSoY0SE033lBQc=",
    "last_login": null,
    "is_superuser": false,
    "username": "ifp_teacher_10",
    "first_name": "Prof10",
    "last_name": "IFP",
    "email": "ifp_teacher_10@school.local",
    "is_staff": false,
    "is_active": true,
    "date_joined": "2026-03-24T03:29:29.411Z",
    "role": "teacher",
    "phone": "620000010",
    "profile_photo": "",
    "etablissement": 3,
    "groups": [],
    "user_permissions": []
  }
},
{
  "model": "accounts.user",
  "pk": 34,
  "fields": {
    "password": "pbkdf2_sha256$870000$ldJABGNeL6t0yPzKZD1roz$vhnfWKg7+2VrjgKRmtPLMJwTRSKa5hD+NNIIOaPKQkM=",
    "last_login": null,
    "is_superuser": false,
    "username": "lobk_teacher01",
    "first_name": "Enseignant",
    "last_name": "LOBK 01",
    "email": "lobk_teacher01@example.com",
    "is_staff": false,
    "is_active": true,
    "date_joined": "2026-03-24T18:40:32.043Z",
    "role": "teacher",
    "phone": "",
    "profile_photo": "",
    "etablissement": 7,
    "groups": [],
    "user_permissions": []
  }
},
{
  "model": "accounts.user",
  "pk": 35,
  "fields": {
    "password": "pbkdf2_sha256$870000$pS3Y6UVkcGyNsA0II8NDgF$dz51cST75ud+FMja7GnSLee8tCma4h8kHsEuoXouliw=",
    "last_login": null,
    "is_superuser": false,
    "username": "lobk_teacher02",
    "first_name": "Enseignant",
    "last_name": "LOBK 02",
    "email": "lobk_teacher02@example.com",
    "is_staff": false,
    "is_active": true,
    "date_joined": "2026-03-24T18:40:32.398Z",
    "role": "teacher",
    "phone": "",
    "profile_photo": "",
    "etablissement": 7,
    "groups": [],
    "user_permissions": []
  }
},
{
  "model": "accounts.user",
  "pk": 36,
  "fields": {
    "password": "pbkdf2_sha256$870000$okjb2WbHcPEej2c0Ps3opA$fAZyCZVwYKJXZJyxbeBRK4PcUrM+/38VFruLn6NwBOw=",
    "last_login": null,
    "is_superuser": false,
    "username": "lobk_teacher03",
    "first_name": "Enseignant",
    "last_name": "LOBK 03",
    "email": "lobk_teacher03@example.com",
    "is_staff": false,
    "is_active": true,
    "date_joined": "2026-03-24T18:40:32.777Z",
    "role": "teacher",
    "phone": "",
    "profile_photo": "",
    "etablissement": 7,
    "groups": [],
    "user_permissions": []
  }
},
{
  "model": "accounts.user",
  "pk": 37,
  "fields": {
    "password": "pbkdf2_sha256$870000$swodgHcjMq7VkPM9lrprSw$aTp2qY6ggjXnBQeXjBEgewHykrDTqgeALXPhB4KNAg0=",
    "last_login": null,
    "is_superuser": false,
    "username": "lobk_teacher04",
    "first_name": "Enseignant",
    "last_name": "LOBK 04",
    "email": "lobk_teacher04@example.com",
    "is_staff": false,
    "is_active": true,
    "date_joined": "2026-03-24T18:40:33.124Z",
    "role": "teacher",
    "phone": "",
    "profile_photo": "",
    "etablissement": 7,
    "groups": [],
    "user_permissions": []
  }
},
{
  "model": "accounts.user",
  "pk": 38,
  "fields": {
    "password": "pbkdf2_sha256$870000$geHSgtE72FrRU2j5d6FgTp$Xwfz+lGqNd6Tsdr++wEySSM20uAofmS8ADSwR+cOxoU=",
    "last_login": null,
    "is_superuser": false,
    "username": "lobk_teacher05",
    "first_name": "Enseignant",
    "last_name": "LOBK 05",
    "email": "lobk_teacher05@example.com",
    "is_staff": false,
    "is_active": true,
    "date_joined": "2026-03-24T18:40:33.731Z",
    "role": "teacher",
    "phone": "",
    "profile_photo": "",
    "etablissement": 7,
    "groups": [],
    "user_permissions": []
  }
},
{
  "model": "accounts.user",
  "pk": 39,
  "fields": {
    "password": "pbkdf2_sha256$870000$qpR4MaY87wELOGxAh2OhXJ$jv3bVPeCIwLJgX4m1Yg/KU8DefOutunj3VDD4Gs6hXI=",
    "last_login": null,
    "is_superuser": false,
    "username": "lobk_teacher06",
    "first_name": "Enseignant",
    "last_name": "LOBK 06",
    "email": "lobk_teacher06@example.com",
    "is_staff": false,
    "is_active": true,
    "date_joined": "2026-03-24T18:40:34.110Z",
    "role": "teacher",
    "phone": "",
    "profile_photo": "",
    "etablissement": 7,
    "groups": [],
    "user_permissions": []
  }
},
{
  "model": "accounts.user",
  "pk": 40,
  "fields": {
    "password": "pbkdf2_sha256$870000$yT71HKqKT5qmItUfEERrNV$hLrX6EM1VMPM+tnWw6+00/8Tz52EKrM9+se1J61SK2I=",
    "last_login": null,
    "is_superuser": false,
    "username": "lobk_teacher07",
    "first_name": "Enseignant",
    "last_name": "LOBK 07",
    "email": "lobk_teacher07@example.com",
    "is_staff": false,
    "is_active": true,
    "date_joined": "2026-03-24T18:40:34.413Z",
    "role": "teacher",
    "phone": "",
    "profile_photo": "",
    "etablissement": 7,
    "groups": [],
    "user_permissions": []
  }
},
{
  "model": "accounts.user",
  "pk": 41,
  "fields": {
    "password": "pbkdf2_sha256$870000$NUWWuPn6EBA0TQQP9V2Nut$Q4JX8tFjbVGQKKPbeWxmyXLbOzJ7Xa734bvpLmxzwqA=",
    "last_login": null,
    "is_superuser": false,
    "username": "lobk_teacher08",
    "first_name": "Enseignant",
    "last_name": "LOBK 08",
    "email": "lobk_teacher08@example.com",
    "is_staff": false,
    "is_active": true,
    "date_joined": "2026-03-24T18:40:34.703Z",
    "role": "teacher",
    "phone": "",
    "profile_photo": "",
    "etablissement": 7,
    "groups": [],
    "user_permissions": []
  }
},
{
  "model": "accounts.user",
  "pk": 42,
  "fields": {
    "password": "pbkdf2_sha256$870000$vS6C5EvNE0lgQ6KL4LRTX0$mYqN7AAMal68WOdSQEzIVcHg3i3i+FOG48pvoQ2U6Mw=",
    "last_login": null,
    "is_superuser": false,
    "username": "lobk_teacher09",
    "first_name": "Enseignant",
    "last_name": "LOBK 09",
    "email": "lobk_teacher09@example.com",
    "is_staff": false,
    "is_active": true,
    "date_joined": "2026-03-24T18:40:34.905Z",
    "role": "teacher",
    "phone": "",
    "profile_photo": "",
    "etablissement": 7,
    "groups": [],
    "user_permissions": []
  }
},
{
  "model": "accounts.user",
  "pk": 43,
  "fields": {
    "password": "pbkdf2_sha256$870000$uZ1HSvsaB4LMQ4va9bKkG9$ML5EvJhrhYCjdnYWPRhbj6W7GshAODipNSQIOC6kBEs=",
    "last_login": null,
    "is_superuser": false,
    "username": "lobk_teacher10",
    "first_name": "Enseignant",
    "last_name": "LOBK 10",
    "email": "lobk_teacher10@example.com",
    "is_staff": false,
    "is_active": true,
    "date_joined": "2026-03-24T18:40:35.040Z",
    "role": "teacher",
    "phone": "",
    "profile_photo": "",
    "etablissement": 7,
    "groups": [],
    "user_permissions": []
  }
},
{
  "model": "accounts.user",
  "pk": 44,
  "fields": {
    "password": "pbkdf2_sha256$870000$ypSQ8HS4YOqCd6RNKCLXmW$L7ODPKoeN9BlOFm+osFtOwr3x57hZh610RpsL4IH66E=",
    "last_login": null,
    "is_superuser": false,
    "username": "stu_e3_c23_001",
    "first_name": "AMINATA",
    "last_name": "COULIBALY",
    "email": "aminatacoulibaly@gestion.school",
    "is_staff": false,
    "is_active": true,
    "date_joined": "2026-03-25T09:46:24.490Z",
    "role": "student",
    "phone": "78 90 00 98",
    "profile_photo": "",
    "etablissement": 3,
    "groups": [],
    "user_permissions": []
  }
},
{
  "model": "accounts.user",
  "pk": 45,
  "fields": {
    "password": "pbkdf2_sha256$870000$Fc8Kfp5iZV29OR7E0h6wsM$Qhy3gGewdCp8FZULrf1Wn/18XFdcnTP8DfeKnOjP7tw=",
    "last_login": null,
    "is_superuser": false,
    "username": "stu_e3_c23_002",
    "first_name": "Eleve02",
    "last_name": "1èreAnnéeEM1",
    "email": "stu_e3_c23_002@gestion.school",
    "is_staff": false,
    "is_active": true,
    "date_joined": "2026-03-25T09:46:27.788Z",
    "role": "student",
    "phone": "79999999",
    "profile_photo": "",
    "etablissement": 3,
    "groups": [],
    "user_permissions": []
  }
},
{
  "model": "accounts.user",
  "pk": 46,
  "fields": {
    "password": "pbkdf2_sha256$870000$fzzRnktnRvW7GK96nBz30I$LOTXo4sWCAGKKduC1TPFqjZMm5SaaYur149qTWZfdaQ=",
    "last_login": null,
    "is_superuser": false,
    "username": "stu_e3_c23_003",
    "first_name": "Eleve03",
    "last_name": "1èreAnnéeEM1",
    "email": "stu_e3_c23_003@gestion.school",
    "is_staff": false,
    "is_active": true,
    "date_joined": "2026-03-25T09:46:28.336Z",
    "role": "student",
    "phone": "",
    "profile_photo": "",
    "etablissement": 3,
    "groups": [],
    "user_permissions": []
  }
},
{
  "model": "accounts.user",
  "pk": 47,
  "fields": {
    "password": "pbkdf2_sha256$870000$YNWwRljA85ha0jFlGx4ytV$gXAjAQ/YRkROM7JXdz4GWFH+j4yeFWdHxoJeyzt4INQ=",
    "last_login": null,
    "is_superuser": false,
    "username": "stu_e3_c23_004",
    "first_name": "Eleve04",
    "last_name": "1èreAnnéeEM1",
    "email": "stu_e3_c23_004@gestion.school",
    "is_staff": false,
    "is_active": true,
    "date_joined": "2026-03-25T09:46:28.908Z",
    "role": "student",
    "phone": "",
    "profile_photo": "",
    "etablissement": 3,
    "groups": [],
    "user_permissions": []
  }
},
{
  "model": "accounts.user",
  "pk": 48,
  "fields": {
    "password": "pbkdf2_sha256$870000$6HaHKUGILfHsRCN2gOUk20$oLAI1+fCGyggyFhtjIimULnwfapgFw0uQtCcK2DitXU=",
    "last_login": null,
    "is_superuser": false,
    "username": "stu_e3_c23_005",
    "first_name": "Eleve05",
    "last_name": "1èreAnnéeEM1",
    "email": "stu_e3_c23_005@gestion.school",
    "is_staff": false,
    "is_active": true,
    "date_joined": "2026-03-25T09:46:29.459Z",
    "role": "student",
    "phone": "",
    "profile_photo": "",
    "etablissement": 3,
    "groups": [],
    "user_permissions": []
  }
},
{
  "model": "accounts.user",
  "pk": 49,
  "fields": {
    "password": "pbkdf2_sha256$870000$Cu5H6lySBe2H2TqqRdumrM$lIDrLWRMH8HL9nQHp1+v3L14tn9Sqyi/PFk2c6Hg1WM=",
    "last_login": null,
    "is_superuser": false,
    "username": "stu_e3_c23_006",
    "first_name": "Eleve06",
    "last_name": "1èreAnnéeEM1",
    "email": "stu_e3_c23_006@gestion.school",
    "is_staff": false,
    "is_active": true,
    "date_joined": "2026-03-25T09:46:29.970Z",
    "role": "student",
    "phone": "",
    "profile_photo": "",
    "etablissement": 3,
    "groups": [],
    "user_permissions": []
  }
},
{
  "model": "accounts.user",
  "pk": 50,
  "fields": {
    "password": "pbkdf2_sha256$870000$ArM89FTJ7EVaGm1WB1ybmi$lh9oMWeF+Br979Iq5Ih4nnR2YK9Y16D9+3cip++aFWM=",
    "last_login": null,
    "is_superuser": false,
    "username": "stu_e3_c23_007",
    "first_name": "Eleve07",
    "last_name": "1èreAnnéeEM1",
    "email": "stu_e3_c23_007@gestion.school",
    "is_staff": false,
    "is_active": true,
    "date_joined": "2026-03-25T09:46:30.423Z",
    "role": "student",
    "phone": "",
    "profile_photo": "",
    "etablissement": 3,
    "groups": [],
    "user_permissions": []
  }
},
{
  "model": "accounts.user",
  "pk": 51,
  "fields": {
    "password": "pbkdf2_sha256$870000$6VWFNzQUwLlMKQRUqqoKSD$DA/Yg8bOQqG4CudZmFYobwxZJrbBHUIkTj+AOZKvefk=",
    "last_login": null,
    "is_superuser": false,
    "username": "stu_e3_c23_008",
    "first_name": "Eleve08",
    "last_name": "1èreAnnéeEM1",
    "email": "stu_e3_c23_008@gestion.school",
    "is_staff": false,
    "is_active": true,
    "date_joined": "2026-03-25T09:46:30.908Z",
    "role": "student",
    "phone": "",
    "profile_photo": "",
    "etablissement": 3,
    "groups": [],
    "user_permissions": []
  }
},
{
  "model": "accounts.user",
  "pk": 52,
  "fields": {
    "password": "pbkdf2_sha256$870000$Btro1EEm0d5o05wv8U3i0m$aQf+Rz8RPYC4ipsjgx5Mko+UvTiv1YF6LqFPpy8xJUI=",
    "last_login": null,
    "is_superuser": false,
    "username": "stu_e3_c23_009",
    "first_name": "Eleve09",
    "last_name": "1èreAnnéeEM1",
    "email": "stu_e3_c23_009@gestion.school",
    "is_staff": false,
    "is_active": true,
    "date_joined": "2026-03-25T09:46:31.370Z",
    "role": "student",
    "phone": "",
    "profile_photo": "",
    "etablissement": 3,
    "groups": [],
    "user_permissions": []
  }
},
{
  "model": "accounts.user",
  "pk": 53,
  "fields": {
    "password": "pbkdf2_sha256$870000$RUFn1Y0ERXTW4VPAChoqle$VD5ucKbDOOtiy3pyV6KK4u2dbgGXR1dQuSumj0Ceq/Q=",
    "last_login": null,
    "is_superuser": false,
    "username": "stu_e3_c23_010",
    "first_name": "Eleve10",
    "last_name": "1èreAnnéeEM1",
    "email": "stu_e3_c23_010@gestion.school",
    "is_staff": false,
    "is_active": true,
    "date_joined": "2026-03-25T09:46:31.825Z",
    "role": "student",
    "phone": "",
    "profile_photo": "",
    "etablissement": 3,
    "groups": [],
    "user_permissions": []
  }
},
{
  "model": "accounts.user",
  "pk": 54,
  "fields": {
    "password": "pbkdf2_sha256$870000$7h6rf30TAVXIwjFul9Hz6p$7EBe3FJKWlCQ0Oj6+rkfc4WiKs9RtO+YzUlhYwthfNs=",
    "last_login": null,
    "is_superuser": false,
    "username": "stu_e3_c24_001",
    "first_name": "Eleve01",
    "last_name": "1èreAnnéeEM2",
    "email": "stu_e3_c24_001@gestion.school",
    "is_staff": false,
    "is_active": true,
    "date_joined": "2026-03-25T09:46:32.277Z",
    "role": "student",
    "phone": "",
    "profile_photo": "",
    "etablissement": 3,
    "groups": [],
    "user_permissions": []
  }
},
{
  "model": "accounts.user",
  "pk": 55,
  "fields": {
    "password": "pbkdf2_sha256$870000$u1OOw1C2qBkbqZuYVIDwkw$ODUltjPEdexnoa9Mw+Wz9bKK5YbTvNCY9ij2+LXF+i4=",
    "last_login": null,
    "is_superuser": false,
    "username": "stu_e3_c24_002",
    "first_name": "Eleve02",
    "last_name": "1èreAnnéeEM2",
    "email": "stu_e3_c24_002@gestion.school",
    "is_staff": false,
    "is_active": true,
    "date_joined": "2026-03-25T09:46:32.778Z",
    "role": "student",
    "phone": "",
    "profile_photo": "",
    "etablissement": 3,
    "groups": [],
    "user_permissions": []
  }
},
{
  "model": "accounts.user",
  "pk": 56,
  "fields": {
    "password": "pbkdf2_sha256$870000$mzaCVVH5G53P66hoX01qBg$K6S3hBmDq0jfdajLOZU3eUJX4vJwXjv5FF/i+wauj70=",
    "last_login": null,
    "is_superuser": false,
    "username": "stu_e3_c24_003",
    "first_name": "Eleve03",
    "last_name": "1èreAnnéeEM2",
    "email": "stu_e3_c24_003@gestion.school",
    "is_staff": false,
    "is_active": true,
    "date_joined": "2026-03-25T09:46:33.232Z",
    "role": "student",
    "phone": "",
    "profile_photo": "",
    "etablissement": 3,
    "groups": [],
    "user_permissions": []
  }
},
{
  "model": "accounts.user",
  "pk": 57,
  "fields": {
    "password": "pbkdf2_sha256$870000$vJt7m3gdl4rDFdfBZRFENI$c/hSOsj0Yb7Tu1VXRXLPIp2I01IkIV/tNOa3sSwmV2o=",
    "last_login": null,
    "is_superuser": false,
    "username": "stu_e3_c24_004",
    "first_name": "Eleve04",
    "last_name": "1èreAnnéeEM2",
    "email": "stu_e3_c24_004@gestion.school",
    "is_staff": false,
    "is_active": true,
    "date_joined": "2026-03-25T09:46:33.732Z",
    "role": "student",
    "phone": "",
    "profile_photo": "",
    "etablissement": 3,
    "groups": [],
    "user_permissions": []
  }
},
{
  "model": "accounts.user",
  "pk": 58,
  "fields": {
    "password": "pbkdf2_sha256$870000$fVMvEsbS85B7DJG5lVDKGN$v6+LgqbTVvKrBGNQ2jIm6QoxLmY+CGGmce/Hr8np7W4=",
    "last_login": null,
    "is_superuser": false,
    "username": "stu_e3_c24_005",
    "first_name": "Eleve05",
    "last_name": "1èreAnnéeEM2",
    "email": "stu_e3_c24_005@gestion.school",
    "is_staff": false,
    "is_active": true,
    "date_joined": "2026-03-25T09:46:34.197Z",
    "role": "student",
    "phone": "",
    "profile_photo": "",
    "etablissement": 3,
    "groups": [],
    "user_permissions": []
  }
},
{
  "model": "accounts.user",
  "pk": 59,
  "fields": {
    "password": "pbkdf2_sha256$870000$yA56TmRTzeL1Ws1kC3U2dN$02itZo3r5mZoz7EPGBxcPcppKnNHVCYIwmmloKcRTGs=",
    "last_login": null,
    "is_superuser": false,
    "username": "stu_e3_c24_006",
    "first_name": "Eleve06",
    "last_name": "1èreAnnéeEM2",
    "email": "stu_e3_c24_006@gestion.school",
    "is_staff": false,
    "is_active": true,
    "date_joined": "2026-03-25T09:46:35.046Z",
    "role": "student",
    "phone": "",
    "profile_photo": "",
    "etablissement": 3,
    "groups": [],
    "user_permissions": []
  }
},
{
  "model": "accounts.user",
  "pk": 60,
  "fields": {
    "password": "pbkdf2_sha256$870000$0Ez33yNPWiPFgi4nPnIyL4$C08EnP5O9Do8Mp0PiBG+U0/dElX8/HpjYbYDFOXHdkM=",
    "last_login": null,
    "is_superuser": false,
    "username": "stu_e3_c24_007",
    "first_name": "Eleve07",
    "last_name": "1èreAnnéeEM2",
    "email": "stu_e3_c24_007@gestion.school",
    "is_staff": false,
    "is_active": true,
    "date_joined": "2026-03-25T09:46:35.559Z",
    "role": "student",
    "phone": "",
    "profile_photo": "",
    "etablissement": 3,
    "groups": [],
    "user_permissions": []
  }
},
{
  "model": "accounts.user",
  "pk": 61,
  "fields": {
    "password": "pbkdf2_sha256$870000$7neI3pSaXduoo9wPmXp2zI$j3faRVQDC8V2VGmznWync7maazvFunGBe/8i3f54Z58=",
    "last_login": null,
    "is_superuser": false,
    "username": "stu_e3_c24_008",
    "first_name": "Eleve08",
    "last_name": "1èreAnnéeEM2",
    "email": "stu_e3_c24_008@gestion.school",
    "is_staff": false,
    "is_active": true,
    "date_joined": "2026-03-25T09:46:36.073Z",
    "role": "student",
    "phone": "",
    "profile_photo": "",
    "etablissement": 3,
    "groups": [],
    "user_permissions": []
  }
},
{
  "model": "accounts.user",
  "pk": 62,
  "fields": {
    "password": "pbkdf2_sha256$870000$VayKe38f1eLQF5eCOWwJL8$6wWzhrcMNSqyLGq+fRHeGEK+GbRC0vmsrSCh+b172SM=",
    "last_login": null,
    "is_superuser": false,
    "username": "stu_e3_c24_009",
    "first_name": "Eleve09",
    "last_name": "1èreAnnéeEM2",
    "email": "stu_e3_c24_009@gestion.school",
    "is_staff": false,
    "is_active": true,
    "date_joined": "2026-03-25T09:46:36.628Z",
    "role": "student",
    "phone": "",
    "profile_photo": "",
    "etablissement": 3,
    "groups": [],
    "user_permissions": []
  }
},
{
  "model": "accounts.user",
  "pk": 63,
  "fields": {
    "password": "pbkdf2_sha256$870000$sGTjDNzOdt0obuoKp9uHjV$C/T7DW028GuHKBHEx5GXr49sYdJsmWWrY2oI2yQ1/TU=",
    "last_login": null,
    "is_superuser": false,
    "username": "stu_e3_c24_010",
    "first_name": "Eleve10",
    "last_name": "1èreAnnéeEM2",
    "email": "stu_e3_c24_010@gestion.school",
    "is_staff": false,
    "is_active": true,
    "date_joined": "2026-03-25T09:46:37.147Z",
    "role": "student",
    "phone": "",
    "profile_photo": "",
    "etablissement": 3,
    "groups": [],
    "user_permissions": []
  }
},
{
  "model": "accounts.user",
  "pk": 64,
  "fields": {
    "password": "pbkdf2_sha256$870000$ZWLQGfNDyxGZOjNVucm3Yv$pM/MYfEQiRVGq2a1dbnH0eDRXTlagRyU29b7tnqLN1A=",
    "last_login": null,
    "is_superuser": false,
    "username": "stu_e7_c7_001",
    "first_name": "Eleve01",
    "last_name": "10èmeCG1",
    "email": "stu_e7_c7_001@gestion.school",
    "is_staff": false,
    "is_active": true,
    "date_joined": "2026-03-25T09:46:37.660Z",
    "role": "student",
    "phone": "",
    "profile_photo": "",
    "etablissement": 7,
    "groups": [],
    "user_permissions": []
  }
},
{
  "model": "accounts.user",
  "pk": 65,
  "fields": {
    "password": "pbkdf2_sha256$870000$CIIrQeH9J5ulAIlnfE7uhJ$cAVZwnz4tOQlG3HNxqLBud4giX2jwz+EfGOupdD2m6U=",
    "last_login": null,
    "is_superuser": false,
    "username": "stu_e7_c7_002",
    "first_name": "Eleve02",
    "last_name": "10èmeCG1",
    "email": "stu_e7_c7_002@gestion.school",
    "is_staff": false,
    "is_active": true,
    "date_joined": "2026-03-25T09:46:38.192Z",
    "role": "student",
    "phone": "",
    "profile_photo": "",
    "etablissement": 7,
    "groups": [],
    "user_permissions": []
  }
},
{
  "model": "accounts.user",
  "pk": 66,
  "fields": {
    "password": "pbkdf2_sha256$870000$pPX8QS3X3AJZuFcfCEU5Ab$j88deLSfMFiSEcnhzZ4dTL3iBjLmt+PEPVwxQYCkh14=",
    "last_login": null,
    "is_superuser": false,
    "username": "stu_e7_c7_003",
    "first_name": "Eleve03",
    "last_name": "10èmeCG1",
    "email": "stu_e7_c7_003@gestion.school",
    "is_staff": false,
    "is_active": true,
    "date_joined": "2026-03-25T09:46:38.744Z",
    "role": "student",
    "phone": "",
    "profile_photo": "",
    "etablissement": 7,
    "groups": [],
    "user_permissions": []
  }
},
{
  "model": "accounts.user",
  "pk": 67,
  "fields": {
    "password": "pbkdf2_sha256$870000$vNv9Yn1ycSHnwrqH8fZB30$uUerdnjBeHKGyATfm9CqYCJekeKrRtQlSTZyMiP+PDM=",
    "last_login": null,
    "is_superuser": false,
    "username": "stu_e7_c7_004",
    "first_name": "Eleve04",
    "last_name": "10èmeCG1",
    "email": "stu_e7_c7_004@gestion.school",
    "is_staff": false,
    "is_active": true,
    "date_joined": "2026-03-25T09:46:39.249Z",
    "role": "student",
    "phone": "",
    "profile_photo": "",
    "etablissement": 7,
    "groups": [],
    "user_permissions": []
  }
},
{
  "model": "accounts.user",
  "pk": 68,
  "fields": {
    "password": "pbkdf2_sha256$870000$ZJOUApUHf4ACUu70MzhblA$cGxKqgLohOgyO3CH3J3H2SjbwxU2DyyvptHdwuOjOWo=",
    "last_login": null,
    "is_superuser": false,
    "username": "stu_e7_c7_005",
    "first_name": "Eleve05",
    "last_name": "10èmeCG1",
    "email": "stu_e7_c7_005@gestion.school",
    "is_staff": false,
    "is_active": true,
    "date_joined": "2026-03-25T09:46:39.761Z",
    "role": "student",
    "phone": "",
    "profile_photo": "",
    "etablissement": 7,
    "groups": [],
    "user_permissions": []
  }
},
{
  "model": "accounts.user",
  "pk": 69,
  "fields": {
    "password": "pbkdf2_sha256$870000$uYZ7vggMON5WaZws8jEWS4$ky2juvbgk/HeupPWeyJ18aCjE57OwRumnifdmiuIlOQ=",
    "last_login": null,
    "is_superuser": false,
    "username": "stu_e7_c7_006",
    "first_name": "Eleve06",
    "last_name": "10èmeCG1",
    "email": "stu_e7_c7_006@gestion.school",
    "is_staff": false,
    "is_active": true,
    "date_joined": "2026-03-25T09:46:40.269Z",
    "role": "student",
    "phone": "",
    "profile_photo": "",
    "etablissement": 7,
    "groups": [],
    "user_permissions": []
  }
},
{
  "model": "accounts.user",
  "pk": 70,
  "fields": {
    "password": "pbkdf2_sha256$870000$kvVYvQSDM3HmaLVozSMMBe$dE69ID59vJK3mW2CZbGZ6qF84nCqrKvB5Rljq2IRANc=",
    "last_login": null,
    "is_superuser": false,
    "username": "stu_e7_c7_007",
    "first_name": "Eleve07",
    "last_name": "10èmeCG1",
    "email": "stu_e7_c7_007@gestion.school",
    "is_staff": false,
    "is_active": true,
    "date_joined": "2026-03-25T09:46:40.869Z",
    "role": "student",
    "phone": "",
    "profile_photo": "",
    "etablissement": 7,
    "groups": [],
    "user_permissions": []
  }
},
{
  "model": "accounts.user",
  "pk": 71,
  "fields": {
    "password": "pbkdf2_sha256$870000$hEGhvjxNoQYfdUbrAd9efF$mnoqNTiuGPZcVtPWrmT0YuQDx2mDyqU45978oUt4mw8=",
    "last_login": null,
    "is_superuser": false,
    "username": "stu_e7_c7_008",
    "first_name": "Eleve08",
    "last_name": "10èmeCG1",
    "email": "stu_e7_c7_008@gestion.school",
    "is_staff": false,
    "is_active": true,
    "date_joined": "2026-03-25T09:46:41.403Z",
    "role": "student",
    "phone": "",
    "profile_photo": "",
    "etablissement": 7,
    "groups": [],
    "user_permissions": []
  }
},
{
  "model": "accounts.user",
  "pk": 72,
  "fields": {
    "password": "pbkdf2_sha256$870000$5J42DUts6GbNBKIWNbmEpj$1rm9DJLdJxO2ksbNwwl9qTohLJ83s4Omhzd4BXiQCCc=",
    "last_login": null,
    "is_superuser": false,
    "username": "stu_e7_c7_009",
    "first_name": "Eleve09",
    "last_name": "10èmeCG1",
    "email": "stu_e7_c7_009@gestion.school",
    "is_staff": false,
    "is_active": true,
    "date_joined": "2026-03-25T09:46:41.917Z",
    "role": "student",
    "phone": "",
    "profile_photo": "",
    "etablissement": 7,
    "groups": [],
    "user_permissions": []
  }
},
{
  "model": "accounts.user",
  "pk": 73,
  "fields": {
    "password": "pbkdf2_sha256$870000$kXJjG7RN6UaUMs3Q7ybcQX$r6Vwj6Zgf1xOVj6Mp86H1BlbG06O7u5ld91g+tNFdfY=",
    "last_login": null,
    "is_superuser": false,
    "username": "stu_e7_c7_010",
    "first_name": "Eleve10",
    "last_name": "10èmeCG1",
    "email": "stu_e7_c7_010@gestion.school",
    "is_staff": false,
    "is_active": true,
    "date_joined": "2026-03-25T09:46:42.430Z",
    "role": "student",
    "phone": "",
    "profile_photo": "",
    "etablissement": 7,
    "groups": [],
    "user_permissions": []
  }
},
{
  "model": "accounts.user",
  "pk": 74,
  "fields": {
    "password": "pbkdf2_sha256$870000$j7gZO9K7FyWd9SWRnvUlg2$+BxiZqcyQJct5fyLz+AxbR3FMH/sxoqfBXitekZsLGo=",
    "last_login": null,
    "is_superuser": false,
    "username": "stu_e7_c8_001",
    "first_name": "Eleve01",
    "last_name": "10èmeCG2",
    "email": "stu_e7_c8_001@gestion.school",
    "is_staff": false,
    "is_active": true,
    "date_joined": "2026-03-25T09:46:42.937Z",
    "role": "student",
    "phone": "",
    "profile_photo": "",
    "etablissement": 7,
    "groups": [],
    "user_permissions": []
  }
},
{
  "model": "accounts.user",
  "pk": 75,
  "fields": {
    "password": "pbkdf2_sha256$870000$F3knfGGYNVWG3mxjCbKQqC$owXrxSGp1bNfjrVHCaQcQi3rKJL8AZV/2nVxVw8B+qI=",
    "last_login": null,
    "is_superuser": false,
    "username": "stu_e7_c8_002",
    "first_name": "Eleve02",
    "last_name": "10èmeCG2",
    "email": "stu_e7_c8_002@gestion.school",
    "is_staff": false,
    "is_active": true,
    "date_joined": "2026-03-25T09:46:43.446Z",
    "role": "student",
    "phone": "",
    "profile_photo": "",
    "etablissement": 7,
    "groups": [],
    "user_permissions": []
  }
},
{
  "model": "accounts.user",
  "pk": 76,
  "fields": {
    "password": "pbkdf2_sha256$870000$YAlX4LODhVPW2bhXZQKpPE$JwQ6m5UINKIn9/nM4GVVTBsjbPTFHBjRfOsNHpMN0oc=",
    "last_login": null,
    "is_superuser": false,
    "username": "stu_e7_c8_003",
    "first_name": "Eleve03",
    "last_name": "10èmeCG2",
    "email": "stu_e7_c8_003@gestion.school",
    "is_staff": false,
    "is_active": true,
    "date_joined": "2026-03-25T09:46:43.969Z",
    "role": "student",
    "phone": "",
    "profile_photo": "",
    "etablissement": 7,
    "groups": [],
    "user_permissions": []
  }
},
{
  "model": "accounts.user",
  "pk": 77,
  "fields": {
    "password": "pbkdf2_sha256$870000$pSt8py4mTfu3C4nqJ4WdnW$gOWJQnl9kFUPzm/VnIkRnL608/GaGBcAhHswBcspHKc=",
    "last_login": null,
    "is_superuser": false,
    "username": "stu_e7_c8_004",
    "first_name": "Eleve04",
    "last_name": "10èmeCG2",
    "email": "stu_e7_c8_004@gestion.school",
    "is_staff": false,
    "is_active": true,
    "date_joined": "2026-03-25T09:46:44.478Z",
    "role": "student",
    "phone": "",
    "profile_photo": "",
    "etablissement": 7,
    "groups": [],
    "user_permissions": []
  }
},
{
  "model": "accounts.user",
  "pk": 78,
  "fields": {
    "password": "pbkdf2_sha256$870000$luF4dGktHhmJ3MJmrvHie6$vB/udm2Ss+jbP6J+UE0Pj0CyR4N20xHkjmS05QQYbIo=",
    "last_login": null,
    "is_superuser": false,
    "username": "stu_e7_c8_005",
    "first_name": "Eleve05",
    "last_name": "10èmeCG2",
    "email": "stu_e7_c8_005@gestion.school",
    "is_staff": false,
    "is_active": true,
    "date_joined": "2026-03-25T09:46:45.228Z",
    "role": "student",
    "phone": "",
    "profile_photo": "",
    "etablissement": 7,
    "groups": [],
    "user_permissions": []
  }
},
{
  "model": "accounts.user",
  "pk": 79,
  "fields": {
    "password": "pbkdf2_sha256$870000$ulB4v0uvepKAaeM2OoAJQU$rawB+nroaTS8ATc26uKXqhmiO+Tu24lKeqtJAMoPbvU=",
    "last_login": null,
    "is_superuser": false,
    "username": "stu_e7_c8_006",
    "first_name": "Eleve06",
    "last_name": "10èmeCG2",
    "email": "stu_e7_c8_006@gestion.school",
    "is_staff": false,
    "is_active": true,
    "date_joined": "2026-03-25T09:46:45.732Z",
    "role": "student",
    "phone": "",
    "profile_photo": "",
    "etablissement": 7,
    "groups": [],
    "user_permissions": []
  }
},
{
  "model": "accounts.user",
  "pk": 80,
  "fields": {
    "password": "pbkdf2_sha256$870000$dhRGMv95fGGiXHdQMWFnt9$ixIGdFGclKeo5YWEyHNPeqvkBLKeUknG3tdBZ1/nZ1w=",
    "last_login": null,
    "is_superuser": false,
    "username": "stu_e7_c8_007",
    "first_name": "Eleve07",
    "last_name": "10èmeCG2",
    "email": "stu_e7_c8_007@gestion.school",
    "is_staff": false,
    "is_active": true,
    "date_joined": "2026-03-25T09:46:46.243Z",
    "role": "student",
    "phone": "",
    "profile_photo": "",
    "etablissement": 7,
    "groups": [],
    "user_permissions": []
  }
},
{
  "model": "accounts.user",
  "pk": 81,
  "fields": {
    "password": "pbkdf2_sha256$870000$9D7csGiCdGVIqunY6BS5ab$0ioY6xOTIoTkJ+MhcEM31YU/21djnnfL3ggAN8+pNzU=",
    "last_login": null,
    "is_superuser": false,
    "username": "stu_e7_c8_008",
    "first_name": "Eleve08",
    "last_name": "10èmeCG2",
    "email": "stu_e7_c8_008@gestion.school",
    "is_staff": false,
    "is_active": true,
    "date_joined": "2026-03-25T09:46:46.711Z",
    "role": "student",
    "phone": "",
    "profile_photo": "",
    "etablissement": 7,
    "groups": [],
    "user_permissions": []
  }
},
{
  "model": "accounts.user",
  "pk": 82,
  "fields": {
    "password": "pbkdf2_sha256$870000$RyFhEpdmbEYI3AvsYo0E42$gheEFM7i8j2YOpjVq2ZOaACvnZu5sQ4d1DEcsTLPvXg=",
    "last_login": null,
    "is_superuser": false,
    "username": "stu_e7_c8_009",
    "first_name": "Eleve09",
    "last_name": "10èmeCG2",
    "email": "stu_e7_c8_009@gestion.school",
    "is_staff": false,
    "is_active": true,
    "date_joined": "2026-03-25T09:46:47.298Z",
    "role": "student",
    "phone": "",
    "profile_photo": "",
    "etablissement": 7,
    "groups": [],
    "user_permissions": []
  }
},
{
  "model": "accounts.user",
  "pk": 83,
  "fields": {
    "password": "pbkdf2_sha256$870000$rIP1vmkKG1C1bs34ZytNpR$KC+Mvn/zSogbRmHrMU6F0lDln6z4aLzB32NljFcY0ho=",
    "last_login": null,
    "is_superuser": false,
    "username": "stu_e7_c8_010",
    "first_name": "Eleve10",
    "last_name": "10èmeCG2",
    "email": "stu_e7_c8_010@gestion.school",
    "is_staff": false,
    "is_active": true,
    "date_joined": "2026-03-25T09:46:47.818Z",
    "role": "student",
    "phone": "",
    "profile_photo": "",
    "etablissement": 7,
    "groups": [],
    "user_permissions": []
  }
},
{
  "model": "accounts.user",
  "pk": 84,
  "fields": {
    "password": "pbkdf2_sha256$870000$AM2FDhjirKOIi0w1liR0sz$UlOteyiMHGWZ6kG1DguRgcntORMArPYSAI2OodhmOLg=",
    "last_login": null,
    "is_superuser": false,
    "username": "stu_e7_c44_001",
    "first_name": "Eleve01",
    "last_name": "CG1",
    "email": "stu_e7_c44_001@gestion.school",
    "is_staff": false,
    "is_active": true,
    "date_joined": "2026-03-25T09:46:48.400Z",
    "role": "student",
    "phone": "",
    "profile_photo": "",
    "etablissement": 7,
    "groups": [],
    "user_permissions": []
  }
},
{
  "model": "accounts.user",
  "pk": 85,
  "fields": {
    "password": "pbkdf2_sha256$870000$dCr6VhLz08BdO4a5U7VPL5$jfmC7cx8Wu5EJIRT96BBAj4XUZjSfPFoOXGQ3tXRX08=",
    "last_login": null,
    "is_superuser": false,
    "username": "stu_e7_c44_002",
    "first_name": "Eleve02",
    "last_name": "CG1",
    "email": "stu_e7_c44_002@gestion.school",
    "is_staff": false,
    "is_active": true,
    "date_joined": "2026-03-25T09:46:49.009Z",
    "role": "student",
    "phone": "",
    "profile_photo": "",
    "etablissement": 7,
    "groups": [],
    "user_permissions": []
  }
},
{
  "model": "accounts.user",
  "pk": 86,
  "fields": {
    "password": "pbkdf2_sha256$870000$mzPsNo381dKB4IkKGpnykG$N0Kmfm8KH4ua8PrmLE4JE3mlQaL6BlDQHJ4OQEp23Nc=",
    "last_login": null,
    "is_superuser": false,
    "username": "stu_e7_c44_003",
    "first_name": "Eleve03",
    "last_name": "CG1",
    "email": "stu_e7_c44_003@gestion.school",
    "is_staff": false,
    "is_active": true,
    "date_joined": "2026-03-25T09:46:49.623Z",
    "role": "student",
    "phone": "",
    "profile_photo": "",
    "etablissement": 7,
    "groups": [],
    "user_permissions": []
  }
},
{
  "model": "accounts.user",
  "pk": 87,
  "fields": {
    "password": "pbkdf2_sha256$870000$KOWfAe5a2U3RlwjlVKfE0p$iLONTL5sFquaZxEVtiWQA0Tbn9ATLA+JYZo/0GcBvz4=",
    "last_login": null,
    "is_superuser": false,
    "username": "stu_e7_c44_004",
    "first_name": "Eleve04",
    "last_name": "CG1",
    "email": "stu_e7_c44_004@gestion.school",
    "is_staff": false,
    "is_active": true,
    "date_joined": "2026-03-25T09:46:50.227Z",
    "role": "student",
    "phone": "",
    "profile_photo": "",
    "etablissement": 7,
    "groups": [],
    "user_permissions": []
  }
},
{
  "model": "accounts.user",
  "pk": 88,
  "fields": {
    "password": "pbkdf2_sha256$870000$5bIu2LJEOh0bD1a8kCElS0$gqQsm7Tgxn/vEUJms8aJJIbo5ncqxjGQHT9NpWSh/zI=",
    "last_login": null,
    "is_superuser": false,
    "username": "stu_e7_c44_005",
    "first_name": "Eleve05",
    "last_name": "CG1",
    "email": "stu_e7_c44_005@gestion.school",
    "is_staff": false,
    "is_active": true,
    "date_joined": "2026-03-25T09:46:51.394Z",
    "role": "student",
    "phone": "",
    "profile_photo": "",
    "etablissement": 7,
    "groups": [],
    "user_permissions": []
  }
},
{
  "model": "accounts.user",
  "pk": 89,
  "fields": {
    "password": "pbkdf2_sha256$870000$lK3uKpEGiHlTQ36CNDmQa4$h70TR39RZxGQIFLeAGXnbMVcKOSvZjF7rIlSXq+8X9E=",
    "last_login": null,
    "is_superuser": false,
    "username": "stu_e7_c44_006",
    "first_name": "Eleve06",
    "last_name": "CG1",
    "email": "stu_e7_c44_006@gestion.school",
    "is_staff": false,
    "is_active": true,
    "date_joined": "2026-03-25T09:46:52.010Z",
    "role": "student",
    "phone": "",
    "profile_photo": "",
    "etablissement": 7,
    "groups": [],
    "user_permissions": []
  }
},
{
  "model": "accounts.user",
  "pk": 90,
  "fields": {
    "password": "pbkdf2_sha256$870000$Bh7sypAP21t6q0gEgfMykt$2T5t5KmJoma8SqzZX2SsL4pTryJMgfrMrbBdjvnvu8A=",
    "last_login": null,
    "is_superuser": false,
    "username": "stu_e7_c44_007",
    "first_name": "Eleve07",
    "last_name": "CG1",
    "email": "stu_e7_c44_007@gestion.school",
    "is_staff": false,
    "is_active": true,
    "date_joined": "2026-03-25T09:46:52.613Z",
    "role": "student",
    "phone": "",
    "profile_photo": "",
    "etablissement": 7,
    "groups": [],
    "user_permissions": []
  }
},
{
  "model": "accounts.user",
  "pk": 91,
  "fields": {
    "password": "pbkdf2_sha256$870000$Sq1gn1dpRWDp1BecAW6bWh$kjJqAOz8s9O8+3gzwW/6qAwPU8ABEKGy1vxxo0WADQk=",
    "last_login": null,
    "is_superuser": false,
    "username": "stu_e7_c44_008",
    "first_name": "Eleve08",
    "last_name": "CG1",
    "email": "stu_e7_c44_008@gestion.school",
    "is_staff": false,
    "is_active": true,
    "date_joined": "2026-03-25T09:46:53.228Z",
    "role": "student",
    "phone": "",
    "profile_photo": "",
    "etablissement": 7,
    "groups": [],
    "user_permissions": []
  }
},
{
  "model": "accounts.user",
  "pk": 92,
  "fields": {
    "password": "pbkdf2_sha256$870000$N0Qb7lzU8Uk699chrcDp5g$7rw3Mdd9on0AUQJgq91mHWZJHORm/mBHpYIzeP26x88=",
    "last_login": null,
    "is_superuser": false,
    "username": "stu_e7_c44_009",
    "first_name": "Eleve09",
    "last_name": "CG1",
    "email": "stu_e7_c44_009@gestion.school",
    "is_staff": false,
    "is_active": true,
    "date_joined": "2026-03-25T09:46:53.886Z",
    "role": "student",
    "phone": "",
    "profile_photo": "",
    "etablissement": 7,
    "groups": [],
    "user_permissions": []
  }
},
{
  "model": "accounts.user",
  "pk": 93,
  "fields": {
    "password": "pbkdf2_sha256$870000$UuYHMwJm74NOlNydWHLDq5$URQj781rqPOEEJccZH15k8Gr5SiU8JoJok5U7QEyxdQ=",
    "last_login": null,
    "is_superuser": false,
    "username": "stu_e7_c44_010",
    "first_name": "Eleve10",
    "last_name": "CG1",
    "email": "stu_e7_c44_010@gestion.school",
    "is_staff": false,
    "is_active": true,
    "date_joined": "2026-03-25T09:46:54.476Z",
    "role": "student",
    "phone": "",
    "profile_photo": "",
    "etablissement": 7,
    "groups": [],
    "user_permissions": []
  }
},
{
  "model": "accounts.user",
  "pk": 94,
  "fields": {
    "password": "pbkdf2_sha256$870000$kRCUHvaW40Lne5AJQkJ4pV$k+v8pY2TuEZdS1kfxu3GlkVDOR1DW6ydHxWBXFgGPv4=",
    "last_login": null,
    "is_superuser": false,
    "username": "stu_e7_c45_001",
    "first_name": "Eleve01",
    "last_name": "CG2",
    "email": "stu_e7_c45_001@gestion.school",
    "is_staff": false,
    "is_active": true,
    "date_joined": "2026-03-25T09:46:55.097Z",
    "role": "student",
    "phone": "",
    "profile_photo": "",
    "etablissement": 7,
    "groups": [],
    "user_permissions": []
  }
},
{
  "model": "accounts.user",
  "pk": 95,
  "fields": {
    "password": "pbkdf2_sha256$870000$5kmEg9A8rbBiFM1axcfi6m$niC/jNqUf6N569Zus9jIe8ZWS4kwh/h2Cv2TOlMV6ks=",
    "last_login": null,
    "is_superuser": false,
    "username": "stu_e7_c45_002",
    "first_name": "Eleve02",
    "last_name": "CG2",
    "email": "stu_e7_c45_002@gestion.school",
    "is_staff": false,
    "is_active": true,
    "date_joined": "2026-03-25T09:46:55.819Z",
    "role": "student",
    "phone": "",
    "profile_photo": "",
    "etablissement": 7,
    "groups": [],
    "user_permissions": []
  }
},
{
  "model": "accounts.user",
  "pk": 96,
  "fields": {
    "password": "pbkdf2_sha256$870000$dvXvExm6Z99cwv2iSRtYeL$bwG5lvQKat5k6w7PNzfWwu1xQVqyjwbmcS+OsC2bBXQ=",
    "last_login": null,
    "is_superuser": false,
    "username": "stu_e7_c45_003",
    "first_name": "Eleve03",
    "last_name": "CG2",
    "email": "stu_e7_c45_003@gestion.school",
    "is_staff": false,
    "is_active": true,
    "date_joined": "2026-03-25T09:46:56.295Z",
    "role": "student",
    "phone": "",
    "profile_photo": "",
    "etablissement": 7,
    "groups": [],
    "user_permissions": []
  }
},
{
  "model": "accounts.user",
  "pk": 97,
  "fields": {
    "password": "pbkdf2_sha256$870000$bMG9HqrZ73JqrIui0UWIbR$8u7+qgvNt2CS3UVzQ2akws4h8WIVN0BnF+3mruIFhTA=",
    "last_login": null,
    "is_superuser": false,
    "username": "stu_e7_c45_004",
    "first_name": "Eleve04",
    "last_name": "CG2",
    "email": "stu_e7_c45_004@gestion.school",
    "is_staff": false,
    "is_active": true,
    "date_joined": "2026-03-25T09:46:56.738Z",
    "role": "student",
    "phone": "",
    "profile_photo": "",
    "etablissement": 7,
    "groups": [],
    "user_permissions": []
  }
},
{
  "model": "accounts.user",
  "pk": 98,
  "fields": {
    "password": "pbkdf2_sha256$870000$2jmqOQS7zRG5sAzD4UbREI$ESkK+aRyEldIDYIz7DB/4RPO57LG2V/VizmVyY8hBkA=",
    "last_login": null,
    "is_superuser": false,
    "username": "stu_e7_c45_005",
    "first_name": "Eleve05",
    "last_name": "CG2",
    "email": "stu_e7_c45_005@gestion.school",
    "is_staff": false,
    "is_active": true,
    "date_joined": "2026-03-25T09:46:57.267Z",
    "role": "student",
    "phone": "",
    "profile_photo": "",
    "etablissement": 7,
    "groups": [],
    "user_permissions": []
  }
},
{
  "model": "accounts.user",
  "pk": 99,
  "fields": {
    "password": "pbkdf2_sha256$870000$9LQdT1uIUYizSq9qnq5mbm$dEfspIfd81SfDQ6vgJjfZUygGUAnMET/Pe0B8NjmXAo=",
    "last_login": null,
    "is_superuser": false,
    "username": "stu_e7_c45_006",
    "first_name": "Eleve06",
    "last_name": "CG2",
    "email": "stu_e7_c45_006@gestion.school",
    "is_staff": false,
    "is_active": true,
    "date_joined": "2026-03-25T09:46:57.740Z",
    "role": "student",
    "phone": "",
    "profile_photo": "",
    "etablissement": 7,
    "groups": [],
    "user_permissions": []
  }
},
{
  "model": "accounts.user",
  "pk": 100,
  "fields": {
    "password": "pbkdf2_sha256$870000$IqDWsS45ez5kzocDxdGbq5$4pV38lFrBGgRtqirjADtK/xL5vvBhrLq2N6G+MwioEw=",
    "last_login": null,
    "is_superuser": false,
    "username": "stu_e7_c45_007",
    "first_name": "Eleve07",
    "last_name": "CG2",
    "email": "stu_e7_c45_007@gestion.school",
    "is_staff": false,
    "is_active": true,
    "date_joined": "2026-03-25T09:46:58.234Z",
    "role": "student",
    "phone": "",
    "profile_photo": "",
    "etablissement": 7,
    "groups": [],
    "user_permissions": []
  }
},
{
  "model": "accounts.user",
  "pk": 101,
  "fields": {
    "password": "pbkdf2_sha256$870000$572AyRDtBqpksPJPaT2WTf$bvS2TWioFj+xHwVMrjVfY6OmDQV1iCULLotOwKRh8jo=",
    "last_login": null,
    "is_superuser": false,
    "username": "stu_e7_c45_008",
    "first_name": "Eleve08",
    "last_name": "CG2",
    "email": "stu_e7_c45_008@gestion.school",
    "is_staff": false,
    "is_active": true,
    "date_joined": "2026-03-25T09:46:58.840Z",
    "role": "student",
    "phone": "",
    "profile_photo": "",
    "etablissement": 7,
    "groups": [],
    "user_permissions": []
  }
},
{
  "model": "accounts.user",
  "pk": 102,
  "fields": {
    "password": "pbkdf2_sha256$870000$uTKsCoZ1Zq9cCMF8aEMhoD$ftlsAcd+VGXIV7kqY/EBeRb/bFed6PH1iIMZztbQS8U=",
    "last_login": null,
    "is_superuser": false,
    "username": "stu_e7_c45_009",
    "first_name": "Eleve09",
    "last_name": "CG2",
    "email": "stu_e7_c45_009@gestion.school",
    "is_staff": false,
    "is_active": true,
    "date_joined": "2026-03-25T09:46:59.353Z",
    "role": "student",
    "phone": "",
    "profile_photo": "",
    "etablissement": 7,
    "groups": [],
    "user_permissions": []
  }
},
{
  "model": "accounts.user",
  "pk": 103,
  "fields": {
    "password": "pbkdf2_sha256$870000$McIw5LA8uK6ufb13X5mIgm$R5DLf+mvIzUd2+S9qTiOKrXMLzug00wSmYzPrbhd2n0=",
    "last_login": null,
    "is_superuser": false,
    "username": "stu_e7_c45_010",
    "first_name": "Eleve10",
    "last_name": "CG2",
    "email": "stu_e7_c45_010@gestion.school",
    "is_staff": false,
    "is_active": true,
    "date_joined": "2026-03-25T09:46:59.856Z",
    "role": "student",
    "phone": "",
    "profile_photo": "",
    "etablissement": 7,
    "groups": [],
    "user_permissions": []
  }
},
{
  "model": "accounts.user",
  "pk": 104,
  "fields": {
    "password": "pbkdf2_sha256$870000$Go3O7ni9SpvG5vCGvzcGwK$KnOkke3bSQNqOzY+srXLrDpiaW9iKojVkvICbkYqNh8=",
    "last_login": null,
    "is_superuser": false,
    "username": "stu_e3_c23_011",
    "first_name": "ALI",
    "last_name": "KEITA",
    "email": "alikeita@gestion.school",
    "is_staff": false,
    "is_active": true,
    "date_joined": "2026-03-25T09:50:32.622Z",
    "role": "student",
    "phone": "78 12 18 89",
    "profile_photo": "",
    "etablissement": 3,
    "groups": [],
    "user_permissions": []
  }
},
{
  "model": "accounts.user",
  "pk": 105,
  "fields": {
    "password": "pbkdf2_sha256$870000$GAgSOBUgmAKcD2WLvPIFbV$3kTdTZsisrTtwxQXFE4+Ar9kbd2HgCRIIl0ukOnssBI=",
    "last_login": null,
    "is_superuser": false,
    "username": "stu_e3_c23_012",
    "first_name": "Eleve12",
    "last_name": "1èreAnnéeEM1",
    "email": "stu_e3_c23_012@gestion.school",
    "is_staff": false,
    "is_active": true,
    "date_joined": "2026-03-25T09:50:33.282Z",
    "role": "student",
    "phone": "",
    "profile_photo": "",
    "etablissement": 3,
    "groups": [],
    "user_permissions": []
  }
},
{
  "model": "accounts.user",
  "pk": 106,
  "fields": {
    "password": "pbkdf2_sha256$870000$vCQKW9p6es3fWzATgblKrb$e46UcasLHqe8RNQMl3HhlVEaidgxAQ8hee9kOK9qZFA=",
    "last_login": null,
    "is_superuser": false,
    "username": "stu_e3_c23_013",
    "first_name": "Eleve13",
    "last_name": "1èreAnnéeEM1",
    "email": "stu_e3_c23_013@gestion.school",
    "is_staff": false,
    "is_active": true,
    "date_joined": "2026-03-25T09:50:33.833Z",
    "role": "student",
    "phone": "",
    "profile_photo": "",
    "etablissement": 3,
    "groups": [],
    "user_permissions": []
  }
},
{
  "model": "accounts.user",
  "pk": 107,
  "fields": {
    "password": "pbkdf2_sha256$870000$YsWVxC3rLLIObElSugYp7n$VIZvOmJEv2/rxs4hzaI4j2i+oz6n4Jjre5z4GwcyiYY=",
    "last_login": null,
    "is_superuser": false,
    "username": "stu_e3_c23_014",
    "first_name": "Eleve14",
    "last_name": "1èreAnnéeEM1",
    "email": "stu_e3_c23_014@gestion.school",
    "is_staff": false,
    "is_active": true,
    "date_joined": "2026-03-25T09:50:34.395Z",
    "role": "student",
    "phone": "",
    "profile_photo": "",
    "etablissement": 3,
    "groups": [],
    "user_permissions": []
  }
},
{
  "model": "accounts.user",
  "pk": 108,
  "fields": {
    "password": "pbkdf2_sha256$870000$jhNTxO3rUwNDmbcWIdMFJo$5M9nYsAle0dTK15KHmV5qOVke0kPRG14Hmj/NEOnXCc=",
    "last_login": null,
    "is_superuser": false,
    "username": "stu_e3_c23_015",
    "first_name": "Eleve15",
    "last_name": "1èreAnnéeEM1",
    "email": "stu_e3_c23_015@gestion.school",
    "is_staff": false,
    "is_active": true,
    "date_joined": "2026-03-25T09:50:34.957Z",
    "role": "student",
    "phone": "",
    "profile_photo": "",
    "etablissement": 3,
    "groups": [],
    "user_permissions": []
  }
},
{
  "model": "accounts.user",
  "pk": 109,
  "fields": {
    "password": "pbkdf2_sha256$870000$6JeMvhXu6et0vG8y0aAUpw$XEqMqLeISyeoY45apFpHxWFVGRWWgG/93Ij1v3OZnGw=",
    "last_login": null,
    "is_superuser": false,
    "username": "stu_e3_c23_016",
    "first_name": "Eleve16",
    "last_name": "1èreAnnéeEM1",
    "email": "stu_e3_c23_016@gestion.school",
    "is_staff": false,
    "is_active": true,
    "date_joined": "2026-03-25T09:50:35.515Z",
    "role": "student",
    "phone": "",
    "profile_photo": "",
    "etablissement": 3,
    "groups": [],
    "user_permissions": []
  }
},
{
  "model": "accounts.user",
  "pk": 110,
  "fields": {
    "password": "pbkdf2_sha256$870000$Hl0xbSeXC6Ulm7k9JTfRCd$7lAD72DhjtGW/7dAmrw+0xGw1KCZDc/oxLv2ex7D9Bs=",
    "last_login": null,
    "is_superuser": false,
    "username": "stu_e3_c23_017",
    "first_name": "Eleve17",
    "last_name": "1èreAnnéeEM1",
    "email": "stu_e3_c23_017@gestion.school",
    "is_staff": false,
    "is_active": true,
    "date_joined": "2026-03-25T09:50:36.093Z",
    "role": "student",
    "phone": "",
    "profile_photo": "",
    "etablissement": 3,
    "groups": [],
    "user_permissions": []
  }
},
{
  "model": "accounts.user",
  "pk": 111,
  "fields": {
    "password": "pbkdf2_sha256$870000$gXjwggJccKHTkNtkIVFfkG$+xy6Rn/SKsZBJao+qITiY+GSvWsmT6z7DqhzYLVP8W0=",
    "last_login": null,
    "is_superuser": false,
    "username": "stu_e3_c23_018",
    "first_name": "Eleve18",
    "last_name": "1èreAnnéeEM1",
    "email": "stu_e3_c23_018@gestion.school",
    "is_staff": false,
    "is_active": true,
    "date_joined": "2026-03-25T09:50:36.572Z",
    "role": "student",
    "phone": "",
    "profile_photo": "",
    "etablissement": 3,
    "groups": [],
    "user_permissions": []
  }
},
{
  "model": "accounts.user",
  "pk": 112,
  "fields": {
    "password": "pbkdf2_sha256$870000$0KH5o00BhQZBB35r71IRWL$4I3POJmSpqA/Kpg7HFbrwH2jyIdhz76QghZ1737Npzw=",
    "last_login": null,
    "is_superuser": false,
    "username": "stu_e3_c23_019",
    "first_name": "Eleve19",
    "last_name": "1èreAnnéeEM1",
    "email": "stu_e3_c23_019@gestion.school",
    "is_staff": false,
    "is_active": true,
    "date_joined": "2026-03-25T09:50:37.066Z",
    "role": "student",
    "phone": "",
    "profile_photo": "",
    "etablissement": 3,
    "groups": [],
    "user_permissions": []
  }
},
{
  "model": "accounts.user",
  "pk": 113,
  "fields": {
    "password": "pbkdf2_sha256$870000$F0m9plVgRPxIC8D7ZF8BQ4$lrCV5yDh6CHdhAsIzB5iDHddigzwViFHxnsR5tb1na0=",
    "last_login": null,
    "is_superuser": false,
    "username": "stu_e3_c23_020",
    "first_name": "Eleve20",
    "last_name": "1èreAnnéeEM1",
    "email": "stu_e3_c23_020@gestion.school",
    "is_staff": false,
    "is_active": true,
    "date_joined": "2026-03-25T09:50:37.562Z",
    "role": "student",
    "phone": "",
    "profile_photo": "",
    "etablissement": 3,
    "groups": [],
    "user_permissions": []
  }
},
{
  "model": "accounts.user",
  "pk": 114,
  "fields": {
    "password": "pbkdf2_sha256$870000$DJ6AhOV8RyJML4qzh4m1OQ$GWh5d/IiKc3Ksc4R6Xw/X1Thdoh3r9bm8nY/ck6vgUw=",
    "last_login": null,
    "is_superuser": false,
    "username": "stu_e3_c24_011",
    "first_name": "Eleve11",
    "last_name": "1èreAnnéeEM2",
    "email": "stu_e3_c24_011@gestion.school",
    "is_staff": false,
    "is_active": true,
    "date_joined": "2026-03-25T09:50:38.064Z",
    "role": "student",
    "phone": "",
    "profile_photo": "",
    "etablissement": 3,
    "groups": [],
    "user_permissions": []
  }
},
{
  "model": "accounts.user",
  "pk": 115,
  "fields": {
    "password": "pbkdf2_sha256$870000$14cfcos2MeXPC5EGdmVgK2$KU44ZgQJlIoZXCdz0vKX7QRfAxCAc/WRATOavlrLHe0=",
    "last_login": null,
    "is_superuser": false,
    "username": "stu_e3_c24_012",
    "first_name": "Eleve12",
    "last_name": "1èreAnnéeEM2",
    "email": "stu_e3_c24_012@gestion.school",
    "is_staff": false,
    "is_active": true,
    "date_joined": "2026-03-25T09:50:38.561Z",
    "role": "student",
    "phone": "",
    "profile_photo": "",
    "etablissement": 3,
    "groups": [],
    "user_permissions": []
  }
},
{
  "model": "accounts.user",
  "pk": 116,
  "fields": {
    "password": "pbkdf2_sha256$870000$nAwQF9Lv681ixmA0HLwVYj$3zXFPl6xUx4F+8udnYp0p3uI4AB6JW6kqwvjhktHAEs=",
    "last_login": null,
    "is_superuser": false,
    "username": "stu_e3_c24_013",
    "first_name": "Eleve13",
    "last_name": "1èreAnnéeEM2",
    "email": "stu_e3_c24_013@gestion.school",
    "is_staff": false,
    "is_active": true,
    "date_joined": "2026-03-25T09:50:39.043Z",
    "role": "student",
    "phone": "",
    "profile_photo": "",
    "etablissement": 3,
    "groups": [],
    "user_permissions": []
  }
},
{
  "model": "accounts.user",
  "pk": 117,
  "fields": {
    "password": "pbkdf2_sha256$870000$B0X5FPpfGtugro38OVMQGY$zPwAVbwN+Gc1oMn1kqxh7kktNPfIJC0obzGlkWRK+Mg=",
    "last_login": null,
    "is_superuser": false,
    "username": "stu_e3_c24_014",
    "first_name": "Eleve14",
    "last_name": "1èreAnnéeEM2",
    "email": "stu_e3_c24_014@gestion.school",
    "is_staff": false,
    "is_active": true,
    "date_joined": "2026-03-25T09:50:39.594Z",
    "role": "student",
    "phone": "",
    "profile_photo": "",
    "etablissement": 3,
    "groups": [],
    "user_permissions": []
  }
},
{
  "model": "accounts.user",
  "pk": 118,
  "fields": {
    "password": "pbkdf2_sha256$870000$NyvgTdmgWXV3NWE2cCrKWH$Fn4bKvGZOUXTXMn53YS45sNTdTiARXLfXfkj4FbmmnU=",
    "last_login": null,
    "is_superuser": false,
    "username": "stu_e3_c24_015",
    "first_name": "Eleve15",
    "last_name": "1èreAnnéeEM2",
    "email": "stu_e3_c24_015@gestion.school",
    "is_staff": false,
    "is_active": true,
    "date_joined": "2026-03-25T09:50:40.068Z",
    "role": "student",
    "phone": "",
    "profile_photo": "",
    "etablissement": 3,
    "groups": [],
    "user_permissions": []
  }
},
{
  "model": "accounts.user",
  "pk": 119,
  "fields": {
    "password": "pbkdf2_sha256$870000$7Sex0ay9A3XBrs2WWu3FS4$sezzk/kMwAvTKosw66V6eESbcvi5hsJ3sCRX7aZsoFs=",
    "last_login": null,
    "is_superuser": false,
    "username": "stu_e3_c24_016",
    "first_name": "Eleve16",
    "last_name": "1èreAnnéeEM2",
    "email": "stu_e3_c24_016@gestion.school",
    "is_staff": false,
    "is_active": true,
    "date_joined": "2026-03-25T09:50:40.534Z",
    "role": "student",
    "phone": "",
    "profile_photo": "",
    "etablissement": 3,
    "groups": [],
    "user_permissions": []
  }
},
{
  "model": "accounts.user",
  "pk": 120,
  "fields": {
    "password": "pbkdf2_sha256$870000$NHSknqMKnbD0QKjMMfqFFP$7xJy/iULWAkLjKRV9aX56f/FAt3JPruZM58ouCEEbXk=",
    "last_login": null,
    "is_superuser": false,
    "username": "stu_e3_c24_017",
    "first_name": "Eleve17",
    "last_name": "1èreAnnéeEM2",
    "email": "stu_e3_c24_017@gestion.school",
    "is_staff": false,
    "is_active": true,
    "date_joined": "2026-03-25T09:50:41.009Z",
    "role": "student",
    "phone": "",
    "profile_photo": "",
    "etablissement": 3,
    "groups": [],
    "user_permissions": []
  }
},
{
  "model": "accounts.user",
  "pk": 121,
  "fields": {
    "password": "pbkdf2_sha256$870000$nbFAL7nnTsK0O3e0PAthvz$NMKlgQQDLA7WRGDNussn5gx39niRdGdq7DsZXSyFkQg=",
    "last_login": null,
    "is_superuser": false,
    "username": "stu_e3_c24_018",
    "first_name": "Eleve18",
    "last_name": "1èreAnnéeEM2",
    "email": "stu_e3_c24_018@gestion.school",
    "is_staff": false,
    "is_active": true,
    "date_joined": "2026-03-25T09:50:41.484Z",
    "role": "student",
    "phone": "",
    "profile_photo": "",
    "etablissement": 3,
    "groups": [],
    "user_permissions": []
  }
},
{
  "model": "accounts.user",
  "pk": 122,
  "fields": {
    "password": "pbkdf2_sha256$870000$07s1nb41epmUwgIBZACGjg$7dQRB48nrCWADVXSz+vPWv1Kdqflx5sf7XUwXcSnwJI=",
    "last_login": null,
    "is_superuser": false,
    "username": "stu_e3_c24_019",
    "first_name": "Eleve19",
    "last_name": "1èreAnnéeEM2",
    "email": "stu_e3_c24_019@gestion.school",
    "is_staff": false,
    "is_active": true,
    "date_joined": "2026-03-25T09:50:42.009Z",
    "role": "student",
    "phone": "",
    "profile_photo": "",
    "etablissement": 3,
    "groups": [],
    "user_permissions": []
  }
},
{
  "model": "accounts.user",
  "pk": 123,
  "fields": {
    "password": "pbkdf2_sha256$870000$bgC4NVifGLUYWLCpWHK1bv$NCCyzfz2EmB5hcewgP9exS3HFIX+Q84h0sEEeqfqT+M=",
    "last_login": null,
    "is_superuser": false,
    "username": "stu_e3_c24_020",
    "first_name": "Eleve20",
    "last_name": "1èreAnnéeEM2",
    "email": "stu_e3_c24_020@gestion.school",
    "is_staff": false,
    "is_active": true,
    "date_joined": "2026-03-25T09:50:42.533Z",
    "role": "student",
    "phone": "",
    "profile_photo": "",
    "etablissement": 3,
    "groups": [],
    "user_permissions": []
  }
},
{
  "model": "accounts.user",
  "pk": 124,
  "fields": {
    "password": "pbkdf2_sha256$870000$SajtDjp71SJ6hR2z4kZSLl$Rs4LYWkDjG0XKpI+Wya0lJo+i2L/adkJOFAe0I5tnWE=",
    "last_login": null,
    "is_superuser": false,
    "username": "stu_e7_c7_011",
    "first_name": "Eleve11",
    "last_name": "10èmeCG1",
    "email": "stu_e7_c7_011@gestion.school",
    "is_staff": false,
    "is_active": true,
    "date_joined": "2026-03-25T09:50:42.997Z",
    "role": "student",
    "phone": "",
    "profile_photo": "",
    "etablissement": 7,
    "groups": [],
    "user_permissions": []
  }
},
{
  "model": "accounts.user",
  "pk": 125,
  "fields": {
    "password": "pbkdf2_sha256$870000$XK7pSARpZV5D4Zdr7WhkDI$9T8hJNAak/6yMClT1HxMBGus8dL+wJCSgwTy47ZZ6ZQ=",
    "last_login": null,
    "is_superuser": false,
    "username": "stu_e7_c7_012",
    "first_name": "Eleve12",
    "last_name": "10èmeCG1",
    "email": "stu_e7_c7_012@gestion.school",
    "is_staff": false,
    "is_active": true,
    "date_joined": "2026-03-25T09:50:43.458Z",
    "role": "student",
    "phone": "",
    "profile_photo": "",
    "etablissement": 7,
    "groups": [],
    "user_permissions": []
  }
},
{
  "model": "accounts.user",
  "pk": 126,
  "fields": {
    "password": "pbkdf2_sha256$870000$K0eLw3UmZfetk7m0kChFcX$juBDPrvCz81kucY9zBHBGvtCS3+u4THb5zQcs46hrk0=",
    "last_login": null,
    "is_superuser": false,
    "username": "stu_e7_c7_013",
    "first_name": "Eleve13",
    "last_name": "10èmeCG1",
    "email": "stu_e7_c7_013@gestion.school",
    "is_staff": false,
    "is_active": true,
    "date_joined": "2026-03-25T09:50:43.919Z",
    "role": "student",
    "phone": "",
    "profile_photo": "",
    "etablissement": 7,
    "groups": [],
    "user_permissions": []
  }
},
{
  "model": "accounts.user",
  "pk": 127,
  "fields": {
    "password": "pbkdf2_sha256$870000$efibgCFOlFfXa8NNHD3W6G$ay2ptHa/fasWvSrfKdGKKjNKTrhvZZpAwldX9iVNPRo=",
    "last_login": null,
    "is_superuser": false,
    "username": "stu_e7_c7_014",
    "first_name": "Eleve14",
    "last_name": "10èmeCG1",
    "email": "stu_e7_c7_014@gestion.school",
    "is_staff": false,
    "is_active": true,
    "date_joined": "2026-03-25T09:50:44.377Z",
    "role": "student",
    "phone": "",
    "profile_photo": "",
    "etablissement": 7,
    "groups": [],
    "user_permissions": []
  }
},
{
  "model": "accounts.user",
  "pk": 128,
  "fields": {
    "password": "pbkdf2_sha256$870000$T8UEW0ITqLzAXKv9FTm7H7$7DlqL6gaseoS/95t5HOb40zM+DVaKA2pEW7uA5ssYcg=",
    "last_login": null,
    "is_superuser": false,
    "username": "stu_e7_c7_015",
    "first_name": "Eleve15",
    "last_name": "10èmeCG1",
    "email": "stu_e7_c7_015@gestion.school",
    "is_staff": false,
    "is_active": true,
    "date_joined": "2026-03-25T09:50:44.841Z",
    "role": "student",
    "phone": "",
    "profile_photo": "",
    "etablissement": 7,
    "groups": [],
    "user_permissions": []
  }
},
{
  "model": "accounts.user",
  "pk": 129,
  "fields": {
    "password": "pbkdf2_sha256$870000$wZRHtGfdw8uI9gizjgwhTc$AU/hdL7QcW4N2hp+o2yZbP0zHKDk5bCoy58fqHVJGw8=",
    "last_login": null,
    "is_superuser": false,
    "username": "stu_e7_c7_016",
    "first_name": "Eleve16",
    "last_name": "10èmeCG1",
    "email": "stu_e7_c7_016@gestion.school",
    "is_staff": false,
    "is_active": true,
    "date_joined": "2026-03-25T09:50:45.321Z",
    "role": "student",
    "phone": "",
    "profile_photo": "",
    "etablissement": 7,
    "groups": [],
    "user_permissions": []
  }
},
{
  "model": "accounts.user",
  "pk": 130,
  "fields": {
    "password": "pbkdf2_sha256$870000$RVlLR2lLw4zNDlcGEentYt$sx610hRHFPcF0Y/T7oX9f0fxD+T2RNG1Y0+jdDrd5G4=",
    "last_login": null,
    "is_superuser": false,
    "username": "stu_e7_c7_017",
    "first_name": "Eleve17",
    "last_name": "10èmeCG1",
    "email": "stu_e7_c7_017@gestion.school",
    "is_staff": false,
    "is_active": true,
    "date_joined": "2026-03-25T09:50:45.784Z",
    "role": "student",
    "phone": "",
    "profile_photo": "",
    "etablissement": 7,
    "groups": [],
    "user_permissions": []
  }
},
{
  "model": "accounts.user",
  "pk": 131,
  "fields": {
    "password": "pbkdf2_sha256$870000$2lROgeXasugUAzigalmrNF$hT0ERLenvynS/r2GNcEHx7bRCtNJwAqZqcsPd7AgDgs=",
    "last_login": null,
    "is_superuser": false,
    "username": "stu_e7_c7_018",
    "first_name": "Eleve18",
    "last_name": "10èmeCG1",
    "email": "stu_e7_c7_018@gestion.school",
    "is_staff": false,
    "is_active": true,
    "date_joined": "2026-03-25T09:50:46.245Z",
    "role": "student",
    "phone": "",
    "profile_photo": "",
    "etablissement": 7,
    "groups": [],
    "user_permissions": []
  }
},
{
  "model": "accounts.user",
  "pk": 132,
  "fields": {
    "password": "pbkdf2_sha256$870000$bosuQoGc56z3X2mN6JZlVP$l+l5E2/u8ap9kR2FYCELivSgdrppdS4yoWKTDPzhTyw=",
    "last_login": null,
    "is_superuser": false,
    "username": "stu_e7_c7_019",
    "first_name": "Eleve19",
    "last_name": "10èmeCG1",
    "email": "stu_e7_c7_019@gestion.school",
    "is_staff": false,
    "is_active": true,
    "date_joined": "2026-03-25T09:50:46.731Z",
    "role": "student",
    "phone": "",
    "profile_photo": "",
    "etablissement": 7,
    "groups": [],
    "user_permissions": []
  }
},
{
  "model": "accounts.user",
  "pk": 133,
  "fields": {
    "password": "pbkdf2_sha256$870000$E2nglnUqBZ2Szf6nKmSOIu$itXUihKtwWs70WFwi/dW4Gst7oRuKaPlbuBsfiCZj2c=",
    "last_login": null,
    "is_superuser": false,
    "username": "stu_e7_c7_020",
    "first_name": "Eleve20",
    "last_name": "10èmeCG1",
    "email": "stu_e7_c7_020@gestion.school",
    "is_staff": false,
    "is_active": true,
    "date_joined": "2026-03-25T09:50:47.227Z",
    "role": "student",
    "phone": "",
    "profile_photo": "",
    "etablissement": 7,
    "groups": [],
    "user_permissions": []
  }
},
{
  "model": "accounts.user",
  "pk": 134,
  "fields": {
    "password": "pbkdf2_sha256$870000$y6WvuE4Pu8cU4QX71x4XD5$PbsCqZ49mRcmjRG1z/7na6kfS8nTEgm3waDmM213Y4s=",
    "last_login": null,
    "is_superuser": false,
    "username": "stu_e7_c8_011",
    "first_name": "Eleve11",
    "last_name": "10èmeCG2",
    "email": "stu_e7_c8_011@gestion.school",
    "is_staff": false,
    "is_active": true,
    "date_joined": "2026-03-25T09:50:47.735Z",
    "role": "student",
    "phone": "",
    "profile_photo": "",
    "etablissement": 7,
    "groups": [],
    "user_permissions": []
  }
},
{
  "model": "accounts.user",
  "pk": 135,
  "fields": {
    "password": "pbkdf2_sha256$870000$YH5YRr8HPorfkrGk0byTnW$gDnt+VEsF9qypX81CTXK3JPXGcfhtfepem+9tceeiL8=",
    "last_login": null,
    "is_superuser": false,
    "username": "stu_e7_c8_012",
    "first_name": "Eleve12",
    "last_name": "10èmeCG2",
    "email": "stu_e7_c8_012@gestion.school",
    "is_staff": false,
    "is_active": true,
    "date_joined": "2026-03-25T09:50:48.210Z",
    "role": "student",
    "phone": "",
    "profile_photo": "",
    "etablissement": 7,
    "groups": [],
    "user_permissions": []
  }
},
{
  "model": "accounts.user",
  "pk": 136,
  "fields": {
    "password": "pbkdf2_sha256$870000$uPkUcAitSlsKSUz1qZr5FO$oFXNJQFwppEKQn/2JD5xeZyNpcB7OqfIoVrQ+cl/oHw=",
    "last_login": null,
    "is_superuser": false,
    "username": "stu_e7_c8_013",
    "first_name": "Eleve13",
    "last_name": "10èmeCG2",
    "email": "stu_e7_c8_013@gestion.school",
    "is_staff": false,
    "is_active": true,
    "date_joined": "2026-03-25T09:50:48.671Z",
    "role": "student",
    "phone": "",
    "profile_photo": "",
    "etablissement": 7,
    "groups": [],
    "user_permissions": []
  }
},
{
  "model": "accounts.user",
  "pk": 137,
  "fields": {
    "password": "pbkdf2_sha256$870000$vLa8ep7TwCMnzpOKC7bYqY$ICCSZ+ra7IC7v1AWhPI1XMD5uNji8V5ucaZZqZtT9pU=",
    "last_login": null,
    "is_superuser": false,
    "username": "stu_e7_c8_014",
    "first_name": "Eleve14",
    "last_name": "10èmeCG2",
    "email": "stu_e7_c8_014@gestion.school",
    "is_staff": false,
    "is_active": true,
    "date_joined": "2026-03-25T09:50:49.152Z",
    "role": "student",
    "phone": "",
    "profile_photo": "",
    "etablissement": 7,
    "groups": [],
    "user_permissions": []
  }
},
{
  "model": "accounts.user",
  "pk": 138,
  "fields": {
    "password": "pbkdf2_sha256$870000$SKWghduYILs2eR2sG9vgZJ$Y7JigEMVrYOZzsNTRRardQFLx+a02UzwUTt1DB3Tdl8=",
    "last_login": null,
    "is_superuser": false,
    "username": "stu_e7_c8_015",
    "first_name": "Eleve15",
    "last_name": "10èmeCG2",
    "email": "stu_e7_c8_015@gestion.school",
    "is_staff": false,
    "is_active": true,
    "date_joined": "2026-03-25T09:50:49.788Z",
    "role": "student",
    "phone": "",
    "profile_photo": "",
    "etablissement": 7,
    "groups": [],
    "user_permissions": []
  }
},
{
  "model": "accounts.user",
  "pk": 139,
  "fields": {
    "password": "pbkdf2_sha256$870000$KbzZbujqCyEHsqfckKoxTq$rK4O/rgMr2q26OgwDnPYs8+KkkmVfIiqe7HQr/DOnc0=",
    "last_login": null,
    "is_superuser": false,
    "username": "stu_e7_c8_016",
    "first_name": "Eleve16",
    "last_name": "10èmeCG2",
    "email": "stu_e7_c8_016@gestion.school",
    "is_staff": false,
    "is_active": true,
    "date_joined": "2026-03-25T09:50:50.412Z",
    "role": "student",
    "phone": "",
    "profile_photo": "",
    "etablissement": 7,
    "groups": [],
    "user_permissions": []
  }
},
{
  "model": "accounts.user",
  "pk": 140,
  "fields": {
    "password": "pbkdf2_sha256$870000$EY9oQ3KRXTHMmBAFArytoH$SbRke+FKCLH7c2nE8Qegpi4h8jKFtsZRgUCXDyqbkxg=",
    "last_login": null,
    "is_superuser": false,
    "username": "stu_e7_c8_017",
    "first_name": "Eleve17",
    "last_name": "10èmeCG2",
    "email": "stu_e7_c8_017@gestion.school",
    "is_staff": false,
    "is_active": true,
    "date_joined": "2026-03-25T09:50:51.072Z",
    "role": "student",
    "phone": "",
    "profile_photo": "",
    "etablissement": 7,
    "groups": [],
    "user_permissions": []
  }
},
{
  "model": "accounts.user",
  "pk": 141,
  "fields": {
    "password": "pbkdf2_sha256$870000$PXaTgxuTbVeoZ5cGsFjz7X$bQojnmX66n9B5GOIIZzOGfhawJy0AVNJRjuoQWMMYgM=",
    "last_login": null,
    "is_superuser": false,
    "username": "stu_e7_c8_018",
    "first_name": "Eleve18",
    "last_name": "10èmeCG2",
    "email": "stu_e7_c8_018@gestion.school",
    "is_staff": false,
    "is_active": true,
    "date_joined": "2026-03-25T09:50:51.667Z",
    "role": "student",
    "phone": "",
    "profile_photo": "",
    "etablissement": 7,
    "groups": [],
    "user_permissions": []
  }
},
{
  "model": "accounts.user",
  "pk": 142,
  "fields": {
    "password": "pbkdf2_sha256$870000$ll4ToQuLNgOBsSzWdxvrDz$QqR0dqR5QBV0aMvlDk4xqz+9FtTSkETrw1jy/BuBI2A=",
    "last_login": null,
    "is_superuser": false,
    "username": "stu_e7_c8_019",
    "first_name": "Eleve19",
    "last_name": "10èmeCG2",
    "email": "stu_e7_c8_019@gestion.school",
    "is_staff": false,
    "is_active": true,
    "date_joined": "2026-03-25T09:50:52.307Z",
    "role": "student",
    "phone": "",
    "profile_photo": "",
    "etablissement": 7,
    "groups": [],
    "user_permissions": []
  }
},
{
  "model": "accounts.user",
  "pk": 143,
  "fields": {
    "password": "pbkdf2_sha256$870000$Bzj4tEA5OI3zLBktSZpoiL$FrUzGH+cjugEDNaG7kSOZGfOIRKzmQTRsmZQbQtYdhM=",
    "last_login": null,
    "is_superuser": false,
    "username": "stu_e7_c8_020",
    "first_name": "Eleve20",
    "last_name": "10èmeCG2",
    "email": "stu_e7_c8_020@gestion.school",
    "is_staff": false,
    "is_active": true,
    "date_joined": "2026-03-25T09:50:52.883Z",
    "role": "student",
    "phone": "",
    "profile_photo": "",
    "etablissement": 7,
    "groups": [],
    "user_permissions": []
  }
},
{
  "model": "accounts.user",
  "pk": 144,
  "fields": {
    "password": "pbkdf2_sha256$870000$vwN4CYBomIS0u71OjICLnG$AJU9zekwpHpuqy2B+y/CcbXqt8aKEwKVH8ICuBvPcd4=",
    "last_login": null,
    "is_superuser": false,
    "username": "stu_e7_c44_011",
    "first_name": "Eleve11",
    "last_name": "CG1",
    "email": "stu_e7_c44_011@gestion.school",
    "is_staff": false,
    "is_active": true,
    "date_joined": "2026-03-25T09:50:53.455Z",
    "role": "student",
    "phone": "",
    "profile_photo": "",
    "etablissement": 7,
    "groups": [],
    "user_permissions": []
  }
},
{
  "model": "accounts.user",
  "pk": 145,
  "fields": {
    "password": "pbkdf2_sha256$870000$kHVgyKzxAqhRPup5ECerOV$ip6TiYGE3wh0aIX9bZNfhIK9gXszJCByI/Mu9YvRZLQ=",
    "last_login": null,
    "is_superuser": false,
    "username": "stu_e7_c44_012",
    "first_name": "Eleve12",
    "last_name": "CG1",
    "email": "stu_e7_c44_012@gestion.school",
    "is_staff": false,
    "is_active": true,
    "date_joined": "2026-03-25T09:50:54.035Z",
    "role": "student",
    "phone": "",
    "profile_photo": "",
    "etablissement": 7,
    "groups": [],
    "user_permissions": []
  }
},
{
  "model": "accounts.user",
  "pk": 146,
  "fields": {
    "password": "pbkdf2_sha256$870000$MRfCJhdlK0utKhD6X418g9$dyzXnpplp1T1n8MPouI0HEDR7zwUEK2PzK4LGCxuHSs=",
    "last_login": null,
    "is_superuser": false,
    "username": "stu_e7_c44_013",
    "first_name": "Eleve13",
    "last_name": "CG1",
    "email": "stu_e7_c44_013@gestion.school",
    "is_staff": false,
    "is_active": true,
    "date_joined": "2026-03-25T09:50:54.625Z",
    "role": "student",
    "phone": "",
    "profile_photo": "",
    "etablissement": 7,
    "groups": [],
    "user_permissions": []
  }
},
{
  "model": "accounts.user",
  "pk": 147,
  "fields": {
    "password": "pbkdf2_sha256$870000$Q3QPZrCpfuQEmNVyLOYzPV$d0vI9LcdyIKixI/YiPkw80BHZf+PKCk0/45+gPhq038=",
    "last_login": null,
    "is_superuser": false,
    "username": "stu_e7_c44_014",
    "first_name": "Eleve14",
    "last_name": "CG1",
    "email": "stu_e7_c44_014@gestion.school",
    "is_staff": false,
    "is_active": true,
    "date_joined": "2026-03-25T09:50:55.209Z",
    "role": "student",
    "phone": "",
    "profile_photo": "",
    "etablissement": 7,
    "groups": [],
    "user_permissions": []
  }
},
{
  "model": "accounts.user",
  "pk": 148,
  "fields": {
    "password": "pbkdf2_sha256$870000$GvneABwDA7BzfsslEr5EuR$SqT91h63VaLAm63DnlAPC2PQSbxRfO3w0rMIA0VNDug=",
    "last_login": null,
    "is_superuser": false,
    "username": "stu_e7_c44_015",
    "first_name": "Eleve15",
    "last_name": "CG1",
    "email": "stu_e7_c44_015@gestion.school",
    "is_staff": false,
    "is_active": true,
    "date_joined": "2026-03-25T09:50:55.795Z",
    "role": "student",
    "phone": "",
    "profile_photo": "",
    "etablissement": 7,
    "groups": [],
    "user_permissions": []
  }
},
{
  "model": "accounts.user",
  "pk": 149,
  "fields": {
    "password": "pbkdf2_sha256$870000$nlckGhxOcJk24sIZcOiwAD$NFqONQnGc3wUJ2JW8hrK6lWa1hzUUyeGgysjYiocQDc=",
    "last_login": null,
    "is_superuser": false,
    "username": "stu_e7_c44_016",
    "first_name": "Eleve16",
    "last_name": "CG1",
    "email": "stu_e7_c44_016@gestion.school",
    "is_staff": false,
    "is_active": true,
    "date_joined": "2026-03-25T09:50:56.381Z",
    "role": "student",
    "phone": "",
    "profile_photo": "",
    "etablissement": 7,
    "groups": [],
    "user_permissions": []
  }
},
{
  "model": "accounts.user",
  "pk": 150,
  "fields": {
    "password": "pbkdf2_sha256$870000$dZ4BhdscxWFEK3A5g3tCt8$JCxNiWSr6LLS8nZV6PERjEsqA+8I16NtEx3AVFzVrwA=",
    "last_login": null,
    "is_superuser": false,
    "username": "stu_e7_c44_017",
    "first_name": "Eleve17",
    "last_name": "CG1",
    "email": "stu_e7_c44_017@gestion.school",
    "is_staff": false,
    "is_active": true,
    "date_joined": "2026-03-25T09:50:56.939Z",
    "role": "student",
    "phone": "",
    "profile_photo": "",
    "etablissement": 7,
    "groups": [],
    "user_permissions": []
  }
},
{
  "model": "accounts.user",
  "pk": 151,
  "fields": {
    "password": "pbkdf2_sha256$870000$bkHrAWCn615D9XvvXPeUtW$zTGf2zed6CE8dwNuzWST+cvsOYryQYLXcADa8dO1Qdg=",
    "last_login": null,
    "is_superuser": false,
    "username": "stu_e7_c44_018",
    "first_name": "Eleve18",
    "last_name": "CG1",
    "email": "stu_e7_c44_018@gestion.school",
    "is_staff": false,
    "is_active": true,
    "date_joined": "2026-03-25T09:50:57.507Z",
    "role": "student",
    "phone": "",
    "profile_photo": "",
    "etablissement": 7,
    "groups": [],
    "user_permissions": []
  }
},
{
  "model": "accounts.user",
  "pk": 152,
  "fields": {
    "password": "pbkdf2_sha256$870000$MXdAG3mg21oGukGX20tUzB$2PWyvoi/oF9jL+r0K1PbMg0ruxybbBR3xs/8+aCIcn4=",
    "last_login": null,
    "is_superuser": false,
    "username": "stu_e7_c44_019",
    "first_name": "Eleve19",
    "last_name": "CG1",
    "email": "stu_e7_c44_019@gestion.school",
    "is_staff": false,
    "is_active": true,
    "date_joined": "2026-03-25T09:50:58.085Z",
    "role": "student",
    "phone": "",
    "profile_photo": "",
    "etablissement": 7,
    "groups": [],
    "user_permissions": []
  }
},
{
  "model": "accounts.user",
  "pk": 153,
  "fields": {
    "password": "pbkdf2_sha256$870000$eKPJsyyNl1aQDRJ6CsTSrY$2OTqRa9+zsBmukr0r5vo1tNFwP7jY8MvbDmB1iWS3ug=",
    "last_login": null,
    "is_superuser": false,
    "username": "stu_e7_c44_020",
    "first_name": "Eleve20",
    "last_name": "CG1",
    "email": "stu_e7_c44_020@gestion.school",
    "is_staff": false,
    "is_active": true,
    "date_joined": "2026-03-25T09:50:58.655Z",
    "role": "student",
    "phone": "",
    "profile_photo": "",
    "etablissement": 7,
    "groups": [],
    "user_permissions": []
  }
},
{
  "model": "accounts.user",
  "pk": 154,
  "fields": {
    "password": "pbkdf2_sha256$870000$wzKsuZDtqAZnT42koY6XwS$Qp+6b91R1nmn50IHEJJg9ugXNWSjbKqr4wzEZMYTIlc=",
    "last_login": null,
    "is_superuser": false,
    "username": "stu_e7_c45_011",
    "first_name": "Eleve11",
    "last_name": "CG2",
    "email": "stu_e7_c45_011@gestion.school",
    "is_staff": false,
    "is_active": true,
    "date_joined": "2026-03-25T09:50:59.143Z",
    "role": "student",
    "phone": "",
    "profile_photo": "",
    "etablissement": 7,
    "groups": [],
    "user_permissions": []
  }
},
{
  "model": "accounts.user",
  "pk": 155,
  "fields": {
    "password": "pbkdf2_sha256$870000$nZoBKD4dNSjp7BAqyYL3W2$nrGCFZKwTS+cMZP5N157yVxN0bVOlzQUPW3jIMaiImc=",
    "last_login": null,
    "is_superuser": false,
    "username": "stu_e7_c45_012",
    "first_name": "Eleve12",
    "last_name": "CG2",
    "email": "stu_e7_c45_012@gestion.school",
    "is_staff": false,
    "is_active": true,
    "date_joined": "2026-03-25T09:50:59.596Z",
    "role": "student",
    "phone": "",
    "profile_photo": "",
    "etablissement": 7,
    "groups": [],
    "user_permissions": []
  }
},
{
  "model": "accounts.user",
  "pk": 156,
  "fields": {
    "password": "pbkdf2_sha256$870000$3sxT5Kd8kyWp5Ps3ZSwCAv$pbANtkocH1mgGkyqdf7iNaw8gHCVc1kgGks+a3L8QFk=",
    "last_login": null,
    "is_superuser": false,
    "username": "stu_e7_c45_013",
    "first_name": "Eleve13",
    "last_name": "CG2",
    "email": "stu_e7_c45_013@gestion.school",
    "is_staff": false,
    "is_active": true,
    "date_joined": "2026-03-25T09:51:00.056Z",
    "role": "student",
    "phone": "",
    "profile_photo": "",
    "etablissement": 7,
    "groups": [],
    "user_permissions": []
  }
},
{
  "model": "accounts.user",
  "pk": 157,
  "fields": {
    "password": "pbkdf2_sha256$870000$SxZq4yPiV4C32SXZbjTJaD$fSzpNUs2WqRh/4y2ZrT3k3rV82BwVYE5dYEWk2RRsyk=",
    "last_login": null,
    "is_superuser": false,
    "username": "stu_e7_c45_014",
    "first_name": "Eleve14",
    "last_name": "CG2",
    "email": "stu_e7_c45_014@gestion.school",
    "is_staff": false,
    "is_active": true,
    "date_joined": "2026-03-25T09:51:00.577Z",
    "role": "student",
    "phone": "",
    "profile_photo": "",
    "etablissement": 7,
    "groups": [],
    "user_permissions": []
  }
},
{
  "model": "accounts.user",
  "pk": 158,
  "fields": {
    "password": "pbkdf2_sha256$870000$40ZQKc62CbyfcnVQ2FA8Mp$d9Q6D+3U0bHwfapMx+7iguC45BbGyDJxP1PcjI265ww=",
    "last_login": null,
    "is_superuser": false,
    "username": "stu_e7_c45_015",
    "first_name": "Eleve15",
    "last_name": "CG2",
    "email": "stu_e7_c45_015@gestion.school",
    "is_staff": false,
    "is_active": true,
    "date_joined": "2026-03-25T09:51:01.091Z",
    "role": "student",
    "phone": "",
    "profile_photo": "",
    "etablissement": 7,
    "groups": [],
    "user_permissions": []
  }
},
{
  "model": "accounts.user",
  "pk": 159,
  "fields": {
    "password": "pbkdf2_sha256$870000$4pLCtGs3QoqymBtenmUhOY$OsIg2pII3qaorbXmk5xCaoHq/bHfbHvb0ZeydJHV6j8=",
    "last_login": null,
    "is_superuser": false,
    "username": "stu_e7_c45_016",
    "first_name": "Eleve16",
    "last_name": "CG2",
    "email": "stu_e7_c45_016@gestion.school",
    "is_staff": false,
    "is_active": true,
    "date_joined": "2026-03-25T09:51:01.626Z",
    "role": "student",
    "phone": "",
    "profile_photo": "",
    "etablissement": 7,
    "groups": [],
    "user_permissions": []
  }
},
{
  "model": "accounts.user",
  "pk": 160,
  "fields": {
    "password": "pbkdf2_sha256$870000$NiCcJ9ULixR8h8bsscWrno$pAdIXXBgkNsqJMingt25cMsWrdElbQlLJSwAOXLJd5Q=",
    "last_login": null,
    "is_superuser": false,
    "username": "stu_e7_c45_017",
    "first_name": "Eleve17",
    "last_name": "CG2",
    "email": "stu_e7_c45_017@gestion.school",
    "is_staff": false,
    "is_active": true,
    "date_joined": "2026-03-25T09:51:02.151Z",
    "role": "student",
    "phone": "",
    "profile_photo": "",
    "etablissement": 7,
    "groups": [],
    "user_permissions": []
  }
},
{
  "model": "accounts.user",
  "pk": 161,
  "fields": {
    "password": "pbkdf2_sha256$870000$vGmQtpEyirRZfJYollQZjq$Q73jdxqzBuAe7ahK1Hxv29UcM7V8wywBNQIXtG3NqoQ=",
    "last_login": null,
    "is_superuser": false,
    "username": "stu_e7_c45_018",
    "first_name": "Eleve18",
    "last_name": "CG2",
    "email": "stu_e7_c45_018@gestion.school",
    "is_staff": false,
    "is_active": true,
    "date_joined": "2026-03-25T09:51:02.683Z",
    "role": "student",
    "phone": "",
    "profile_photo": "",
    "etablissement": 7,
    "groups": [],
    "user_permissions": []
  }
},
{
  "model": "accounts.user",
  "pk": 162,
  "fields": {
    "password": "pbkdf2_sha256$870000$rAAfQSHeOKsTFV2Y1tJFJq$YD2tqk2eRqU7sDUXLLdUMlEaHIV/097kBEUwXL4epfQ=",
    "last_login": null,
    "is_superuser": false,
    "username": "stu_e7_c45_019",
    "first_name": "Eleve19",
    "last_name": "CG2",
    "email": "stu_e7_c45_019@gestion.school",
    "is_staff": false,
    "is_active": true,
    "date_joined": "2026-03-25T09:51:03.212Z",
    "role": "student",
    "phone": "",
    "profile_photo": "",
    "etablissement": 7,
    "groups": [],
    "user_permissions": []
  }
},
{
  "model": "accounts.user",
  "pk": 163,
  "fields": {
    "password": "pbkdf2_sha256$870000$EWX3ySGfP3lwqTkR6xr0wX$+FG+WbMGV1EC4xt4/vpZlc+M/zq0f0dhavBlf+lxAG0=",
    "last_login": null,
    "is_superuser": false,
    "username": "stu_e7_c45_020",
    "first_name": "Eleve20",
    "last_name": "CG2",
    "email": "stu_e7_c45_020@gestion.school",
    "is_staff": false,
    "is_active": true,
    "date_joined": "2026-03-25T09:51:03.891Z",
    "role": "student",
    "phone": "",
    "profile_photo": "",
    "etablissement": 7,
    "groups": [],
    "user_permissions": []
  }
},
{
  "model": "accounts.user",
  "pk": 164,
  "fields": {
    "password": "pbkdf2_sha256$870000$u67dQnoTp2htFFe6wcftzc$UVnmSqohplM/JaU9CKTPEcDgbWr3wUNRwP9HTXRHZ6g=",
    "last_login": null,
    "is_superuser": false,
    "username": "directeur",
    "first_name": "Jean",
    "last_name": "Directeur",
    "email": "directeur@gestionschool.local",
    "is_staff": false,
    "is_active": true,
    "date_joined": "2026-03-25T10:12:25.870Z",
    "role": "director",
    "phone": "",
    "profile_photo": "",
    "etablissement": null,
    "groups": [],
    "user_permissions": []
  }
},
{
  "model": "accounts.user",
  "pk": 165,
  "fields": {
    "password": "pbkdf2_sha256$870000$86fbLRtryX2wccR1gyxRxP$x/W1Ug56LEEdguQjmoeZoZ0e6jCnXp8p3u3l0xnJd2A=",
    "last_login": null,
    "is_superuser": false,
    "username": "comptable",
    "first_name": "Marie",
    "last_name": "Comptable",
    "email": "comptable@gestionschool.local",
    "is_staff": false,
    "is_active": true,
    "date_joined": "2026-03-25T10:12:26.440Z",
    "role": "accountant",
    "phone": "",
    "profile_photo": "",
    "etablissement": null,
    "groups": [],
    "user_permissions": []
  }
},
{
  "model": "accounts.user",
  "pk": 166,
  "fields": {
    "password": "pbkdf2_sha256$870000$o0s4dYmSGquxYftzUv9uRT$cBGcMLO58BH7/Rc5xgJ6niYqF3SyhA+L0h/y2tfqvB4=",
    "last_login": null,
    "is_superuser": false,
    "username": "enseignant1",
    "first_name": "Ali",
    "last_name": "Kouadio",
    "email": "enseignant1@gestionschool.local",
    "is_staff": false,
    "is_active": true,
    "date_joined": "2026-03-25T10:12:26.981Z",
    "role": "teacher",
    "phone": "",
    "profile_photo": "",
    "etablissement": null,
    "groups": [],
    "user_permissions": []
  }
},
{
  "model": "accounts.user",
  "pk": 167,
  "fields": {
    "password": "pbkdf2_sha256$870000$WQ9kw7T2I9707DKCyeIVov$g57rZ/oZ1BO/AUcU2sSCit+GNxf9MhMVjx37OT2pi8w=",
    "last_login": null,
    "is_superuser": false,
    "username": "parent1",
    "first_name": "Awa",
    "last_name": "Traore",
    "email": "parent1@gestionschool.local",
    "is_staff": false,
    "is_active": true,
    "date_joined": "2026-03-25T10:12:27.493Z",
    "role": "parent",
    "phone": "",
    "profile_photo": "",
    "etablissement": null,
    "groups": [],
    "user_permissions": []
  }
},
{
  "model": "accounts.user",
  "pk": 168,
  "fields": {
    "password": "pbkdf2_sha256$870000$svkGfack6V4UsTJoFf6OBL$zyO8RnxJjhKYIj3mUYh6HxwUK48p74wT5tx/vlsoDDA=",
    "last_login": null,
    "is_superuser": false,
    "username": "surveillant1",
    "first_name": "Idrissa",
    "last_name": "Keita",
    "email": "surveillant1@gestionschool.local",
    "is_staff": false,
    "is_active": true,
    "date_joined": "2026-03-25T10:12:27.978Z",
    "role": "supervisor",
    "phone": "",
    "profile_photo": "",
    "etablissement": null,
    "groups": [],
    "user_permissions": []
  }
},
{
  "model": "accounts.user",
  "pk": 169,
  "fields": {
    "password": "pbkdf2_sha256$870000$AZxQmxDllve2vsLeawdFAZ$uhgm9CLyjAMLHYRi0oIY9TqKZD50WWud/lVTZLp1b0M=",
    "last_login": null,
    "is_superuser": false,
    "username": "eleve1",
    "first_name": "Koffi",
    "last_name": "Nguessan",
    "email": "eleve1@gestionschool.local",
    "is_staff": false,
    "is_active": true,
    "date_joined": "2026-03-25T10:12:28.458Z",
    "role": "student",
    "phone": "",
    "profile_photo": "",
    "etablissement": null,
    "groups": [],
    "user_permissions": []
  }
},
{
  "model": "accounts.user",
  "pk": 170,
  "fields": {
    "password": "pbkdf2_sha256$870000$7Ywp2JJz2S599wgIvSzorj$UZWuUMUE3Vha2TatBmDLarhinIguXwB7RmAIblZBEtA=",
    "last_login": null,
    "is_superuser": false,
    "username": "eleve2",
    "first_name": "Fatou",
    "last_name": "Diallo",
    "email": "eleve2@gestionschool.local",
    "is_staff": false,
    "is_active": true,
    "date_joined": "2026-03-25T10:12:28.965Z",
    "role": "student",
    "phone": "",
    "profile_photo": "",
    "etablissement": null,
    "groups": [],
    "user_permissions": []
  }
},
{
  "model": "accounts.user",
  "pk": 171,
  "fields": {
    "password": "pbkdf2_sha256$870000$XJxobLRnROPQUjDRoXg2uh$fsiwA0GySDsZ94nIEiqhLFlw4dfqXDPaQNTULJS+6xo=",
    "last_login": null,
    "is_superuser": false,
    "username": "prof01",
    "first_name": "ALI",
    "last_name": "DIARRA",
    "email": "alidiarra@gmai.com",
    "is_staff": false,
    "is_active": true,
    "date_joined": "2026-03-27T18:47:13.108Z",
    "role": "teacher",
    "phone": "78 89 80 90",
    "profile_photo": "",
    "etablissement": 3,
    "groups": [],
    "user_permissions": []
  }
},
{
  "model": "accounts.user",
  "pk": 172,
  "fields": {
    "password": "pbkdf2_sha256$870000$fCMUkQ92lsE8bgZ6xtnQZJ$VXUVjperkXhuLlU4WfbJKLF8C8kyxtPcFShL/Xs7Sj4=",
    "last_login": null,
    "is_superuser": false,
    "username": "ouali",
    "first_name": "OUALI",
    "last_name": "SISSOKO",
    "email": "oualisissoko@gmail.com",
    "is_staff": false,
    "is_active": true,
    "date_joined": "2026-03-29T20:08:35.075Z",
    "role": "director",
    "phone": "79 99 00 00",
    "profile_photo": "",
    "etablissement": 3,
    "groups": [],
    "user_permissions": []
  }
},
{
  "model": "accounts.user",
  "pk": 173,
  "fields": {
    "password": "pbkdf2_sha256$870000$gGkEdY9qfn15Q1f8U6THaV$VaoLJ39Yk+fX/SoAQ6gGSEupC54jZhoRQmqiIGYKo9E=",
    "last_login": null,
    "is_superuser": false,
    "username": "sikou",
    "first_name": "SIKOU",
    "last_name": "SIRA",
    "email": "sikousira@gmail.com",
    "is_staff": false,
    "is_active": true,
    "date_joined": "2026-03-29T20:43:50.516Z",
    "role": "director",
    "phone": "78 88 88 88",
    "profile_photo": "",
    "etablissement": 3,
    "groups": [],
    "user_permissions": []
  }
},
{
  "model": "accounts.user",
  "pk": 174,
  "fields": {
    "password": "pbkdf2_sha256$870000$INCI5ijhE4kPjwF94s7S5N$5aW2U84KWsrzdxRt2txgAfTD0q6FGdhd1RjqhbD+Cfo=",
    "last_login": null,
    "is_superuser": false,
    "username": "ouali_prof",
    "first_name": "OUALI",
    "last_name": "SISSOKO",
    "email": "oualisisso@gmail.com",
    "is_staff": false,
    "is_active": true,
    "date_joined": "2026-03-29T20:47:57.952Z",
    "role": "teacher",
    "phone": "82 82 82 82",
    "profile_photo": "",
    "etablissement": 3,
    "groups": [],
    "user_permissions": []
  }
},
{
  "model": "accounts.user",
  "pk": 179,
  "fields": {
    "password": "",
    "last_login": null,
    "is_superuser": false,
    "username": "vanmoh",
    "first_name": "MODIBO",
    "last_name": "KEITA",
    "email": "vanmoh@gmail.com",
    "is_staff": false,
    "is_active": true,
    "date_joined": "2026-04-06T14:52:39.945Z",
    "role": "student",
    "phone": "66083152",
    "profile_photo": "",
    "etablissement": 3,
    "groups": [],
    "user_permissions": []
  }
},
{
  "model": "accounts.user",
  "pk": 180,
  "fields": {
    "password": "pbkdf2_sha256$870000$bOHakUrRfvZCWaFjUx5HnD$1tBfKu/kI5btwlRZmXeBZzCQVt/MPub3b+LOTXRMasw=",
    "last_login": null,
    "is_superuser": false,
    "username": "fomba",
    "first_name": "MOCTAR",
    "last_name": "FOMBA",
    "email": "fomba@gmail.com",
    "is_staff": false,
    "is_active": true,
    "date_joined": "2026-04-07T19:10:37.180Z",
    "role": "director",
    "phone": "78889977",
    "profile_photo": "",
    "etablissement": 3,
    "groups": [],
    "user_permissions": []
  }
},
{
  "model": "school.etablissement",
  "pk": 3,
  "fields": {
    "created_at": "2026-03-22T01:34:12.422Z",
    "updated_at": "2026-04-01T02:48:51.913Z",
    "name": "IFP-OBK",
    "address": "KALABAN COURA",
    "phone": "78785913",
    "email": "ifp-obk@gmail.com",
    "logo": "etablissements/logos/logo_ecole.png"
  }
},
{
  "model": "school.etablissement",
  "pk": 5,
  "fields": {
    "created_at": "2026-03-22T04:47:54.138Z",
    "updated_at": "2026-03-22T04:47:54.138Z",
    "name": "LTOB",
    "address": "",
    "phone": "",
    "email": "",
    "logo": ""
  }
},
{
  "model": "school.etablissement",
  "pk": 7,
  "fields": {
    "created_at": "2026-03-22T04:47:57.102Z",
    "updated_at": "2026-03-22T04:47:57.102Z",
    "name": "LOBK",
    "address": "",
    "phone": "",
    "email": "",
    "logo": ""
  }
},
{
  "model": "school.etablissement",
  "pk": 11,
  "fields": {
    "created_at": "2026-03-22T04:47:59.338Z",
    "updated_at": "2026-03-22T04:47:59.338Z",
    "name": "Complexe Scolaire Oumar Bah",
    "address": "",
    "phone": "",
    "email": "",
    "logo": ""
  }
},
{
  "model": "school.academicyear",
  "pk": 1,
  "fields": {
    "created_at": "2026-03-01T18:18:42.733Z",
    "updated_at": "2026-03-01T18:18:42.734Z",
    "name": "2025-2026",
    "start_date": "2025-09-01",
    "end_date": "2026-07-31",
    "is_active": true
  }
},
{
  "model": "school.level",
  "pk": 5,
  "fields": {
    "created_at": "2026-03-22T04:48:06.049Z",
    "updated_at": "2026-03-22T04:48:06.049Z",
    "name": "Général"
  }
},
{
  "model": "school.level",
  "pk": 7,
  "fields": {
    "created_at": "2026-03-25T10:12:29.580Z",
    "updated_at": "2026-03-25T10:12:29.580Z",
    "name": "6ème"
  }
},
{
  "model": "school.section",
  "pk": 3,
  "fields": {
    "created_at": "2026-03-22T04:48:06.160Z",
    "updated_at": "2026-03-22T04:48:06.160Z",
    "name": "Aucune"
  }
},
{
  "model": "school.section",
  "pk": 4,
  "fields": {
    "created_at": "2026-03-25T10:12:29.584Z",
    "updated_at": "2026-03-25T10:12:29.584Z",
    "name": "Collège"
  }
},
{
  "model": "school.classroom",
  "pk": 2,
  "fields": {
    "created_at": "2026-03-22T04:48:06.348Z",
    "updated_at": "2026-03-22T04:48:06.348Z",
    "name": "10ème CT",
    "level": 5,
    "section": 3,
    "academic_year": 1,
    "etablissement": 5
  }
},
{
  "model": "school.classroom",
  "pk": 3,
  "fields": {
    "created_at": "2026-03-22T04:48:06.354Z",
    "updated_at": "2026-03-22T04:48:06.354Z",
    "name": "11ème CG",
    "level": 5,
    "section": 3,
    "academic_year": 1,
    "etablissement": 5
  }
},
{
  "model": "school.classroom",
  "pk": 4,
  "fields": {
    "created_at": "2026-03-22T04:48:06.358Z",
    "updated_at": "2026-03-22T04:48:06.358Z",
    "name": "11ème GM",
    "level": 5,
    "section": 3,
    "academic_year": 1,
    "etablissement": 5
  }
},
{
  "model": "school.classroom",
  "pk": 5,
  "fields": {
    "created_at": "2026-03-22T04:48:06.361Z",
    "updated_at": "2026-03-22T04:48:06.361Z",
    "name": "12ème CG",
    "level": 5,
    "section": 3,
    "academic_year": 1,
    "etablissement": 5
  }
},
{
  "model": "school.classroom",
  "pk": 6,
  "fields": {
    "created_at": "2026-03-22T04:48:06.365Z",
    "updated_at": "2026-03-22T04:48:06.365Z",
    "name": "12ème GM",
    "level": 5,
    "section": 3,
    "academic_year": 1,
    "etablissement": 5
  }
},
{
  "model": "school.classroom",
  "pk": 7,
  "fields": {
    "created_at": "2026-03-22T04:48:06.407Z",
    "updated_at": "2026-03-22T04:48:06.407Z",
    "name": "10ème CG1",
    "level": 5,
    "section": 3,
    "academic_year": 1,
    "etablissement": 7
  }
},
{
  "model": "school.classroom",
  "pk": 8,
  "fields": {
    "created_at": "2026-03-22T04:48:06.410Z",
    "updated_at": "2026-03-22T04:48:06.410Z",
    "name": "10ème CG2",
    "level": 5,
    "section": 3,
    "academic_year": 1,
    "etablissement": 7
  }
},
{
  "model": "school.classroom",
  "pk": 9,
  "fields": {
    "created_at": "2026-03-22T04:48:06.415Z",
    "updated_at": "2026-03-22T04:48:06.415Z",
    "name": "11ème SES1",
    "level": 5,
    "section": 3,
    "academic_year": 1,
    "etablissement": 7
  }
},
{
  "model": "school.classroom",
  "pk": 10,
  "fields": {
    "created_at": "2026-03-22T04:48:06.418Z",
    "updated_at": "2026-03-22T04:48:06.418Z",
    "name": "11ème SES2",
    "level": 5,
    "section": 3,
    "academic_year": 1,
    "etablissement": 7
  }
},
{
  "model": "school.classroom",
  "pk": 11,
  "fields": {
    "created_at": "2026-03-22T04:48:06.421Z",
    "updated_at": "2026-03-22T04:48:06.421Z",
    "name": "11ème TLL",
    "level": 5,
    "section": 3,
    "academic_year": 1,
    "etablissement": 7
  }
},
{
  "model": "school.classroom",
  "pk": 12,
  "fields": {
    "created_at": "2026-03-22T04:48:06.425Z",
    "updated_at": "2026-03-22T04:48:06.425Z",
    "name": "11ème S",
    "level": 5,
    "section": 3,
    "academic_year": 1,
    "etablissement": 7
  }
},
{
  "model": "school.classroom",
  "pk": 13,
  "fields": {
    "created_at": "2026-03-22T04:48:06.428Z",
    "updated_at": "2026-03-22T04:48:06.428Z",
    "name": "12ème TSS1",
    "level": 5,
    "section": 3,
    "academic_year": 1,
    "etablissement": 7
  }
},
{
  "model": "school.classroom",
  "pk": 14,
  "fields": {
    "created_at": "2026-03-22T04:48:06.431Z",
    "updated_at": "2026-03-22T04:48:06.431Z",
    "name": "12ème TSS2",
    "level": 5,
    "section": 3,
    "academic_year": 1,
    "etablissement": 7
  }
},
{
  "model": "school.classroom",
  "pk": 15,
  "fields": {
    "created_at": "2026-03-22T04:48:06.460Z",
    "updated_at": "2026-03-22T04:48:06.460Z",
    "name": "12ème TSECO1",
    "level": 5,
    "section": 3,
    "academic_year": 1,
    "etablissement": 7
  }
},
{
  "model": "school.classroom",
  "pk": 16,
  "fields": {
    "created_at": "2026-03-22T04:48:06.463Z",
    "updated_at": "2026-03-22T04:48:06.463Z",
    "name": "12ème TSECO2",
    "level": 5,
    "section": 3,
    "academic_year": 1,
    "etablissement": 7
  }
},
{
  "model": "school.classroom",
  "pk": 17,
  "fields": {
    "created_at": "2026-03-22T04:48:06.474Z",
    "updated_at": "2026-03-22T04:48:06.474Z",
    "name": "12ème TLL",
    "level": 5,
    "section": 3,
    "academic_year": 1,
    "etablissement": 7
  }
},
{
  "model": "school.classroom",
  "pk": 18,
  "fields": {
    "created_at": "2026-03-22T04:48:06.477Z",
    "updated_at": "2026-03-22T04:48:06.477Z",
    "name": "12ème TSE",
    "level": 5,
    "section": 3,
    "academic_year": 1,
    "etablissement": 7
  }
},
{
  "model": "school.classroom",
  "pk": 19,
  "fields": {
    "created_at": "2026-03-22T04:48:06.497Z",
    "updated_at": "2026-03-22T04:48:06.497Z",
    "name": "12ème TSEXP",
    "level": 5,
    "section": 3,
    "academic_year": 1,
    "etablissement": 7
  }
},
{
  "model": "school.classroom",
  "pk": 20,
  "fields": {
    "created_at": "2026-03-22T04:48:06.502Z",
    "updated_at": "2026-03-22T04:48:06.502Z",
    "name": "1ère Année TC",
    "level": 5,
    "section": 3,
    "academic_year": 1,
    "etablissement": 3
  }
},
{
  "model": "school.classroom",
  "pk": 21,
  "fields": {
    "created_at": "2026-03-22T04:48:06.543Z",
    "updated_at": "2026-03-22T04:48:06.543Z",
    "name": "1ère Année DB1",
    "level": 5,
    "section": 3,
    "academic_year": 1,
    "etablissement": 3
  }
},
{
  "model": "school.classroom",
  "pk": 22,
  "fields": {
    "created_at": "2026-03-22T04:48:06.576Z",
    "updated_at": "2026-03-22T04:48:06.577Z",
    "name": "1ère Année DB2",
    "level": 5,
    "section": 3,
    "academic_year": 1,
    "etablissement": 3
  }
},
{
  "model": "school.classroom",
  "pk": 23,
  "fields": {
    "created_at": "2026-03-22T04:48:06.580Z",
    "updated_at": "2026-03-22T04:48:06.580Z",
    "name": "1ère Année EM1",
    "level": 5,
    "section": 3,
    "academic_year": 1,
    "etablissement": 3
  }
},
{
  "model": "school.classroom",
  "pk": 24,
  "fields": {
    "created_at": "2026-03-22T04:48:06.583Z",
    "updated_at": "2026-03-22T04:48:06.583Z",
    "name": "1ère Année EM2",
    "level": 5,
    "section": 3,
    "academic_year": 1,
    "etablissement": 3
  }
},
{
  "model": "school.classroom",
  "pk": 25,
  "fields": {
    "created_at": "2026-03-22T04:48:06.597Z",
    "updated_at": "2026-03-22T04:48:06.597Z",
    "name": "2ème Année TC",
    "level": 5,
    "section": 3,
    "academic_year": 1,
    "etablissement": 3
  }
},
{
  "model": "school.classroom",
  "pk": 26,
  "fields": {
    "created_at": "2026-03-22T04:48:06.601Z",
    "updated_at": "2026-03-22T04:48:06.601Z",
    "name": "2ème Année DB1",
    "level": 5,
    "section": 3,
    "academic_year": 1,
    "etablissement": 3
  }
},
{
  "model": "school.classroom",
  "pk": 27,
  "fields": {
    "created_at": "2026-03-22T04:48:06.606Z",
    "updated_at": "2026-03-22T04:48:06.606Z",
    "name": "2ème Année DB2",
    "level": 5,
    "section": 3,
    "academic_year": 1,
    "etablissement": 3
  }
},
{
  "model": "school.classroom",
  "pk": 28,
  "fields": {
    "created_at": "2026-03-22T04:48:06.609Z",
    "updated_at": "2026-03-22T04:48:06.609Z",
    "name": "2ème Année EM1",
    "level": 5,
    "section": 3,
    "academic_year": 1,
    "etablissement": 3
  }
},
{
  "model": "school.classroom",
  "pk": 29,
  "fields": {
    "created_at": "2026-03-22T04:48:06.633Z",
    "updated_at": "2026-03-22T04:48:06.633Z",
    "name": "2ème Année EM2",
    "level": 5,
    "section": 3,
    "academic_year": 1,
    "etablissement": 3
  }
},
{
  "model": "school.classroom",
  "pk": 30,
  "fields": {
    "created_at": "2026-03-22T04:48:06.637Z",
    "updated_at": "2026-03-22T04:48:06.637Z",
    "name": "3ème Année TC",
    "level": 5,
    "section": 3,
    "academic_year": 1,
    "etablissement": 3
  }
},
{
  "model": "school.classroom",
  "pk": 31,
  "fields": {
    "created_at": "2026-03-22T04:48:06.642Z",
    "updated_at": "2026-03-22T04:48:06.642Z",
    "name": "3ème Année BD1",
    "level": 5,
    "section": 3,
    "academic_year": 1,
    "etablissement": 3
  }
},
{
  "model": "school.classroom",
  "pk": 32,
  "fields": {
    "created_at": "2026-03-22T04:48:06.650Z",
    "updated_at": "2026-03-22T04:48:06.650Z",
    "name": "3ème Année BD2",
    "level": 5,
    "section": 3,
    "academic_year": 1,
    "etablissement": 3
  }
},
{
  "model": "school.classroom",
  "pk": 33,
  "fields": {
    "created_at": "2026-03-22T04:48:06.653Z",
    "updated_at": "2026-03-22T04:48:06.653Z",
    "name": "3ème Année EM1",
    "level": 5,
    "section": 3,
    "academic_year": 1,
    "etablissement": 3
  }
},
{
  "model": "school.classroom",
  "pk": 34,
  "fields": {
    "created_at": "2026-03-22T04:48:06.657Z",
    "updated_at": "2026-03-22T04:48:06.657Z",
    "name": "3ème Année EM2",
    "level": 5,
    "section": 3,
    "academic_year": 1,
    "etablissement": 3
  }
},
{
  "model": "school.classroom",
  "pk": 35,
  "fields": {
    "created_at": "2026-03-22T04:48:06.662Z",
    "updated_at": "2026-03-22T04:48:06.662Z",
    "name": "1ère Année",
    "level": 5,
    "section": 3,
    "academic_year": 1,
    "etablissement": 11
  }
},
{
  "model": "school.classroom",
  "pk": 36,
  "fields": {
    "created_at": "2026-03-22T04:48:06.688Z",
    "updated_at": "2026-03-22T04:48:06.688Z",
    "name": "2ème année",
    "level": 5,
    "section": 3,
    "academic_year": 1,
    "etablissement": 11
  }
},
{
  "model": "school.classroom",
  "pk": 37,
  "fields": {
    "created_at": "2026-03-22T04:48:06.692Z",
    "updated_at": "2026-03-22T04:48:06.692Z",
    "name": "3ème Année",
    "level": 5,
    "section": 3,
    "academic_year": 1,
    "etablissement": 11
  }
},
{
  "model": "school.classroom",
  "pk": 38,
  "fields": {
    "created_at": "2026-03-22T04:48:06.695Z",
    "updated_at": "2026-03-22T04:48:06.695Z",
    "name": "4ème Année",
    "level": 5,
    "section": 3,
    "academic_year": 1,
    "etablissement": 11
  }
},
{
  "model": "school.classroom",
  "pk": 39,
  "fields": {
    "created_at": "2026-03-22T04:48:06.698Z",
    "updated_at": "2026-03-22T04:48:06.698Z",
    "name": "5ème Année",
    "level": 5,
    "section": 3,
    "academic_year": 1,
    "etablissement": 11
  }
},
{
  "model": "school.classroom",
  "pk": 40,
  "fields": {
    "created_at": "2026-03-22T04:48:06.717Z",
    "updated_at": "2026-03-22T04:48:06.717Z",
    "name": "6ème Année",
    "level": 5,
    "section": 3,
    "academic_year": 1,
    "etablissement": 11
  }
},
{
  "model": "school.classroom",
  "pk": 41,
  "fields": {
    "created_at": "2026-03-22T04:48:06.721Z",
    "updated_at": "2026-03-22T04:48:06.721Z",
    "name": "7ème Année",
    "level": 5,
    "section": 3,
    "academic_year": 1,
    "etablissement": 11
  }
},
{
  "model": "school.classroom",
  "pk": 42,
  "fields": {
    "created_at": "2026-03-22T04:48:06.725Z",
    "updated_at": "2026-03-22T04:48:06.725Z",
    "name": "8ème Année",
    "level": 5,
    "section": 3,
    "academic_year": 1,
    "etablissement": 11
  }
},
{
  "model": "school.classroom",
  "pk": 43,
  "fields": {
    "created_at": "2026-03-22T04:48:06.728Z",
    "updated_at": "2026-03-22T04:48:06.729Z",
    "name": "9ème Année (DEF)",
    "level": 5,
    "section": 3,
    "academic_year": 1,
    "etablissement": 11
  }
},
{
  "model": "school.classroom",
  "pk": 44,
  "fields": {
    "created_at": "2026-03-24T18:40:30.776Z",
    "updated_at": "2026-03-24T18:40:30.777Z",
    "name": "CG1",
    "level": 5,
    "section": 3,
    "academic_year": 1,
    "etablissement": 7
  }
},
{
  "model": "school.classroom",
  "pk": 45,
  "fields": {
    "created_at": "2026-03-24T18:40:31.911Z",
    "updated_at": "2026-03-24T18:40:31.911Z",
    "name": "CG2",
    "level": 5,
    "section": 3,
    "academic_year": 1,
    "etablissement": 7
  }
},
{
  "model": "school.classroom",
  "pk": 47,
  "fields": {
    "created_at": "2026-03-25T10:12:29.635Z",
    "updated_at": "2026-03-25T10:12:29.635Z",
    "name": "6A",
    "level": 7,
    "section": 4,
    "academic_year": 1,
    "etablissement": null
  }
},
{
  "model": "school.subject",
  "pk": 4,
  "fields": {
    "created_at": "2026-03-24T03:18:07.376Z",
    "updated_at": "2026-03-24T03:18:07.376Z",
    "name": "Education Physique et Sportive (EPS)",
    "code": "EPS",
    "coefficient": "1.00"
  }
},
{
  "model": "school.subject",
  "pk": 5,
  "fields": {
    "created_at": "2026-03-24T03:18:07.700Z",
    "updated_at": "2026-03-24T03:18:07.700Z",
    "name": "Education Civique et Morale (ECM)",
    "code": "ECM",
    "coefficient": "1.00"
  }
},
{
  "model": "school.subject",
  "pk": 6,
  "fields": {
    "created_at": "2026-03-24T03:18:07.810Z",
    "updated_at": "2026-03-24T03:18:07.810Z",
    "name": "Français",
    "code": "FR_CG",
    "coefficient": "3.00"
  }
},
{
  "model": "school.subject",
  "pk": 7,
  "fields": {
    "created_at": "2026-03-24T03:18:07.816Z",
    "updated_at": "2026-03-24T03:18:07.816Z",
    "name": "Histoire-Geographie (Histoire-Geo)",
    "code": "HG_CG",
    "coefficient": "2.00"
  }
},
{
  "model": "school.subject",
  "pk": 8,
  "fields": {
    "created_at": "2026-03-24T03:18:07.821Z",
    "updated_at": "2026-03-24T03:18:07.821Z",
    "name": "Informatique",
    "code": "INFO",
    "coefficient": "1.00"
  }
},
{
  "model": "school.subject",
  "pk": 9,
  "fields": {
    "created_at": "2026-03-24T03:18:08.375Z",
    "updated_at": "2026-03-24T03:18:08.375Z",
    "name": "Langue vivante 1",
    "code": "LV1",
    "coefficient": "2.00"
  }
},
{
  "model": "school.subject",
  "pk": 10,
  "fields": {
    "created_at": "2026-03-24T03:18:09.014Z",
    "updated_at": "2026-03-24T03:18:09.014Z",
    "name": "Langue vivante 2",
    "code": "LV2",
    "coefficient": "2.00"
  }
},
{
  "model": "school.subject",
  "pk": 11,
  "fields": {
    "created_at": "2026-03-24T03:18:09.016Z",
    "updated_at": "2026-03-24T03:18:09.016Z",
    "name": "Mathématique (Math)",
    "code": "MATH_CG",
    "coefficient": "3.00"
  }
},
{
  "model": "school.subject",
  "pk": 12,
  "fields": {
    "created_at": "2026-03-24T03:18:09.049Z",
    "updated_at": "2026-03-24T03:18:09.049Z",
    "name": "Physique-Chimie",
    "code": "PC_CG",
    "coefficient": "2.00"
  }
},
{
  "model": "school.subject",
  "pk": 13,
  "fields": {
    "created_at": "2026-03-24T03:18:09.080Z",
    "updated_at": "2026-03-24T03:18:09.080Z",
    "name": "SVT",
    "code": "SVT",
    "coefficient": "2.00"
  }
},
{
  "model": "school.subject",
  "pk": 14,
  "fields": {
    "created_at": "2026-03-24T03:18:09.685Z",
    "updated_at": "2026-03-24T03:18:09.685Z",
    "name": "Mathématique (Math)",
    "code": "MATH_EM",
    "coefficient": "2.00"
  }
},
{
  "model": "school.subject",
  "pk": 15,
  "fields": {
    "created_at": "2026-03-24T03:18:09.691Z",
    "updated_at": "2026-03-24T03:18:09.691Z",
    "name": "PC",
    "code": "PC_EM",
    "coefficient": "4.00"
  }
},
{
  "model": "school.subject",
  "pk": 16,
  "fields": {
    "created_at": "2026-03-24T03:18:09.697Z",
    "updated_at": "2026-03-24T03:18:09.697Z",
    "name": "Français",
    "code": "FR_EM",
    "coefficient": "2.00"
  }
},
{
  "model": "school.subject",
  "pk": 17,
  "fields": {
    "created_at": "2026-03-24T03:18:09.712Z",
    "updated_at": "2026-03-24T03:18:09.712Z",
    "name": "TP",
    "code": "TP",
    "coefficient": "5.00"
  }
},
{
  "model": "school.subject",
  "pk": 18,
  "fields": {
    "created_at": "2026-03-24T03:18:09.717Z",
    "updated_at": "2026-03-24T03:18:09.717Z",
    "name": "LABO",
    "code": "LABO",
    "coefficient": "2.00"
  }
},
{
  "model": "school.subject",
  "pk": 19,
  "fields": {
    "created_at": "2026-03-24T03:18:09.735Z",
    "updated_at": "2026-03-24T03:18:09.735Z",
    "name": "Histoire-Geographie (Histoire-Geo)",
    "code": "HG_EM",
    "coefficient": "2.00"
  }
},
{
  "model": "school.subject",
  "pk": 20,
  "fields": {
    "created_at": "2026-03-24T03:18:09.741Z",
    "updated_at": "2026-03-24T03:18:09.741Z",
    "name": "Langues",
    "code": "LANG",
    "coefficient": "2.00"
  }
},
{
  "model": "school.subject",
  "pk": 21,
  "fields": {
    "created_at": "2026-03-24T03:18:09.755Z",
    "updated_at": "2026-03-24T03:18:09.756Z",
    "name": "Dessin + TC",
    "code": "DESSIN_TC",
    "coefficient": "3.00"
  }
},
{
  "model": "school.subject",
  "pk": 22,
  "fields": {
    "created_at": "2026-03-24T03:18:09.761Z",
    "updated_at": "2026-03-24T03:18:09.761Z",
    "name": "Techno",
    "code": "TECHNO",
    "coefficient": "2.00"
  }
},
{
  "model": "school.subject",
  "pk": 23,
  "fields": {
    "created_at": "2026-03-25T10:12:29.689Z",
    "updated_at": "2026-03-25T10:12:29.690Z",
    "name": "Mathématiques",
    "code": "MATH",
    "coefficient": "4.00"
  }
},
{
  "model": "school.subject",
  "pk": 24,
  "fields": {
    "created_at": "2026-03-25T10:12:29.694Z",
    "updated_at": "2026-03-25T10:12:29.694Z",
    "name": "Français",
    "code": "FR",
    "coefficient": "3.00"
  }
},
{
  "model": "school.subject",
  "pk": 25,
  "fields": {
    "created_at": "2026-03-25T10:12:29.698Z",
    "updated_at": "2026-03-25T10:12:29.698Z",
    "name": "Anglais",
    "code": "EN",
    "coefficient": "2.00"
  }
},
{
  "model": "school.teacher",
  "pk": 2,
  "fields": {
    "created_at": "2026-03-24T03:29:09.849Z",
    "updated_at": "2026-03-24T03:29:09.849Z",
    "user": 14,
    "employee_code": "LOBK-T001",
    "hire_date": "2026-03-24",
    "salary_base": "0.00",
    "etablissement": 7
  }
},
{
  "model": "school.teacher",
  "pk": 3,
  "fields": {
    "created_at": "2026-03-24T03:29:10.817Z",
    "updated_at": "2026-03-24T03:29:10.817Z",
    "user": 15,
    "employee_code": "LOBK-T002",
    "hire_date": "2026-03-24",
    "salary_base": "0.00",
    "etablissement": 7
  }
},
{
  "model": "school.teacher",
  "pk": 4,
  "fields": {
    "created_at": "2026-03-24T03:29:12.238Z",
    "updated_at": "2026-03-24T03:29:12.238Z",
    "user": 16,
    "employee_code": "LOBK-T003",
    "hire_date": "2026-03-24",
    "salary_base": "0.00",
    "etablissement": 7
  }
},
{
  "model": "school.teacher",
  "pk": 5,
  "fields": {
    "created_at": "2026-03-24T03:29:13.399Z",
    "updated_at": "2026-03-24T03:29:13.399Z",
    "user": 17,
    "employee_code": "LOBK-T004",
    "hire_date": "2026-03-24",
    "salary_base": "0.00",
    "etablissement": 7
  }
},
{
  "model": "school.teacher",
  "pk": 6,
  "fields": {
    "created_at": "2026-03-24T03:29:14.444Z",
    "updated_at": "2026-03-24T03:29:14.444Z",
    "user": 18,
    "employee_code": "LOBK-T005",
    "hire_date": "2026-03-24",
    "salary_base": "0.00",
    "etablissement": 7
  }
},
{
  "model": "school.teacher",
  "pk": 7,
  "fields": {
    "created_at": "2026-03-24T03:29:15.566Z",
    "updated_at": "2026-03-24T03:29:15.566Z",
    "user": 19,
    "employee_code": "LOBK-T006",
    "hire_date": "2026-03-24",
    "salary_base": "0.00",
    "etablissement": 7
  }
},
{
  "model": "school.teacher",
  "pk": 8,
  "fields": {
    "created_at": "2026-03-24T03:29:16.885Z",
    "updated_at": "2026-03-24T03:29:16.885Z",
    "user": 20,
    "employee_code": "LOBK-T007",
    "hire_date": "2026-03-24",
    "salary_base": "0.00",
    "etablissement": 7
  }
},
{
  "model": "school.teacher",
  "pk": 9,
  "fields": {
    "created_at": "2026-03-24T03:29:17.920Z",
    "updated_at": "2026-03-24T03:29:17.920Z",
    "user": 21,
    "employee_code": "LOBK-T008",
    "hire_date": "2026-03-24",
    "salary_base": "0.00",
    "etablissement": 7
  }
},
{
  "model": "school.teacher",
  "pk": 10,
  "fields": {
    "created_at": "2026-03-24T03:29:19.196Z",
    "updated_at": "2026-03-24T03:29:19.196Z",
    "user": 22,
    "employee_code": "LOBK-T009",
    "hire_date": "2026-03-24",
    "salary_base": "0.00",
    "etablissement": 7
  }
},
{
  "model": "school.teacher",
  "pk": 11,
  "fields": {
    "created_at": "2026-03-24T03:29:20.520Z",
    "updated_at": "2026-03-24T03:29:20.521Z",
    "user": 23,
    "employee_code": "LOBK-T010",
    "hire_date": "2026-03-24",
    "salary_base": "0.00",
    "etablissement": 7
  }
},
{
  "model": "school.teacher",
  "pk": 12,
  "fields": {
    "created_at": "2026-03-24T03:29:21.343Z",
    "updated_at": "2026-03-24T03:29:21.343Z",
    "user": 24,
    "employee_code": "IFP-T001",
    "hire_date": "2026-03-24",
    "salary_base": "0.00",
    "etablissement": 3
  }
},
{
  "model": "school.teacher",
  "pk": 13,
  "fields": {
    "created_at": "2026-03-24T03:29:22.445Z",
    "updated_at": "2026-03-24T03:29:22.445Z",
    "user": 25,
    "employee_code": "IFP-T002",
    "hire_date": "2026-03-24",
    "salary_base": "0.00",
    "etablissement": 3
  }
},
{
  "model": "school.teacher",
  "pk": 14,
  "fields": {
    "created_at": "2026-03-24T03:29:23.204Z",
    "updated_at": "2026-03-24T03:29:23.204Z",
    "user": 26,
    "employee_code": "IFP-T003",
    "hire_date": "2026-03-24",
    "salary_base": "0.00",
    "etablissement": 3
  }
},
{
  "model": "school.teacher",
  "pk": 15,
  "fields": {
    "created_at": "2026-03-24T03:29:24.040Z",
    "updated_at": "2026-03-24T03:29:24.040Z",
    "user": 27,
    "employee_code": "IFP-T004",
    "hire_date": "2026-03-24",
    "salary_base": "0.00",
    "etablissement": 3
  }
},
{
  "model": "school.teacher",
  "pk": 16,
  "fields": {
    "created_at": "2026-03-24T03:29:25.130Z",
    "updated_at": "2026-03-24T03:29:25.130Z",
    "user": 28,
    "employee_code": "IFP-T005",
    "hire_date": "2026-03-24",
    "salary_base": "0.00",
    "etablissement": 3
  }
},
{
  "model": "school.teacher",
  "pk": 17,
  "fields": {
    "created_at": "2026-03-24T03:29:26.217Z",
    "updated_at": "2026-03-24T03:29:26.217Z",
    "user": 29,
    "employee_code": "IFP-T006",
    "hire_date": "2026-03-24",
    "salary_base": "0.00",
    "etablissement": 3
  }
},
{
  "model": "school.teacher",
  "pk": 18,
  "fields": {
    "created_at": "2026-03-24T03:29:27.159Z",
    "updated_at": "2026-03-24T03:29:27.159Z",
    "user": 30,
    "employee_code": "IFP-T007",
    "hire_date": "2026-03-24",
    "salary_base": "0.00",
    "etablissement": 3
  }
},
{
  "model": "school.teacher",
  "pk": 19,
  "fields": {
    "created_at": "2026-03-24T03:29:28.204Z",
    "updated_at": "2026-03-24T03:29:28.204Z",
    "user": 31,
    "employee_code": "IFP-T008",
    "hire_date": "2026-03-24",
    "salary_base": "0.00",
    "etablissement": 3
  }
},
{
  "model": "school.teacher",
  "pk": 20,
  "fields": {
    "created_at": "2026-03-24T03:29:29.276Z",
    "updated_at": "2026-03-24T03:29:29.276Z",
    "user": 32,
    "employee_code": "IFP-T009",
    "hire_date": "2026-03-24",
    "salary_base": "0.00",
    "etablissement": 3
  }
},
{
  "model": "school.teacher",
  "pk": 21,
  "fields": {
    "created_at": "2026-03-24T03:29:30.244Z",
    "updated_at": "2026-03-24T03:29:30.244Z",
    "user": 33,
    "employee_code": "IFP-T010",
    "hire_date": "2026-03-24",
    "salary_base": "0.00",
    "etablissement": 3
  }
},
{
  "model": "school.teacher",
  "pk": 22,
  "fields": {
    "created_at": "2026-03-24T18:40:32.191Z",
    "updated_at": "2026-03-24T18:40:32.191Z",
    "user": 34,
    "employee_code": "LOBK-ENS-001",
    "hire_date": "2026-03-24",
    "salary_base": "0.00",
    "etablissement": 7
  }
},
{
  "model": "school.teacher",
  "pk": 23,
  "fields": {
    "created_at": "2026-03-24T18:40:32.577Z",
    "updated_at": "2026-03-24T18:40:32.578Z",
    "user": 35,
    "employee_code": "LOBK-ENS-002",
    "hire_date": "2026-03-24",
    "salary_base": "0.00",
    "etablissement": 7
  }
},
{
  "model": "school.teacher",
  "pk": 24,
  "fields": {
    "created_at": "2026-03-24T18:40:32.923Z",
    "updated_at": "2026-03-24T18:40:32.923Z",
    "user": 36,
    "employee_code": "LOBK-ENS-003",
    "hire_date": "2026-03-24",
    "salary_base": "0.00",
    "etablissement": 7
  }
},
{
  "model": "school.teacher",
  "pk": 25,
  "fields": {
    "created_at": "2026-03-24T18:40:33.337Z",
    "updated_at": "2026-03-24T18:40:33.337Z",
    "user": 37,
    "employee_code": "LOBK-ENS-004",
    "hire_date": "2026-03-24",
    "salary_base": "0.00",
    "etablissement": 7
  }
},
{
  "model": "school.teacher",
  "pk": 26,
  "fields": {
    "created_at": "2026-03-24T18:40:33.988Z",
    "updated_at": "2026-03-24T18:40:33.988Z",
    "user": 38,
    "employee_code": "LOBK-ENS-005",
    "hire_date": "2026-03-24",
    "salary_base": "0.00",
    "etablissement": 7
  }
},
{
  "model": "school.teacher",
  "pk": 27,
  "fields": {
    "created_at": "2026-03-24T18:40:34.289Z",
    "updated_at": "2026-03-24T18:40:34.289Z",
    "user": 39,
    "employee_code": "LOBK-ENS-006",
    "hire_date": "2026-03-24",
    "salary_base": "0.00",
    "etablissement": 7
  }
},
{
  "model": "school.teacher",
  "pk": 28,
  "fields": {
    "created_at": "2026-03-24T18:40:34.591Z",
    "updated_at": "2026-03-24T18:40:34.592Z",
    "user": 40,
    "employee_code": "LOBK-ENS-007",
    "hire_date": "2026-03-24",
    "salary_base": "0.00",
    "etablissement": 7
  }
},
{
  "model": "school.teacher",
  "pk": 29,
  "fields": {
    "created_at": "2026-03-24T18:40:34.847Z",
    "updated_at": "2026-03-24T18:40:34.847Z",
    "user": 41,
    "employee_code": "LOBK-ENS-008",
    "hire_date": "2026-03-24",
    "salary_base": "0.00",
    "etablissement": 7
  }
},
{
  "model": "school.teacher",
  "pk": 30,
  "fields": {
    "created_at": "2026-03-24T18:40:34.958Z",
    "updated_at": "2026-03-24T18:40:34.958Z",
    "user": 42,
    "employee_code": "LOBK-ENS-009",
    "hire_date": "2026-03-24",
    "salary_base": "0.00",
    "etablissement": 7
  }
},
{
  "model": "school.teacher",
  "pk": 31,
  "fields": {
    "created_at": "2026-03-24T18:40:35.108Z",
    "updated_at": "2026-03-24T18:40:35.108Z",
    "user": 43,
    "employee_code": "LOBK-ENS-010",
    "hire_date": "2026-03-24",
    "salary_base": "0.00",
    "etablissement": 7
  }
},
{
  "model": "school.teacher",
  "pk": 32,
  "fields": {
    "created_at": "2026-03-25T10:12:29.704Z",
    "updated_at": "2026-03-25T10:12:29.704Z",
    "user": 166,
    "employee_code": "TCH-0001",
    "hire_date": "2025-03-25",
    "salary_base": "350000.00",
    "etablissement": null
  }
},
{
  "model": "school.teacher",
  "pk": 33,
  "fields": {
    "created_at": "2026-03-27T18:49:28.394Z",
    "updated_at": "2026-03-27T18:49:28.394Z",
    "user": 171,
    "employee_code": "IFP-T0001",
    "hire_date": "2026-03-27",
    "salary_base": "1500.00",
    "etablissement": 3
  }
},
{
  "model": "school.teacher",
  "pk": 34,
  "fields": {
    "created_at": "2026-03-29T22:06:17.199Z",
    "updated_at": "2026-03-29T22:06:17.238Z",
    "user": 174,
    "employee_code": "IFP-0002",
    "hire_date": "2026-03-29",
    "salary_base": "0.00",
    "etablissement": 3
  }
},
{
  "model": "school.teacherassignment",
  "pk": 4,
  "fields": {
    "created_at": "2026-03-24T03:29:15.004Z",
    "updated_at": "2026-03-24T03:29:15.005Z",
    "teacher": 2,
    "subject": 4,
    "classroom": 7
  }
},
{
  "model": "school.teacherassignment",
  "pk": 5,
  "fields": {
    "created_at": "2026-03-24T03:29:15.149Z",
    "updated_at": "2026-03-24T03:29:15.149Z",
    "teacher": 3,
    "subject": 5,
    "classroom": 7
  }
},
{
  "model": "school.teacherassignment",
  "pk": 6,
  "fields": {
    "created_at": "2026-03-24T03:29:15.154Z",
    "updated_at": "2026-03-24T03:29:15.154Z",
    "teacher": 4,
    "subject": 6,
    "classroom": 7
  }
},
{
  "model": "school.teacherassignment",
  "pk": 7,
  "fields": {
    "created_at": "2026-03-24T03:29:15.156Z",
    "updated_at": "2026-03-24T03:29:15.157Z",
    "teacher": 5,
    "subject": 7,
    "classroom": 7
  }
},
{
  "model": "school.teacherassignment",
  "pk": 8,
  "fields": {
    "created_at": "2026-03-24T03:29:15.159Z",
    "updated_at": "2026-03-24T03:29:15.159Z",
    "teacher": 6,
    "subject": 8,
    "classroom": 7
  }
},
{
  "model": "school.teacherassignment",
  "pk": 9,
  "fields": {
    "created_at": "2026-03-24T03:29:15.163Z",
    "updated_at": "2026-03-24T03:29:15.163Z",
    "teacher": 2,
    "subject": 9,
    "classroom": 7
  }
},
{
  "model": "school.teacherassignment",
  "pk": 10,
  "fields": {
    "created_at": "2026-03-24T03:29:15.167Z",
    "updated_at": "2026-03-24T03:29:15.167Z",
    "teacher": 3,
    "subject": 10,
    "classroom": 7
  }
},
{
  "model": "school.teacherassignment",
  "pk": 11,
  "fields": {
    "created_at": "2026-03-24T03:29:15.170Z",
    "updated_at": "2026-03-24T03:29:15.170Z",
    "teacher": 4,
    "subject": 11,
    "classroom": 7
  }
},
{
  "model": "school.teacherassignment",
  "pk": 12,
  "fields": {
    "created_at": "2026-03-24T03:29:15.173Z",
    "updated_at": "2026-03-24T03:29:15.173Z",
    "teacher": 5,
    "subject": 12,
    "classroom": 7
  }
},
{
  "model": "school.teacherassignment",
  "pk": 13,
  "fields": {
    "created_at": "2026-03-24T03:29:15.175Z",
    "updated_at": "2026-03-24T03:29:15.175Z",
    "teacher": 6,
    "subject": 13,
    "classroom": 7
  }
},
{
  "model": "school.teacherassignment",
  "pk": 14,
  "fields": {
    "created_at": "2026-03-24T03:29:15.184Z",
    "updated_at": "2026-03-24T03:29:15.184Z",
    "teacher": 2,
    "subject": 4,
    "classroom": 8
  }
},
{
  "model": "school.teacherassignment",
  "pk": 15,
  "fields": {
    "created_at": "2026-03-24T03:29:15.188Z",
    "updated_at": "2026-03-24T03:29:15.188Z",
    "teacher": 3,
    "subject": 5,
    "classroom": 8
  }
},
{
  "model": "school.teacherassignment",
  "pk": 16,
  "fields": {
    "created_at": "2026-03-24T03:29:15.191Z",
    "updated_at": "2026-03-24T03:29:15.191Z",
    "teacher": 4,
    "subject": 6,
    "classroom": 8
  }
},
{
  "model": "school.teacherassignment",
  "pk": 17,
  "fields": {
    "created_at": "2026-03-24T03:29:15.196Z",
    "updated_at": "2026-03-24T03:29:15.196Z",
    "teacher": 5,
    "subject": 7,
    "classroom": 8
  }
},
{
  "model": "school.teacherassignment",
  "pk": 18,
  "fields": {
    "created_at": "2026-03-24T03:29:15.200Z",
    "updated_at": "2026-03-24T03:29:15.200Z",
    "teacher": 6,
    "subject": 8,
    "classroom": 8
  }
},
{
  "model": "school.teacherassignment",
  "pk": 19,
  "fields": {
    "created_at": "2026-03-24T03:29:15.203Z",
    "updated_at": "2026-03-24T03:29:15.204Z",
    "teacher": 2,
    "subject": 9,
    "classroom": 8
  }
},
{
  "model": "school.teacherassignment",
  "pk": 20,
  "fields": {
    "created_at": "2026-03-24T03:29:15.205Z",
    "updated_at": "2026-03-24T03:29:15.205Z",
    "teacher": 3,
    "subject": 10,
    "classroom": 8
  }
},
{
  "model": "school.teacherassignment",
  "pk": 21,
  "fields": {
    "created_at": "2026-03-24T03:29:15.208Z",
    "updated_at": "2026-03-24T03:29:15.208Z",
    "teacher": 4,
    "subject": 11,
    "classroom": 8
  }
},
{
  "model": "school.teacherassignment",
  "pk": 22,
  "fields": {
    "created_at": "2026-03-24T03:29:15.210Z",
    "updated_at": "2026-03-24T03:29:15.210Z",
    "teacher": 5,
    "subject": 12,
    "classroom": 8
  }
},
{
  "model": "school.teacherassignment",
  "pk": 23,
  "fields": {
    "created_at": "2026-03-24T03:29:15.214Z",
    "updated_at": "2026-03-24T03:29:15.214Z",
    "teacher": 6,
    "subject": 13,
    "classroom": 8
  }
},
{
  "model": "school.teacherassignment",
  "pk": 24,
  "fields": {
    "created_at": "2026-03-24T03:35:45.490Z",
    "updated_at": "2026-03-24T03:35:45.490Z",
    "teacher": 12,
    "subject": 4,
    "classroom": 23
  }
},
{
  "model": "school.teacherassignment",
  "pk": 25,
  "fields": {
    "created_at": "2026-03-24T03:35:45.520Z",
    "updated_at": "2026-03-24T03:35:45.520Z",
    "teacher": 13,
    "subject": 5,
    "classroom": 23
  }
},
{
  "model": "school.teacherassignment",
  "pk": 26,
  "fields": {
    "created_at": "2026-03-24T03:35:45.524Z",
    "updated_at": "2026-03-24T03:35:45.524Z",
    "teacher": 14,
    "subject": 14,
    "classroom": 23
  }
},
{
  "model": "school.teacherassignment",
  "pk": 27,
  "fields": {
    "created_at": "2026-03-24T03:35:45.528Z",
    "updated_at": "2026-03-24T03:35:45.528Z",
    "teacher": 15,
    "subject": 15,
    "classroom": 23
  }
},
{
  "model": "school.teacherassignment",
  "pk": 28,
  "fields": {
    "created_at": "2026-03-24T03:35:45.532Z",
    "updated_at": "2026-03-24T03:35:45.532Z",
    "teacher": 16,
    "subject": 16,
    "classroom": 23
  }
},
{
  "model": "school.teacherassignment",
  "pk": 29,
  "fields": {
    "created_at": "2026-03-24T03:35:45.536Z",
    "updated_at": "2026-03-24T03:35:45.536Z",
    "teacher": 17,
    "subject": 17,
    "classroom": 23
  }
},
{
  "model": "school.teacherassignment",
  "pk": 30,
  "fields": {
    "created_at": "2026-03-24T03:35:45.541Z",
    "updated_at": "2026-03-24T03:35:45.541Z",
    "teacher": 18,
    "subject": 18,
    "classroom": 23
  }
},
{
  "model": "school.teacherassignment",
  "pk": 31,
  "fields": {
    "created_at": "2026-03-24T03:35:45.545Z",
    "updated_at": "2026-03-24T03:35:45.545Z",
    "teacher": 19,
    "subject": 19,
    "classroom": 23
  }
},
{
  "model": "school.teacherassignment",
  "pk": 32,
  "fields": {
    "created_at": "2026-03-24T03:35:45.549Z",
    "updated_at": "2026-03-24T03:35:45.549Z",
    "teacher": 20,
    "subject": 20,
    "classroom": 23
  }
},
{
  "model": "school.teacherassignment",
  "pk": 33,
  "fields": {
    "created_at": "2026-03-24T03:35:45.553Z",
    "updated_at": "2026-03-24T03:35:45.553Z",
    "teacher": 21,
    "subject": 21,
    "classroom": 23
  }
},
{
  "model": "school.teacherassignment",
  "pk": 34,
  "fields": {
    "created_at": "2026-03-24T03:35:45.557Z",
    "updated_at": "2026-03-24T03:35:45.557Z",
    "teacher": 12,
    "subject": 22,
    "classroom": 23
  }
},
{
  "model": "school.teacherassignment",
  "pk": 35,
  "fields": {
    "created_at": "2026-03-24T03:35:45.565Z",
    "updated_at": "2026-03-24T03:35:45.565Z",
    "teacher": 13,
    "subject": 4,
    "classroom": 24
  }
},
{
  "model": "school.teacherassignment",
  "pk": 36,
  "fields": {
    "created_at": "2026-03-24T03:35:45.569Z",
    "updated_at": "2026-03-24T03:35:45.569Z",
    "teacher": 14,
    "subject": 5,
    "classroom": 24
  }
},
{
  "model": "school.teacherassignment",
  "pk": 37,
  "fields": {
    "created_at": "2026-03-24T03:35:45.573Z",
    "updated_at": "2026-03-24T03:35:45.573Z",
    "teacher": 15,
    "subject": 14,
    "classroom": 24
  }
},
{
  "model": "school.teacherassignment",
  "pk": 38,
  "fields": {
    "created_at": "2026-03-24T03:35:45.577Z",
    "updated_at": "2026-03-24T03:35:45.577Z",
    "teacher": 16,
    "subject": 15,
    "classroom": 24
  }
},
{
  "model": "school.teacherassignment",
  "pk": 39,
  "fields": {
    "created_at": "2026-03-24T03:35:45.582Z",
    "updated_at": "2026-03-24T03:35:45.582Z",
    "teacher": 17,
    "subject": 16,
    "classroom": 24
  }
},
{
  "model": "school.teacherassignment",
  "pk": 40,
  "fields": {
    "created_at": "2026-03-24T03:35:45.586Z",
    "updated_at": "2026-03-24T03:35:45.586Z",
    "teacher": 18,
    "subject": 17,
    "classroom": 24
  }
},
{
  "model": "school.teacherassignment",
  "pk": 41,
  "fields": {
    "created_at": "2026-03-24T03:35:45.596Z",
    "updated_at": "2026-03-24T03:35:45.596Z",
    "teacher": 19,
    "subject": 18,
    "classroom": 24
  }
},
{
  "model": "school.teacherassignment",
  "pk": 42,
  "fields": {
    "created_at": "2026-03-24T03:35:45.602Z",
    "updated_at": "2026-03-24T03:35:45.602Z",
    "teacher": 20,
    "subject": 19,
    "classroom": 24
  }
},
{
  "model": "school.teacherassignment",
  "pk": 43,
  "fields": {
    "created_at": "2026-03-24T03:35:45.608Z",
    "updated_at": "2026-03-24T03:35:45.608Z",
    "teacher": 21,
    "subject": 20,
    "classroom": 24
  }
},
{
  "model": "school.teacherassignment",
  "pk": 44,
  "fields": {
    "created_at": "2026-03-24T03:35:45.613Z",
    "updated_at": "2026-03-24T03:35:45.613Z",
    "teacher": 12,
    "subject": 21,
    "classroom": 24
  }
},
{
  "model": "school.teacherassignment",
  "pk": 45,
  "fields": {
    "created_at": "2026-03-24T03:35:45.617Z",
    "updated_at": "2026-03-24T03:35:45.617Z",
    "teacher": 13,
    "subject": 22,
    "classroom": 24
  }
},
{
  "model": "school.teacherassignment",
  "pk": 46,
  "fields": {
    "created_at": "2026-03-24T18:53:23.984Z",
    "updated_at": "2026-03-24T18:53:23.984Z",
    "teacher": 22,
    "subject": 4,
    "classroom": 44
  }
},
{
  "model": "school.teacherassignment",
  "pk": 47,
  "fields": {
    "created_at": "2026-03-24T18:53:24.016Z",
    "updated_at": "2026-03-24T18:53:24.016Z",
    "teacher": 23,
    "subject": 5,
    "classroom": 44
  }
},
{
  "model": "school.teacherassignment",
  "pk": 48,
  "fields": {
    "created_at": "2026-03-24T18:53:24.017Z",
    "updated_at": "2026-03-24T18:53:24.017Z",
    "teacher": 24,
    "subject": 6,
    "classroom": 44
  }
},
{
  "model": "school.teacherassignment",
  "pk": 49,
  "fields": {
    "created_at": "2026-03-24T18:53:24.018Z",
    "updated_at": "2026-03-24T18:53:24.018Z",
    "teacher": 25,
    "subject": 7,
    "classroom": 44
  }
},
{
  "model": "school.teacherassignment",
  "pk": 50,
  "fields": {
    "created_at": "2026-03-24T18:53:24.020Z",
    "updated_at": "2026-03-24T18:53:24.020Z",
    "teacher": 26,
    "subject": 8,
    "classroom": 44
  }
},
{
  "model": "school.teacherassignment",
  "pk": 51,
  "fields": {
    "created_at": "2026-03-24T18:53:24.021Z",
    "updated_at": "2026-03-24T18:53:24.021Z",
    "teacher": 27,
    "subject": 9,
    "classroom": 44
  }
},
{
  "model": "school.teacherassignment",
  "pk": 52,
  "fields": {
    "created_at": "2026-03-24T18:53:24.025Z",
    "updated_at": "2026-03-24T18:53:24.025Z",
    "teacher": 28,
    "subject": 10,
    "classroom": 44
  }
},
{
  "model": "school.teacherassignment",
  "pk": 53,
  "fields": {
    "created_at": "2026-03-24T18:53:24.028Z",
    "updated_at": "2026-03-24T18:53:24.028Z",
    "teacher": 29,
    "subject": 11,
    "classroom": 44
  }
},
{
  "model": "school.teacherassignment",
  "pk": 54,
  "fields": {
    "created_at": "2026-03-24T18:53:24.031Z",
    "updated_at": "2026-03-24T18:53:24.031Z",
    "teacher": 30,
    "subject": 12,
    "classroom": 44
  }
},
{
  "model": "school.teacherassignment",
  "pk": 55,
  "fields": {
    "created_at": "2026-03-24T18:53:24.034Z",
    "updated_at": "2026-03-24T18:53:24.034Z",
    "teacher": 31,
    "subject": 13,
    "classroom": 44
  }
},
{
  "model": "school.teacherassignment",
  "pk": 56,
  "fields": {
    "created_at": "2026-03-24T18:53:24.130Z",
    "updated_at": "2026-03-24T18:53:24.130Z",
    "teacher": 22,
    "subject": 4,
    "classroom": 45
  }
},
{
  "model": "school.teacherassignment",
  "pk": 57,
  "fields": {
    "created_at": "2026-03-24T18:53:24.135Z",
    "updated_at": "2026-03-24T18:53:24.135Z",
    "teacher": 23,
    "subject": 5,
    "classroom": 45
  }
},
{
  "model": "school.teacherassignment",
  "pk": 58,
  "fields": {
    "created_at": "2026-03-24T18:53:24.139Z",
    "updated_at": "2026-03-24T18:53:24.139Z",
    "teacher": 24,
    "subject": 6,
    "classroom": 45
  }
},
{
  "model": "school.teacherassignment",
  "pk": 59,
  "fields": {
    "created_at": "2026-03-24T18:53:24.144Z",
    "updated_at": "2026-03-24T18:53:24.144Z",
    "teacher": 25,
    "subject": 7,
    "classroom": 45
  }
},
{
  "model": "school.teacherassignment",
  "pk": 60,
  "fields": {
    "created_at": "2026-03-24T18:53:24.149Z",
    "updated_at": "2026-03-24T18:53:24.150Z",
    "teacher": 26,
    "subject": 8,
    "classroom": 45
  }
},
{
  "model": "school.teacherassignment",
  "pk": 61,
  "fields": {
    "created_at": "2026-03-24T18:53:24.154Z",
    "updated_at": "2026-03-24T18:53:24.154Z",
    "teacher": 27,
    "subject": 9,
    "classroom": 45
  }
},
{
  "model": "school.teacherassignment",
  "pk": 62,
  "fields": {
    "created_at": "2026-03-24T18:53:24.159Z",
    "updated_at": "2026-03-24T18:53:24.159Z",
    "teacher": 28,
    "subject": 10,
    "classroom": 45
  }
},
{
  "model": "school.teacherassignment",
  "pk": 63,
  "fields": {
    "created_at": "2026-03-24T18:53:24.166Z",
    "updated_at": "2026-03-24T18:53:24.166Z",
    "teacher": 29,
    "subject": 11,
    "classroom": 45
  }
},
{
  "model": "school.teacherassignment",
  "pk": 64,
  "fields": {
    "created_at": "2026-03-24T18:53:24.170Z",
    "updated_at": "2026-03-24T18:53:24.170Z",
    "teacher": 30,
    "subject": 12,
    "classroom": 45
  }
},
{
  "model": "school.teacherassignment",
  "pk": 65,
  "fields": {
    "created_at": "2026-03-24T18:53:24.172Z",
    "updated_at": "2026-03-24T18:53:24.173Z",
    "teacher": 31,
    "subject": 13,
    "classroom": 45
  }
},
{
  "model": "school.teacherassignment",
  "pk": 66,
  "fields": {
    "created_at": "2026-03-25T10:12:29.722Z",
    "updated_at": "2026-03-25T10:12:29.722Z",
    "teacher": 32,
    "subject": 23,
    "classroom": 47
  }
},
{
  "model": "school.teacherassignment",
  "pk": 67,
  "fields": {
    "created_at": "2026-03-25T10:12:29.778Z",
    "updated_at": "2026-03-25T10:12:29.778Z",
    "teacher": 32,
    "subject": 24,
    "classroom": 47
  }
},
{
  "model": "school.teacherassignment",
  "pk": 68,
  "fields": {
    "created_at": "2026-03-25T10:12:29.783Z",
    "updated_at": "2026-03-25T10:12:29.783Z",
    "teacher": 32,
    "subject": 25,
    "classroom": 47
  }
},
{
  "model": "school.teacherassignment",
  "pk": 69,
  "fields": {
    "created_at": "2026-03-27T01:08:04.807Z",
    "updated_at": "2026-03-27T01:08:04.866Z",
    "teacher": 17,
    "subject": 25,
    "classroom": 34
  }
},
{
  "model": "school.teacherassignment",
  "pk": 70,
  "fields": {
    "created_at": "2026-03-27T18:50:32.470Z",
    "updated_at": "2026-03-27T18:50:32.470Z",
    "teacher": 33,
    "subject": 25,
    "classroom": 23
  }
},
{
  "model": "school.teacherassignment",
  "pk": 71,
  "fields": {
    "created_at": "2026-03-29T22:08:13.870Z",
    "updated_at": "2026-03-29T22:08:13.900Z",
    "teacher": 34,
    "subject": 8,
    "classroom": 23
  }
},
{
  "model": "school.teacherassignment",
  "pk": 72,
  "fields": {
    "created_at": "2026-03-29T22:08:47.740Z",
    "updated_at": "2026-03-29T22:08:47.740Z",
    "teacher": 34,
    "subject": 8,
    "classroom": 24
  }
},
{
  "model": "school.teacherscheduleslot",
  "pk": 1,
  "fields": {
    "created_at": "2026-03-27T18:53:42.216Z",
    "updated_at": "2026-03-27T18:53:42.216Z",
    "assignment": 33,
    "day_of_week": "MON",
    "start_time": "08:00:00",
    "end_time": "10:00:00",
    "room": "1"
  }
},
{
  "model": "school.teacherscheduleslot",
  "pk": 2,
  "fields": {
    "created_at": "2026-03-27T18:54:54.823Z",
    "updated_at": "2026-03-27T18:54:54.823Z",
    "assignment": 25,
    "day_of_week": "MON",
    "start_time": "11:00:00",
    "end_time": "14:00:00",
    "room": "1"
  }
},
{
  "model": "school.teacherscheduleslot",
  "pk": 3,
  "fields": {
    "created_at": "2026-03-27T18:56:20.041Z",
    "updated_at": "2026-03-27T18:56:20.041Z",
    "assignment": 24,
    "day_of_week": "TUE",
    "start_time": "08:00:00",
    "end_time": "12:00:00",
    "room": "1"
  }
},
{
  "model": "school.teacherscheduleslot",
  "pk": 4,
  "fields": {
    "created_at": "2026-03-27T18:57:08.577Z",
    "updated_at": "2026-03-27T18:57:08.577Z",
    "assignment": 33,
    "day_of_week": "WED",
    "start_time": "14:00:00",
    "end_time": "16:00:00",
    "room": ""
  }
},
{
  "model": "school.teacherscheduleslot",
  "pk": 5,
  "fields": {
    "created_at": "2026-03-27T18:58:03.726Z",
    "updated_at": "2026-03-27T18:58:03.726Z",
    "assignment": 33,
    "day_of_week": "FRI",
    "start_time": "10:00:00",
    "end_time": "15:00:00",
    "room": ""
  }
},
{
  "model": "school.teacherscheduleslot",
  "pk": 6,
  "fields": {
    "created_at": "2026-03-27T18:59:02.078Z",
    "updated_at": "2026-03-27T18:59:02.078Z",
    "assignment": 33,
    "day_of_week": "SAT",
    "start_time": "08:00:00",
    "end_time": "12:00:00",
    "room": ""
  }
},
{
  "model": "school.teacherscheduleslot",
  "pk": 7,
  "fields": {
    "created_at": "2026-03-29T17:38:54.301Z",
    "updated_at": "2026-03-29T17:38:54.301Z",
    "assignment": 31,
    "day_of_week": "MON",
    "start_time": "17:00:00",
    "end_time": "18:00:00",
    "room": ""
  }
},
{
  "model": "school.teacherscheduleslot",
  "pk": 8,
  "fields": {
    "created_at": "2026-03-30T14:17:56.664Z",
    "updated_at": "2026-03-30T14:17:56.664Z",
    "assignment": 57,
    "day_of_week": "MON",
    "start_time": "08:00:00",
    "end_time": "10:00:00",
    "room": ""
  }
},
{
  "model": "school.teacherscheduleslot",
  "pk": 9,
  "fields": {
    "created_at": "2026-03-30T14:18:58.649Z",
    "updated_at": "2026-03-30T14:18:58.649Z",
    "assignment": 63,
    "day_of_week": "MON",
    "start_time": "15:00:00",
    "end_time": "17:00:00",
    "room": "1"
  }
},
{
  "model": "school.teacherscheduleslot",
  "pk": 10,
  "fields": {
    "created_at": "2026-03-30T14:20:49.368Z",
    "updated_at": "2026-03-30T14:20:49.368Z",
    "assignment": 58,
    "day_of_week": "TUE",
    "start_time": "09:00:00",
    "end_time": "12:00:00",
    "room": ""
  }
},
{
  "model": "school.teacherscheduleslot",
  "pk": 11,
  "fields": {
    "created_at": "2026-03-30T14:21:44.237Z",
    "updated_at": "2026-03-30T14:21:44.237Z",
    "assignment": 57,
    "day_of_week": "TUE",
    "start_time": "13:00:00",
    "end_time": "15:00:00",
    "room": ""
  }
},
{
  "model": "school.teacherscheduleslot",
  "pk": 12,
  "fields": {
    "created_at": "2026-03-30T14:22:52.513Z",
    "updated_at": "2026-03-30T14:22:52.514Z",
    "assignment": 57,
    "day_of_week": "WED",
    "start_time": "16:00:00",
    "end_time": "17:00:00",
    "room": ""
  }
},
{
  "model": "school.teacherscheduleslot",
  "pk": 13,
  "fields": {
    "created_at": "2026-03-30T14:23:45.375Z",
    "updated_at": "2026-03-30T14:23:45.375Z",
    "assignment": 64,
    "day_of_week": "THU",
    "start_time": "08:00:00",
    "end_time": "10:00:00",
    "room": ""
  }
},
{
  "model": "school.teacherscheduleslot",
  "pk": 14,
  "fields": {
    "created_at": "2026-03-30T14:24:41.748Z",
    "updated_at": "2026-03-30T14:24:41.748Z",
    "assignment": 60,
    "day_of_week": "FRI",
    "start_time": "14:00:00",
    "end_time": "15:00:00",
    "room": ""
  }
},
{
  "model": "school.teacherscheduleslot",
  "pk": 15,
  "fields": {
    "created_at": "2026-03-30T14:25:21.196Z",
    "updated_at": "2026-03-30T14:25:21.196Z",
    "assignment": 63,
    "day_of_week": "SAT",
    "start_time": "08:00:00",
    "end_time": "13:00:00",
    "room": ""
  }
},
{
  "model": "school.teacherscheduleslot",
  "pk": 16,
  "fields": {
    "created_at": "2026-04-09T19:10:35.178Z",
    "updated_at": "2026-04-09T19:10:35.178Z",
    "assignment": 69,
    "day_of_week": "MON",
    "start_time": "08:00:00",
    "end_time": "09:00:00",
    "room": ""
  }
},
{
  "model": "school.teacherscheduleslot",
  "pk": 17,
  "fields": {
    "created_at": "2026-04-09T19:10:35.361Z",
    "updated_at": "2026-04-09T19:10:35.361Z",
    "assignment": 69,
    "day_of_week": "MON",
    "start_time": "09:00:00",
    "end_time": "10:00:00",
    "room": ""
  }
},
{
  "model": "school.teacherscheduleslot",
  "pk": 18,
  "fields": {
    "created_at": "2026-04-09T19:10:35.487Z",
    "updated_at": "2026-04-09T19:10:35.487Z",
    "assignment": 69,
    "day_of_week": "MON",
    "start_time": "11:00:00",
    "end_time": "12:00:00",
    "room": ""
  }
},
{
  "model": "school.teacherscheduleslot",
  "pk": 19,
  "fields": {
    "created_at": "2026-04-09T19:10:35.758Z",
    "updated_at": "2026-04-09T19:10:35.758Z",
    "assignment": 69,
    "day_of_week": "MON",
    "start_time": "14:00:00",
    "end_time": "15:00:00",
    "room": ""
  }
},
{
  "model": "school.teacherscheduleslot",
  "pk": 20,
  "fields": {
    "created_at": "2026-04-09T19:17:25.996Z",
    "updated_at": "2026-04-09T19:17:25.996Z",
    "assignment": 69,
    "day_of_week": "TUE",
    "start_time": "08:00:00",
    "end_time": "09:00:00",
    "room": ""
  }
},
{
  "model": "school.teacherscheduleslot",
  "pk": 21,
  "fields": {
    "created_at": "2026-04-09T19:17:26.123Z",
    "updated_at": "2026-04-09T19:17:26.123Z",
    "assignment": 69,
    "day_of_week": "TUE",
    "start_time": "09:00:00",
    "end_time": "10:00:00",
    "room": ""
  }
},
{
  "model": "school.teacherscheduleslot",
  "pk": 22,
  "fields": {
    "created_at": "2026-04-09T19:17:26.284Z",
    "updated_at": "2026-04-09T19:17:26.284Z",
    "assignment": 69,
    "day_of_week": "TUE",
    "start_time": "14:00:00",
    "end_time": "15:00:00",
    "room": ""
  }
},
{
  "model": "school.teacherscheduleslot",
  "pk": 23,
  "fields": {
    "created_at": "2026-04-09T19:17:26.438Z",
    "updated_at": "2026-04-09T19:17:26.438Z",
    "assignment": 69,
    "day_of_week": "TUE",
    "start_time": "15:00:00",
    "end_time": "16:00:00",
    "room": ""
  }
},
{
  "model": "school.teacherscheduleslot",
  "pk": 24,
  "fields": {
    "created_at": "2026-04-09T19:35:40.792Z",
    "updated_at": "2026-04-09T19:35:40.792Z",
    "assignment": 71,
    "day_of_week": "WED",
    "start_time": "08:00:00",
    "end_time": "10:00:00",
    "room": ""
  }
},
{
  "model": "school.teacherscheduleslot",
  "pk": 25,
  "fields": {
    "created_at": "2026-04-09T19:35:40.975Z",
    "updated_at": "2026-04-09T19:35:40.975Z",
    "assignment": 71,
    "day_of_week": "THU",
    "start_time": "08:00:00",
    "end_time": "10:00:00",
    "room": ""
  }
},
{
  "model": "school.teacherscheduleslot",
  "pk": 26,
  "fields": {
    "created_at": "2026-04-09T19:35:41.077Z",
    "updated_at": "2026-04-09T19:35:41.077Z",
    "assignment": 71,
    "day_of_week": "FRI",
    "start_time": "08:00:00",
    "end_time": "10:00:00",
    "room": ""
  }
},
{
  "model": "school.teacherscheduleslot",
  "pk": 27,
  "fields": {
    "created_at": "2026-04-09T19:43:29.085Z",
    "updated_at": "2026-04-09T19:43:29.086Z",
    "assignment": 72,
    "day_of_week": "MON",
    "start_time": "08:00:00",
    "end_time": "09:00:00",
    "room": ""
  }
},
{
  "model": "school.teacherscheduleslot",
  "pk": 28,
  "fields": {
    "created_at": "2026-04-09T19:43:29.301Z",
    "updated_at": "2026-04-09T19:43:29.301Z",
    "assignment": 72,
    "day_of_week": "MON",
    "start_time": "09:00:00",
    "end_time": "10:00:00",
    "room": ""
  }
},
{
  "model": "school.teacherscheduleslot",
  "pk": 29,
  "fields": {
    "created_at": "2026-04-09T19:43:29.419Z",
    "updated_at": "2026-04-09T19:43:29.419Z",
    "assignment": 72,
    "day_of_week": "MON",
    "start_time": "16:00:00",
    "end_time": "17:00:00",
    "room": ""
  }
},
{
  "model": "school.teacherscheduleslot",
  "pk": 30,
  "fields": {
    "created_at": "2026-04-09T19:43:29.528Z",
    "updated_at": "2026-04-09T19:43:29.528Z",
    "assignment": 72,
    "day_of_week": "WED",
    "start_time": "10:00:00",
    "end_time": "11:00:00",
    "room": ""
  }
},
{
  "model": "school.teacherscheduleslot",
  "pk": 31,
  "fields": {
    "created_at": "2026-04-09T19:43:29.643Z",
    "updated_at": "2026-04-09T19:43:29.643Z",
    "assignment": 72,
    "day_of_week": "WED",
    "start_time": "16:00:00",
    "end_time": "17:00:00",
    "room": ""
  }
},
{
  "model": "school.teacherscheduleslot",
  "pk": 32,
  "fields": {
    "created_at": "2026-04-09T19:43:29.799Z",
    "updated_at": "2026-04-09T19:43:29.799Z",
    "assignment": 72,
    "day_of_week": "FRI",
    "start_time": "11:00:00",
    "end_time": "12:00:00",
    "room": ""
  }
},
{
  "model": "school.teacherscheduleslot",
  "pk": 33,
  "fields": {
    "created_at": "2026-04-09T19:43:29.900Z",
    "updated_at": "2026-04-09T19:43:29.900Z",
    "assignment": 72,
    "day_of_week": "FRI",
    "start_time": "14:00:00",
    "end_time": "15:00:00",
    "room": ""
  }
},
{
  "model": "school.teacheravailabilityslot",
  "pk": 1,
  "fields": {
    "created_at": "2026-03-30T20:20:29.982Z",
    "updated_at": "2026-03-30T20:20:29.982Z",
    "teacher": 34,
    "etablissement": 3,
    "day_of_week": "TUE",
    "start_time": "07:00:00",
    "end_time": "08:00:00"
  }
},
{
  "model": "school.teacheravailabilityslot",
  "pk": 2,
  "fields": {
    "created_at": "2026-03-30T20:48:25.901Z",
    "updated_at": "2026-03-30T20:48:25.901Z",
    "teacher": 34,
    "etablissement": 3,
    "day_of_week": "WED",
    "start_time": "10:00:00",
    "end_time": "11:00:00"
  }
},
{
  "model": "school.timetablepublication",
  "pk": 1,
  "fields": {
    "created_at": "2026-04-01T01:12:11.051Z",
    "updated_at": "2026-04-09T19:03:10.342Z",
    "classroom": 23,
    "is_published": true,
    "is_locked": false,
    "published_by": 1,
    "published_at": "2026-04-01T01:12:40.791Z",
    "notes": ""
  }
},
{
  "model": "school.parentprofile",
  "pk": 2,
  "fields": {
    "created_at": "2026-03-25T10:12:29.835Z",
    "updated_at": "2026-03-25T10:12:29.835Z",
    "user": 167,
    "profession": "Commerçante",
    "etablissement": null
  }
},
{
  "model": "school.student",
  "pk": 5,
  "fields": {
    "created_at": "2026-03-25T09:46:27.386Z",
    "updated_at": "2026-03-25T16:18:04.936Z",
    "user": 44,
    "matricule": "GS-2026-00004",
    "birth_date": "2005-01-01",
    "classroom": 23,
    "parent": null,
    "photo": "",
    "enrollment_date": "2026-03-25",
    "is_archived": false,
    "conduite": "18.00",
    "etablissement": null
  }
},
{
  "model": "school.student",
  "pk": 6,
  "fields": {
    "created_at": "2026-03-25T09:46:28.334Z",
    "updated_at": "2026-04-06T14:50:04.253Z",
    "user": 45,
    "matricule": "GS-2026-00005",
    "birth_date": null,
    "classroom": 23,
    "parent": null,
    "photo": "students/van-profil.png",
    "enrollment_date": "2026-03-25",
    "is_archived": false,
    "conduite": "18.00",
    "etablissement": 3
  }
},
{
  "model": "school.student",
  "pk": 7,
  "fields": {
    "created_at": "2026-03-25T09:46:28.843Z",
    "updated_at": "2026-03-25T09:46:28.843Z",
    "user": 46,
    "matricule": "GS-2026-00006",
    "birth_date": null,
    "classroom": 23,
    "parent": null,
    "photo": "",
    "enrollment_date": "2026-03-25",
    "is_archived": false,
    "conduite": "18.00",
    "etablissement": 3
  }
},
{
  "model": "school.student",
  "pk": 8,
  "fields": {
    "created_at": "2026-03-25T09:46:29.455Z",
    "updated_at": "2026-03-25T09:46:29.455Z",
    "user": 47,
    "matricule": "GS-2026-00007",
    "birth_date": null,
    "classroom": 23,
    "parent": null,
    "photo": "",
    "enrollment_date": "2026-03-25",
    "is_archived": false,
    "conduite": "18.00",
    "etablissement": 3
  }
},
{
  "model": "school.student",
  "pk": 9,
  "fields": {
    "created_at": "2026-03-25T09:46:29.969Z",
    "updated_at": "2026-03-25T09:46:29.969Z",
    "user": 48,
    "matricule": "GS-2026-00008",
    "birth_date": null,
    "classroom": 23,
    "parent": null,
    "photo": "",
    "enrollment_date": "2026-03-25",
    "is_archived": false,
    "conduite": "18.00",
    "etablissement": 3
  }
},
{
  "model": "school.student",
  "pk": 10,
  "fields": {
    "created_at": "2026-03-25T09:46:30.421Z",
    "updated_at": "2026-03-25T09:46:30.421Z",
    "user": 49,
    "matricule": "GS-2026-00009",
    "birth_date": null,
    "classroom": 23,
    "parent": null,
    "photo": "",
    "enrollment_date": "2026-03-25",
    "is_archived": false,
    "conduite": "18.00",
    "etablissement": 3
  }
},
{
  "model": "school.student",
  "pk": 11,
  "fields": {
    "created_at": "2026-03-25T09:46:30.888Z",
    "updated_at": "2026-03-25T09:46:30.888Z",
    "user": 50,
    "matricule": "GS-2026-00010",
    "birth_date": null,
    "classroom": 23,
    "parent": null,
    "photo": "",
    "enrollment_date": "2026-03-25",
    "is_archived": false,
    "conduite": "18.00",
    "etablissement": 3
  }
},
{
  "model": "school.student",
  "pk": 12,
  "fields": {
    "created_at": "2026-03-25T09:46:31.369Z",
    "updated_at": "2026-03-25T09:46:31.369Z",
    "user": 51,
    "matricule": "GS-2026-00011",
    "birth_date": null,
    "classroom": 23,
    "parent": null,
    "photo": "",
    "enrollment_date": "2026-03-25",
    "is_archived": false,
    "conduite": "18.00",
    "etablissement": 3
  }
},
{
  "model": "school.student",
  "pk": 13,
  "fields": {
    "created_at": "2026-03-25T09:46:31.824Z",
    "updated_at": "2026-03-25T09:46:31.824Z",
    "user": 52,
    "matricule": "GS-2026-00012",
    "birth_date": null,
    "classroom": 23,
    "parent": null,
    "photo": "",
    "enrollment_date": "2026-03-25",
    "is_archived": false,
    "conduite": "18.00",
    "etablissement": 3
  }
},
{
  "model": "school.student",
  "pk": 14,
  "fields": {
    "created_at": "2026-03-25T09:46:32.275Z",
    "updated_at": "2026-03-25T09:46:32.275Z",
    "user": 53,
    "matricule": "GS-2026-00013",
    "birth_date": null,
    "classroom": 23,
    "parent": null,
    "photo": "",
    "enrollment_date": "2026-03-25",
    "is_archived": false,
    "conduite": "18.00",
    "etablissement": 3
  }
},
{
  "model": "school.student",
  "pk": 15,
  "fields": {
    "created_at": "2026-03-25T09:46:32.735Z",
    "updated_at": "2026-03-25T09:46:32.735Z",
    "user": 54,
    "matricule": "GS-2026-00014",
    "birth_date": null,
    "classroom": 24,
    "parent": null,
    "photo": "",
    "enrollment_date": "2026-03-25",
    "is_archived": false,
    "conduite": "18.00",
    "etablissement": 3
  }
},
{
  "model": "school.student",
  "pk": 16,
  "fields": {
    "created_at": "2026-03-25T09:46:33.231Z",
    "updated_at": "2026-03-25T09:46:33.231Z",
    "user": 55,
    "matricule": "GS-2026-00015",
    "birth_date": null,
    "classroom": 24,
    "parent": null,
    "photo": "",
    "enrollment_date": "2026-03-25",
    "is_archived": false,
    "conduite": "18.00",
    "etablissement": 3
  }
},
{
  "model": "school.student",
  "pk": 17,
  "fields": {
    "created_at": "2026-03-25T09:46:33.683Z",
    "updated_at": "2026-03-25T09:46:33.683Z",
    "user": 56,
    "matricule": "GS-2026-00016",
    "birth_date": null,
    "classroom": 24,
    "parent": null,
    "photo": "",
    "enrollment_date": "2026-03-25",
    "is_archived": false,
    "conduite": "18.00",
    "etablissement": 3
  }
},
{
  "model": "school.student",
  "pk": 18,
  "fields": {
    "created_at": "2026-03-25T09:46:34.196Z",
    "updated_at": "2026-03-25T09:46:34.196Z",
    "user": 57,
    "matricule": "GS-2026-00017",
    "birth_date": null,
    "classroom": 24,
    "parent": null,
    "photo": "",
    "enrollment_date": "2026-03-25",
    "is_archived": false,
    "conduite": "18.00",
    "etablissement": 3
  }
},
{
  "model": "school.student",
  "pk": 19,
  "fields": {
    "created_at": "2026-03-25T09:46:34.716Z",
    "updated_at": "2026-03-25T09:46:34.716Z",
    "user": 58,
    "matricule": "GS-2026-00018",
    "birth_date": null,
    "classroom": 24,
    "parent": null,
    "photo": "",
    "enrollment_date": "2026-03-25",
    "is_archived": false,
    "conduite": "18.00",
    "etablissement": 3
  }
},
{
  "model": "school.student",
  "pk": 20,
  "fields": {
    "created_at": "2026-03-25T09:46:35.558Z",
    "updated_at": "2026-03-25T09:46:35.558Z",
    "user": 59,
    "matricule": "GS-2026-00019",
    "birth_date": null,
    "classroom": 24,
    "parent": null,
    "photo": "",
    "enrollment_date": "2026-03-25",
    "is_archived": false,
    "conduite": "18.00",
    "etablissement": 3
  }
},
{
  "model": "school.student",
  "pk": 21,
  "fields": {
    "created_at": "2026-03-25T09:46:36.072Z",
    "updated_at": "2026-03-25T09:46:36.072Z",
    "user": 60,
    "matricule": "GS-2026-00020",
    "birth_date": null,
    "classroom": 24,
    "parent": null,
    "photo": "",
    "enrollment_date": "2026-03-25",
    "is_archived": false,
    "conduite": "18.00",
    "etablissement": 3
  }
},
{
  "model": "school.student",
  "pk": 22,
  "fields": {
    "created_at": "2026-03-25T09:46:36.627Z",
    "updated_at": "2026-03-25T09:46:36.627Z",
    "user": 61,
    "matricule": "GS-2026-00021",
    "birth_date": null,
    "classroom": 24,
    "parent": null,
    "photo": "",
    "enrollment_date": "2026-03-25",
    "is_archived": false,
    "conduite": "18.00",
    "etablissement": 3
  }
},
{
  "model": "school.student",
  "pk": 23,
  "fields": {
    "created_at": "2026-03-25T09:46:37.146Z",
    "updated_at": "2026-03-25T09:46:37.146Z",
    "user": 62,
    "matricule": "GS-2026-00022",
    "birth_date": null,
    "classroom": 24,
    "parent": null,
    "photo": "",
    "enrollment_date": "2026-03-25",
    "is_archived": false,
    "conduite": "18.00",
    "etablissement": 3
  }
},
{
  "model": "school.student",
  "pk": 24,
  "fields": {
    "created_at": "2026-03-25T09:46:37.658Z",
    "updated_at": "2026-03-25T09:46:37.658Z",
    "user": 63,
    "matricule": "GS-2026-00023",
    "birth_date": null,
    "classroom": 24,
    "parent": null,
    "photo": "",
    "enrollment_date": "2026-03-25",
    "is_archived": false,
    "conduite": "18.00",
    "etablissement": 3
  }
},
{
  "model": "school.student",
  "pk": 25,
  "fields": {
    "created_at": "2026-03-25T09:46:38.168Z",
    "updated_at": "2026-03-25T09:46:38.168Z",
    "user": 64,
    "matricule": "GS-2026-00024",
    "birth_date": null,
    "classroom": 7,
    "parent": null,
    "photo": "",
    "enrollment_date": "2026-03-25",
    "is_archived": false,
    "conduite": "18.00",
    "etablissement": 7
  }
},
{
  "model": "school.student",
  "pk": 26,
  "fields": {
    "created_at": "2026-03-25T09:46:38.697Z",
    "updated_at": "2026-03-25T09:46:38.697Z",
    "user": 65,
    "matricule": "GS-2026-00025",
    "birth_date": null,
    "classroom": 7,
    "parent": null,
    "photo": "",
    "enrollment_date": "2026-03-25",
    "is_archived": false,
    "conduite": "18.00",
    "etablissement": 7
  }
},
{
  "model": "school.student",
  "pk": 27,
  "fields": {
    "created_at": "2026-03-25T09:46:39.248Z",
    "updated_at": "2026-03-25T09:46:39.248Z",
    "user": 66,
    "matricule": "GS-2026-00026",
    "birth_date": null,
    "classroom": 7,
    "parent": null,
    "photo": "",
    "enrollment_date": "2026-03-25",
    "is_archived": false,
    "conduite": "18.00",
    "etablissement": 7
  }
},
{
  "model": "school.student",
  "pk": 28,
  "fields": {
    "created_at": "2026-03-25T09:46:39.759Z",
    "updated_at": "2026-03-25T09:46:39.759Z",
    "user": 67,
    "matricule": "GS-2026-00027",
    "birth_date": null,
    "classroom": 7,
    "parent": null,
    "photo": "",
    "enrollment_date": "2026-03-25",
    "is_archived": false,
    "conduite": "18.00",
    "etablissement": 7
  }
},
{
  "model": "school.student",
  "pk": 29,
  "fields": {
    "created_at": "2026-03-25T09:46:40.268Z",
    "updated_at": "2026-03-25T09:46:40.268Z",
    "user": 68,
    "matricule": "GS-2026-00028",
    "birth_date": null,
    "classroom": 7,
    "parent": null,
    "photo": "",
    "enrollment_date": "2026-03-25",
    "is_archived": false,
    "conduite": "18.00",
    "etablissement": 7
  }
},
{
  "model": "school.student",
  "pk": 30,
  "fields": {
    "created_at": "2026-03-25T09:46:40.866Z",
    "updated_at": "2026-03-25T09:46:40.866Z",
    "user": 69,
    "matricule": "GS-2026-00029",
    "birth_date": null,
    "classroom": 7,
    "parent": null,
    "photo": "",
    "enrollment_date": "2026-03-25",
    "is_archived": false,
    "conduite": "18.00",
    "etablissement": 7
  }
},
{
  "model": "school.student",
  "pk": 31,
  "fields": {
    "created_at": "2026-03-25T09:46:41.402Z",
    "updated_at": "2026-03-25T09:46:41.402Z",
    "user": 70,
    "matricule": "GS-2026-00030",
    "birth_date": null,
    "classroom": 7,
    "parent": null,
    "photo": "",
    "enrollment_date": "2026-03-25",
    "is_archived": false,
    "conduite": "18.00",
    "etablissement": 7
  }
},
{
  "model": "school.student",
  "pk": 32,
  "fields": {
    "created_at": "2026-03-25T09:46:41.916Z",
    "updated_at": "2026-03-25T09:46:41.916Z",
    "user": 71,
    "matricule": "GS-2026-00031",
    "birth_date": null,
    "classroom": 7,
    "parent": null,
    "photo": "",
    "enrollment_date": "2026-03-25",
    "is_archived": false,
    "conduite": "18.00",
    "etablissement": 7
  }
},
{
  "model": "school.student",
  "pk": 33,
  "fields": {
    "created_at": "2026-03-25T09:46:42.426Z",
    "updated_at": "2026-03-25T09:46:42.426Z",
    "user": 72,
    "matricule": "GS-2026-00032",
    "birth_date": null,
    "classroom": 7,
    "parent": null,
    "photo": "",
    "enrollment_date": "2026-03-25",
    "is_archived": false,
    "conduite": "18.00",
    "etablissement": 7
  }
},
{
  "model": "school.student",
  "pk": 34,
  "fields": {
    "created_at": "2026-03-25T09:46:42.935Z",
    "updated_at": "2026-03-25T09:46:42.935Z",
    "user": 73,
    "matricule": "GS-2026-00033",
    "birth_date": null,
    "classroom": 7,
    "parent": null,
    "photo": "",
    "enrollment_date": "2026-03-25",
    "is_archived": false,
    "conduite": "18.00",
    "etablissement": 7
  }
},
{
  "model": "school.student",
  "pk": 35,
  "fields": {
    "created_at": "2026-03-25T09:46:43.445Z",
    "updated_at": "2026-03-25T09:46:43.445Z",
    "user": 74,
    "matricule": "GS-2026-00034",
    "birth_date": null,
    "classroom": 8,
    "parent": null,
    "photo": "",
    "enrollment_date": "2026-03-25",
    "is_archived": false,
    "conduite": "18.00",
    "etablissement": 7
  }
},
{
  "model": "school.student",
  "pk": 36,
  "fields": {
    "created_at": "2026-03-25T09:46:43.967Z",
    "updated_at": "2026-03-25T09:46:43.967Z",
    "user": 75,
    "matricule": "GS-2026-00035",
    "birth_date": null,
    "classroom": 8,
    "parent": null,
    "photo": "",
    "enrollment_date": "2026-03-25",
    "is_archived": false,
    "conduite": "18.00",
    "etablissement": 7
  }
},
{
  "model": "school.student",
  "pk": 37,
  "fields": {
    "created_at": "2026-03-25T09:46:44.476Z",
    "updated_at": "2026-03-25T09:46:44.477Z",
    "user": 76,
    "matricule": "GS-2026-00036",
    "birth_date": null,
    "classroom": 8,
    "parent": null,
    "photo": "",
    "enrollment_date": "2026-03-25",
    "is_archived": false,
    "conduite": "18.00",
    "etablissement": 7
  }
},
{
  "model": "school.student",
  "pk": 38,
  "fields": {
    "created_at": "2026-03-25T09:46:45.226Z",
    "updated_at": "2026-03-25T09:46:45.226Z",
    "user": 77,
    "matricule": "GS-2026-00037",
    "birth_date": null,
    "classroom": 8,
    "parent": null,
    "photo": "",
    "enrollment_date": "2026-03-25",
    "is_archived": false,
    "conduite": "18.00",
    "etablissement": 7
  }
},
{
  "model": "school.student",
  "pk": 39,
  "fields": {
    "created_at": "2026-03-25T09:46:45.731Z",
    "updated_at": "2026-03-25T09:46:45.731Z",
    "user": 78,
    "matricule": "GS-2026-00038",
    "birth_date": null,
    "classroom": 8,
    "parent": null,
    "photo": "",
    "enrollment_date": "2026-03-25",
    "is_archived": false,
    "conduite": "18.00",
    "etablissement": 7
  }
},
{
  "model": "school.student",
  "pk": 40,
  "fields": {
    "created_at": "2026-03-25T09:46:46.242Z",
    "updated_at": "2026-03-25T09:46:46.242Z",
    "user": 79,
    "matricule": "GS-2026-00039",
    "birth_date": null,
    "classroom": 8,
    "parent": null,
    "photo": "",
    "enrollment_date": "2026-03-25",
    "is_archived": false,
    "conduite": "18.00",
    "etablissement": 7
  }
},
{
  "model": "school.student",
  "pk": 41,
  "fields": {
    "created_at": "2026-03-25T09:46:46.689Z",
    "updated_at": "2026-03-25T09:46:46.689Z",
    "user": 80,
    "matricule": "GS-2026-00040",
    "birth_date": null,
    "classroom": 8,
    "parent": null,
    "photo": "",
    "enrollment_date": "2026-03-25",
    "is_archived": false,
    "conduite": "18.00",
    "etablissement": 7
  }
},
{
  "model": "school.student",
  "pk": 42,
  "fields": {
    "created_at": "2026-03-25T09:46:47.295Z",
    "updated_at": "2026-03-25T09:46:47.295Z",
    "user": 81,
    "matricule": "GS-2026-00041",
    "birth_date": null,
    "classroom": 8,
    "parent": null,
    "photo": "",
    "enrollment_date": "2026-03-25",
    "is_archived": false,
    "conduite": "18.00",
    "etablissement": 7
  }
},
{
  "model": "school.student",
  "pk": 43,
  "fields": {
    "created_at": "2026-03-25T09:46:47.805Z",
    "updated_at": "2026-03-25T09:46:47.805Z",
    "user": 82,
    "matricule": "GS-2026-00042",
    "birth_date": null,
    "classroom": 8,
    "parent": null,
    "photo": "",
    "enrollment_date": "2026-03-25",
    "is_archived": false,
    "conduite": "18.00",
    "etablissement": 7
  }
},
{
  "model": "school.student",
  "pk": 44,
  "fields": {
    "created_at": "2026-03-25T09:46:48.397Z",
    "updated_at": "2026-03-25T09:46:48.397Z",
    "user": 83,
    "matricule": "GS-2026-00043",
    "birth_date": null,
    "classroom": 8,
    "parent": null,
    "photo": "",
    "enrollment_date": "2026-03-25",
    "is_archived": false,
    "conduite": "18.00",
    "etablissement": 7
  }
},
{
  "model": "school.student",
  "pk": 45,
  "fields": {
    "created_at": "2026-03-25T09:46:49.007Z",
    "updated_at": "2026-03-25T09:46:49.007Z",
    "user": 84,
    "matricule": "GS-2026-00044",
    "birth_date": null,
    "classroom": 44,
    "parent": null,
    "photo": "",
    "enrollment_date": "2026-03-25",
    "is_archived": false,
    "conduite": "18.00",
    "etablissement": 7
  }
},
{
  "model": "school.student",
  "pk": 46,
  "fields": {
    "created_at": "2026-03-25T09:46:49.621Z",
    "updated_at": "2026-03-25T09:46:49.621Z",
    "user": 85,
    "matricule": "GS-2026-00045",
    "birth_date": null,
    "classroom": 44,
    "parent": null,
    "photo": "",
    "enrollment_date": "2026-03-25",
    "is_archived": false,
    "conduite": "18.00",
    "etablissement": 7
  }
},
{
  "model": "school.student",
  "pk": 47,
  "fields": {
    "created_at": "2026-03-25T09:46:50.226Z",
    "updated_at": "2026-03-25T09:46:50.226Z",
    "user": 86,
    "matricule": "GS-2026-00046",
    "birth_date": null,
    "classroom": 44,
    "parent": null,
    "photo": "",
    "enrollment_date": "2026-03-25",
    "is_archived": false,
    "conduite": "18.00",
    "etablissement": 7
  }
},
{
  "model": "school.student",
  "pk": 48,
  "fields": {
    "created_at": "2026-03-25T09:46:51.325Z",
    "updated_at": "2026-03-25T09:46:51.325Z",
    "user": 87,
    "matricule": "GS-2026-00047",
    "birth_date": null,
    "classroom": 44,
    "parent": null,
    "photo": "",
    "enrollment_date": "2026-03-25",
    "is_archived": false,
    "conduite": "18.00",
    "etablissement": 7
  }
},
{
  "model": "school.student",
  "pk": 49,
  "fields": {
    "created_at": "2026-03-25T09:46:52.008Z",
    "updated_at": "2026-03-25T09:46:52.008Z",
    "user": 88,
    "matricule": "GS-2026-00048",
    "birth_date": null,
    "classroom": 44,
    "parent": null,
    "photo": "",
    "enrollment_date": "2026-03-25",
    "is_archived": false,
    "conduite": "18.00",
    "etablissement": 7
  }
},
{
  "model": "school.student",
  "pk": 50,
  "fields": {
    "created_at": "2026-03-25T09:46:52.612Z",
    "updated_at": "2026-03-25T09:46:52.612Z",
    "user": 89,
    "matricule": "GS-2026-00049",
    "birth_date": null,
    "classroom": 44,
    "parent": null,
    "photo": "",
    "enrollment_date": "2026-03-25",
    "is_archived": false,
    "conduite": "18.00",
    "etablissement": 7
  }
},
{
  "model": "school.student",
  "pk": 51,
  "fields": {
    "created_at": "2026-03-25T09:46:53.224Z",
    "updated_at": "2026-03-25T09:46:53.224Z",
    "user": 90,
    "matricule": "GS-2026-00050",
    "birth_date": null,
    "classroom": 44,
    "parent": null,
    "photo": "",
    "enrollment_date": "2026-03-25",
    "is_archived": false,
    "conduite": "18.00",
    "etablissement": 7
  }
},
{
  "model": "school.student",
  "pk": 52,
  "fields": {
    "created_at": "2026-03-25T09:46:53.885Z",
    "updated_at": "2026-03-25T09:46:53.885Z",
    "user": 91,
    "matricule": "GS-2026-00051",
    "birth_date": null,
    "classroom": 44,
    "parent": null,
    "photo": "",
    "enrollment_date": "2026-03-25",
    "is_archived": false,
    "conduite": "18.00",
    "etablissement": 7
  }
},
{
  "model": "school.student",
  "pk": 53,
  "fields": {
    "created_at": "2026-03-25T09:46:54.474Z",
    "updated_at": "2026-03-25T09:46:54.474Z",
    "user": 92,
    "matricule": "GS-2026-00052",
    "birth_date": null,
    "classroom": 44,
    "parent": null,
    "photo": "",
    "enrollment_date": "2026-03-25",
    "is_archived": false,
    "conduite": "18.00",
    "etablissement": 7
  }
},
{
  "model": "school.student",
  "pk": 54,
  "fields": {
    "created_at": "2026-03-25T09:46:55.067Z",
    "updated_at": "2026-03-25T09:46:55.067Z",
    "user": 93,
    "matricule": "GS-2026-00053",
    "birth_date": null,
    "classroom": 44,
    "parent": null,
    "photo": "",
    "enrollment_date": "2026-03-25",
    "is_archived": false,
    "conduite": "18.00",
    "etablissement": 7
  }
},
{
  "model": "school.student",
  "pk": 55,
  "fields": {
    "created_at": "2026-03-25T09:46:55.815Z",
    "updated_at": "2026-03-25T09:46:55.815Z",
    "user": 94,
    "matricule": "GS-2026-00054",
    "birth_date": null,
    "classroom": 45,
    "parent": null,
    "photo": "",
    "enrollment_date": "2026-03-25",
    "is_archived": false,
    "conduite": "18.00",
    "etablissement": 7
  }
},
{
  "model": "school.student",
  "pk": 56,
  "fields": {
    "created_at": "2026-03-25T09:46:56.294Z",
    "updated_at": "2026-03-25T09:46:56.294Z",
    "user": 95,
    "matricule": "GS-2026-00055",
    "birth_date": null,
    "classroom": 45,
    "parent": null,
    "photo": "",
    "enrollment_date": "2026-03-25",
    "is_archived": false,
    "conduite": "18.00",
    "etablissement": 7
  }
},
{
  "model": "school.student",
  "pk": 57,
  "fields": {
    "created_at": "2026-03-25T09:46:56.737Z",
    "updated_at": "2026-03-25T09:46:56.737Z",
    "user": 96,
    "matricule": "GS-2026-00056",
    "birth_date": null,
    "classroom": 45,
    "parent": null,
    "photo": "",
    "enrollment_date": "2026-03-25",
    "is_archived": false,
    "conduite": "18.00",
    "etablissement": 7
  }
},
{
  "model": "school.student",
  "pk": 58,
  "fields": {
    "created_at": "2026-03-25T09:46:57.263Z",
    "updated_at": "2026-03-25T09:46:57.263Z",
    "user": 97,
    "matricule": "GS-2026-00057",
    "birth_date": null,
    "classroom": 45,
    "parent": null,
    "photo": "",
    "enrollment_date": "2026-03-25",
    "is_archived": false,
    "conduite": "18.00",
    "etablissement": 7
  }
},
{
  "model": "school.student",
  "pk": 59,
  "fields": {
    "created_at": "2026-03-25T09:46:57.738Z",
    "updated_at": "2026-03-25T09:46:57.738Z",
    "user": 98,
    "matricule": "GS-2026-00058",
    "birth_date": null,
    "classroom": 45,
    "parent": null,
    "photo": "",
    "enrollment_date": "2026-03-25",
    "is_archived": false,
    "conduite": "18.00",
    "etablissement": 7
  }
},
{
  "model": "school.student",
  "pk": 60,
  "fields": {
    "created_at": "2026-03-25T09:46:58.233Z",
    "updated_at": "2026-03-25T09:46:58.233Z",
    "user": 99,
    "matricule": "GS-2026-00059",
    "birth_date": null,
    "classroom": 45,
    "parent": null,
    "photo": "",
    "enrollment_date": "2026-03-25",
    "is_archived": false,
    "conduite": "18.00",
    "etablissement": 7
  }
},
{
  "model": "school.student",
  "pk": 61,
  "fields": {
    "created_at": "2026-03-25T09:46:58.739Z",
    "updated_at": "2026-03-25T09:46:58.739Z",
    "user": 100,
    "matricule": "GS-2026-00060",
    "birth_date": null,
    "classroom": 45,
    "parent": null,
    "photo": "",
    "enrollment_date": "2026-03-25",
    "is_archived": false,
    "conduite": "18.00",
    "etablissement": 7
  }
},
{
  "model": "school.student",
  "pk": 62,
  "fields": {
    "created_at": "2026-03-25T09:46:59.352Z",
    "updated_at": "2026-03-25T09:46:59.352Z",
    "user": 101,
    "matricule": "GS-2026-00061",
    "birth_date": null,
    "classroom": 45,
    "parent": null,
    "photo": "",
    "enrollment_date": "2026-03-25",
    "is_archived": false,
    "conduite": "18.00",
    "etablissement": 7
  }
},
{
  "model": "school.student",
  "pk": 63,
  "fields": {
    "created_at": "2026-03-25T09:46:59.853Z",
    "updated_at": "2026-03-25T09:46:59.853Z",
    "user": 102,
    "matricule": "GS-2026-00062",
    "birth_date": null,
    "classroom": 45,
    "parent": null,
    "photo": "",
    "enrollment_date": "2026-03-25",
    "is_archived": false,
    "conduite": "18.00",
    "etablissement": 7
  }
},
{
  "model": "school.student",
  "pk": 64,
  "fields": {
    "created_at": "2026-03-25T09:47:00.419Z",
    "updated_at": "2026-03-25T09:47:00.419Z",
    "user": 103,
    "matricule": "GS-2026-00063",
    "birth_date": null,
    "classroom": 45,
    "parent": null,
    "photo": "",
    "enrollment_date": "2026-03-25",
    "is_archived": false,
    "conduite": "18.00",
    "etablissement": 7
  }
},
{
  "model": "school.student",
  "pk": 65,
  "fields": {
    "created_at": "2026-03-25T09:50:33.227Z",
    "updated_at": "2026-03-25T16:15:14.560Z",
    "user": 104,
    "matricule": "GS-2026-00064",
    "birth_date": "2004-01-01",
    "classroom": 23,
    "parent": null,
    "photo": "",
    "enrollment_date": "2026-03-25",
    "is_archived": false,
    "conduite": "18.00",
    "etablissement": null
  }
},
{
  "model": "school.student",
  "pk": 66,
  "fields": {
    "created_at": "2026-03-25T09:50:33.831Z",
    "updated_at": "2026-03-25T09:50:33.831Z",
    "user": 105,
    "matricule": "GS-2026-00065",
    "birth_date": null,
    "classroom": 23,
    "parent": null,
    "photo": "",
    "enrollment_date": "2026-03-25",
    "is_archived": false,
    "conduite": "18.00",
    "etablissement": 3
  }
},
{
  "model": "school.student",
  "pk": 67,
  "fields": {
    "created_at": "2026-03-25T09:50:34.393Z",
    "updated_at": "2026-03-25T09:50:34.393Z",
    "user": 106,
    "matricule": "GS-2026-00066",
    "birth_date": null,
    "classroom": 23,
    "parent": null,
    "photo": "",
    "enrollment_date": "2026-03-25",
    "is_archived": false,
    "conduite": "18.00",
    "etablissement": 3
  }
},
{
  "model": "school.student",
  "pk": 68,
  "fields": {
    "created_at": "2026-03-25T09:50:34.956Z",
    "updated_at": "2026-03-25T09:50:34.956Z",
    "user": 107,
    "matricule": "GS-2026-00067",
    "birth_date": null,
    "classroom": 23,
    "parent": null,
    "photo": "",
    "enrollment_date": "2026-03-25",
    "is_archived": false,
    "conduite": "18.00",
    "etablissement": 3
  }
},
{
  "model": "school.student",
  "pk": 69,
  "fields": {
    "created_at": "2026-03-25T09:50:35.514Z",
    "updated_at": "2026-03-25T09:50:35.514Z",
    "user": 108,
    "matricule": "GS-2026-00068",
    "birth_date": null,
    "classroom": 23,
    "parent": null,
    "photo": "",
    "enrollment_date": "2026-03-25",
    "is_archived": false,
    "conduite": "18.00",
    "etablissement": 3
  }
},
{
  "model": "school.student",
  "pk": 70,
  "fields": {
    "created_at": "2026-03-25T09:50:36.092Z",
    "updated_at": "2026-03-25T09:50:36.092Z",
    "user": 109,
    "matricule": "GS-2026-00069",
    "birth_date": null,
    "classroom": 23,
    "parent": null,
    "photo": "",
    "enrollment_date": "2026-03-25",
    "is_archived": false,
    "conduite": "18.00",
    "etablissement": 3
  }
},
{
  "model": "school.student",
  "pk": 71,
  "fields": {
    "created_at": "2026-03-25T09:50:36.571Z",
    "updated_at": "2026-03-25T09:50:36.571Z",
    "user": 110,
    "matricule": "GS-2026-00070",
    "birth_date": null,
    "classroom": 23,
    "parent": null,
    "photo": "",
    "enrollment_date": "2026-03-25",
    "is_archived": false,
    "conduite": "18.00",
    "etablissement": 3
  }
},
{
  "model": "school.student",
  "pk": 72,
  "fields": {
    "created_at": "2026-03-25T09:50:37.065Z",
    "updated_at": "2026-03-25T09:50:37.065Z",
    "user": 111,
    "matricule": "GS-2026-00071",
    "birth_date": null,
    "classroom": 23,
    "parent": null,
    "photo": "",
    "enrollment_date": "2026-03-25",
    "is_archived": false,
    "conduite": "18.00",
    "etablissement": 3
  }
},
{
  "model": "school.student",
  "pk": 73,
  "fields": {
    "created_at": "2026-03-25T09:50:37.561Z",
    "updated_at": "2026-03-25T09:50:37.561Z",
    "user": 112,
    "matricule": "GS-2026-00072",
    "birth_date": null,
    "classroom": 23,
    "parent": null,
    "photo": "",
    "enrollment_date": "2026-03-25",
    "is_archived": false,
    "conduite": "18.00",
    "etablissement": 3
  }
},
{
  "model": "school.student",
  "pk": 74,
  "fields": {
    "created_at": "2026-03-25T09:50:38.062Z",
    "updated_at": "2026-03-25T09:50:38.062Z",
    "user": 113,
    "matricule": "GS-2026-00073",
    "birth_date": null,
    "classroom": 23,
    "parent": null,
    "photo": "",
    "enrollment_date": "2026-03-25",
    "is_archived": false,
    "conduite": "18.00",
    "etablissement": 3
  }
},
{
  "model": "school.student",
  "pk": 75,
  "fields": {
    "created_at": "2026-03-25T09:50:38.560Z",
    "updated_at": "2026-03-25T09:50:38.560Z",
    "user": 114,
    "matricule": "GS-2026-00074",
    "birth_date": null,
    "classroom": 24,
    "parent": null,
    "photo": "",
    "enrollment_date": "2026-03-25",
    "is_archived": false,
    "conduite": "18.00",
    "etablissement": 3
  }
},
{
  "model": "school.student",
  "pk": 76,
  "fields": {
    "created_at": "2026-03-25T09:50:39.041Z",
    "updated_at": "2026-03-25T09:50:39.041Z",
    "user": 115,
    "matricule": "GS-2026-00075",
    "birth_date": null,
    "classroom": 24,
    "parent": null,
    "photo": "",
    "enrollment_date": "2026-03-25",
    "is_archived": false,
    "conduite": "18.00",
    "etablissement": 3
  }
},
{
  "model": "school.student",
  "pk": 77,
  "fields": {
    "created_at": "2026-03-25T09:50:39.593Z",
    "updated_at": "2026-03-25T09:50:39.593Z",
    "user": 116,
    "matricule": "GS-2026-00076",
    "birth_date": null,
    "classroom": 24,
    "parent": null,
    "photo": "",
    "enrollment_date": "2026-03-25",
    "is_archived": false,
    "conduite": "18.00",
    "etablissement": 3
  }
},
{
  "model": "school.student",
  "pk": 78,
  "fields": {
    "created_at": "2026-03-25T09:50:40.067Z",
    "updated_at": "2026-03-25T09:50:40.067Z",
    "user": 117,
    "matricule": "GS-2026-00077",
    "birth_date": null,
    "classroom": 24,
    "parent": null,
    "photo": "",
    "enrollment_date": "2026-03-25",
    "is_archived": false,
    "conduite": "18.00",
    "etablissement": 3
  }
},
{
  "model": "school.student",
  "pk": 79,
  "fields": {
    "created_at": "2026-03-25T09:50:40.533Z",
    "updated_at": "2026-03-25T09:50:40.533Z",
    "user": 118,
    "matricule": "GS-2026-00078",
    "birth_date": null,
    "classroom": 24,
    "parent": null,
    "photo": "",
    "enrollment_date": "2026-03-25",
    "is_archived": false,
    "conduite": "18.00",
    "etablissement": 3
  }
},
{
  "model": "school.student",
  "pk": 80,
  "fields": {
    "created_at": "2026-03-25T09:50:41.008Z",
    "updated_at": "2026-03-25T09:50:41.008Z",
    "user": 119,
    "matricule": "GS-2026-00079",
    "birth_date": null,
    "classroom": 24,
    "parent": null,
    "photo": "",
    "enrollment_date": "2026-03-25",
    "is_archived": false,
    "conduite": "18.00",
    "etablissement": 3
  }
},
{
  "model": "school.student",
  "pk": 81,
  "fields": {
    "created_at": "2026-03-25T09:50:41.482Z",
    "updated_at": "2026-03-25T09:50:41.482Z",
    "user": 120,
    "matricule": "GS-2026-00080",
    "birth_date": null,
    "classroom": 24,
    "parent": null,
    "photo": "",
    "enrollment_date": "2026-03-25",
    "is_archived": false,
    "conduite": "18.00",
    "etablissement": 3
  }
},
{
  "model": "school.student",
  "pk": 82,
  "fields": {
    "created_at": "2026-03-25T09:50:42.008Z",
    "updated_at": "2026-03-25T09:50:42.008Z",
    "user": 121,
    "matricule": "GS-2026-00081",
    "birth_date": null,
    "classroom": 24,
    "parent": null,
    "photo": "",
    "enrollment_date": "2026-03-25",
    "is_archived": false,
    "conduite": "18.00",
    "etablissement": 3
  }
},
{
  "model": "school.student",
  "pk": 83,
  "fields": {
    "created_at": "2026-03-25T09:50:42.532Z",
    "updated_at": "2026-03-25T09:50:42.532Z",
    "user": 122,
    "matricule": "GS-2026-00082",
    "birth_date": null,
    "classroom": 24,
    "parent": null,
    "photo": "",
    "enrollment_date": "2026-03-25",
    "is_archived": false,
    "conduite": "18.00",
    "etablissement": 3
  }
},
{
  "model": "school.student",
  "pk": 84,
  "fields": {
    "created_at": "2026-03-25T09:50:42.995Z",
    "updated_at": "2026-03-25T09:50:42.995Z",
    "user": 123,
    "matricule": "GS-2026-00083",
    "birth_date": null,
    "classroom": 24,
    "parent": null,
    "photo": "",
    "enrollment_date": "2026-03-25",
    "is_archived": false,
    "conduite": "18.00",
    "etablissement": 3
  }
},
{
  "model": "school.student",
  "pk": 85,
  "fields": {
    "created_at": "2026-03-25T09:50:43.457Z",
    "updated_at": "2026-03-25T09:50:43.457Z",
    "user": 124,
    "matricule": "GS-2026-00084",
    "birth_date": null,
    "classroom": 7,
    "parent": null,
    "photo": "",
    "enrollment_date": "2026-03-25",
    "is_archived": false,
    "conduite": "18.00",
    "etablissement": 7
  }
},
{
  "model": "school.student",
  "pk": 86,
  "fields": {
    "created_at": "2026-03-25T09:50:43.918Z",
    "updated_at": "2026-03-25T09:50:43.918Z",
    "user": 125,
    "matricule": "GS-2026-00085",
    "birth_date": null,
    "classroom": 7,
    "parent": null,
    "photo": "",
    "enrollment_date": "2026-03-25",
    "is_archived": false,
    "conduite": "18.00",
    "etablissement": 7
  }
},
{
  "model": "school.student",
  "pk": 87,
  "fields": {
    "created_at": "2026-03-25T09:50:44.376Z",
    "updated_at": "2026-03-25T09:50:44.376Z",
    "user": 126,
    "matricule": "GS-2026-00086",
    "birth_date": null,
    "classroom": 7,
    "parent": null,
    "photo": "",
    "enrollment_date": "2026-03-25",
    "is_archived": false,
    "conduite": "18.00",
    "etablissement": 7
  }
},
{
  "model": "school.student",
  "pk": 88,
  "fields": {
    "created_at": "2026-03-25T09:50:44.840Z",
    "updated_at": "2026-03-25T09:50:44.840Z",
    "user": 127,
    "matricule": "GS-2026-00087",
    "birth_date": null,
    "classroom": 7,
    "parent": null,
    "photo": "",
    "enrollment_date": "2026-03-25",
    "is_archived": false,
    "conduite": "18.00",
    "etablissement": 7
  }
},
{
  "model": "school.student",
  "pk": 89,
  "fields": {
    "created_at": "2026-03-25T09:50:45.318Z",
    "updated_at": "2026-03-25T09:50:45.318Z",
    "user": 128,
    "matricule": "GS-2026-00088",
    "birth_date": null,
    "classroom": 7,
    "parent": null,
    "photo": "",
    "enrollment_date": "2026-03-25",
    "is_archived": false,
    "conduite": "18.00",
    "etablissement": 7
  }
},
{
  "model": "school.student",
  "pk": 90,
  "fields": {
    "created_at": "2026-03-25T09:50:45.783Z",
    "updated_at": "2026-03-25T09:50:45.783Z",
    "user": 129,
    "matricule": "GS-2026-00089",
    "birth_date": null,
    "classroom": 7,
    "parent": null,
    "photo": "",
    "enrollment_date": "2026-03-25",
    "is_archived": false,
    "conduite": "18.00",
    "etablissement": 7
  }
},
{
  "model": "school.student",
  "pk": 91,
  "fields": {
    "created_at": "2026-03-25T09:50:46.244Z",
    "updated_at": "2026-03-25T09:50:46.244Z",
    "user": 130,
    "matricule": "GS-2026-00090",
    "birth_date": null,
    "classroom": 7,
    "parent": null,
    "photo": "",
    "enrollment_date": "2026-03-25",
    "is_archived": false,
    "conduite": "18.00",
    "etablissement": 7
  }
},
{
  "model": "school.student",
  "pk": 92,
  "fields": {
    "created_at": "2026-03-25T09:50:46.706Z",
    "updated_at": "2026-03-25T09:50:46.706Z",
    "user": 131,
    "matricule": "GS-2026-00091",
    "birth_date": null,
    "classroom": 7,
    "parent": null,
    "photo": "",
    "enrollment_date": "2026-03-25",
    "is_archived": false,
    "conduite": "18.00",
    "etablissement": 7
  }
},
{
  "model": "school.student",
  "pk": 93,
  "fields": {
    "created_at": "2026-03-25T09:50:47.225Z",
    "updated_at": "2026-03-25T09:50:47.226Z",
    "user": 132,
    "matricule": "GS-2026-00092",
    "birth_date": null,
    "classroom": 7,
    "parent": null,
    "photo": "",
    "enrollment_date": "2026-03-25",
    "is_archived": false,
    "conduite": "18.00",
    "etablissement": 7
  }
},
{
  "model": "school.student",
  "pk": 94,
  "fields": {
    "created_at": "2026-03-25T09:50:47.725Z",
    "updated_at": "2026-03-25T09:50:47.725Z",
    "user": 133,
    "matricule": "GS-2026-00093",
    "birth_date": null,
    "classroom": 7,
    "parent": null,
    "photo": "",
    "enrollment_date": "2026-03-25",
    "is_archived": false,
    "conduite": "18.00",
    "etablissement": 7
  }
},
{
  "model": "school.student",
  "pk": 95,
  "fields": {
    "created_at": "2026-03-25T09:50:48.209Z",
    "updated_at": "2026-03-25T09:50:48.209Z",
    "user": 134,
    "matricule": "GS-2026-00094",
    "birth_date": null,
    "classroom": 8,
    "parent": null,
    "photo": "",
    "enrollment_date": "2026-03-25",
    "is_archived": false,
    "conduite": "18.00",
    "etablissement": 7
  }
},
{
  "model": "school.student",
  "pk": 96,
  "fields": {
    "created_at": "2026-03-25T09:50:48.670Z",
    "updated_at": "2026-03-25T09:50:48.670Z",
    "user": 135,
    "matricule": "GS-2026-00095",
    "birth_date": null,
    "classroom": 8,
    "parent": null,
    "photo": "",
    "enrollment_date": "2026-03-25",
    "is_archived": false,
    "conduite": "18.00",
    "etablissement": 7
  }
},
{
  "model": "school.student",
  "pk": 97,
  "fields": {
    "created_at": "2026-03-25T09:50:49.151Z",
    "updated_at": "2026-03-25T09:50:49.151Z",
    "user": 136,
    "matricule": "GS-2026-00096",
    "birth_date": null,
    "classroom": 8,
    "parent": null,
    "photo": "",
    "enrollment_date": "2026-03-25",
    "is_archived": false,
    "conduite": "18.00",
    "etablissement": 7
  }
},
{
  "model": "school.student",
  "pk": 98,
  "fields": {
    "created_at": "2026-03-25T09:50:49.785Z",
    "updated_at": "2026-03-25T09:50:49.785Z",
    "user": 137,
    "matricule": "GS-2026-00097",
    "birth_date": null,
    "classroom": 8,
    "parent": null,
    "photo": "",
    "enrollment_date": "2026-03-25",
    "is_archived": false,
    "conduite": "18.00",
    "etablissement": 7
  }
},
{
  "model": "school.student",
  "pk": 99,
  "fields": {
    "created_at": "2026-03-25T09:50:50.410Z",
    "updated_at": "2026-03-25T09:50:50.410Z",
    "user": 138,
    "matricule": "GS-2026-00098",
    "birth_date": null,
    "classroom": 8,
    "parent": null,
    "photo": "",
    "enrollment_date": "2026-03-25",
    "is_archived": false,
    "conduite": "18.00",
    "etablissement": 7
  }
},
{
  "model": "school.student",
  "pk": 100,
  "fields": {
    "created_at": "2026-03-25T09:50:51.071Z",
    "updated_at": "2026-03-25T09:50:51.071Z",
    "user": 139,
    "matricule": "GS-2026-00099",
    "birth_date": null,
    "classroom": 8,
    "parent": null,
    "photo": "",
    "enrollment_date": "2026-03-25",
    "is_archived": false,
    "conduite": "18.00",
    "etablissement": 7
  }
},
{
  "model": "school.student",
  "pk": 101,
  "fields": {
    "created_at": "2026-03-25T09:50:51.664Z",
    "updated_at": "2026-03-25T09:50:51.665Z",
    "user": 140,
    "matricule": "GS-2026-00100",
    "birth_date": null,
    "classroom": 8,
    "parent": null,
    "photo": "",
    "enrollment_date": "2026-03-25",
    "is_archived": false,
    "conduite": "18.00",
    "etablissement": 7
  }
},
{
  "model": "school.student",
  "pk": 102,
  "fields": {
    "created_at": "2026-03-25T09:50:52.306Z",
    "updated_at": "2026-03-25T09:50:52.306Z",
    "user": 141,
    "matricule": "GS-2026-00101",
    "birth_date": null,
    "classroom": 8,
    "parent": null,
    "photo": "",
    "enrollment_date": "2026-03-25",
    "is_archived": false,
    "conduite": "18.00",
    "etablissement": 7
  }
},
{
  "model": "school.student",
  "pk": 103,
  "fields": {
    "created_at": "2026-03-25T09:50:52.882Z",
    "updated_at": "2026-03-25T09:50:52.882Z",
    "user": 142,
    "matricule": "GS-2026-00102",
    "birth_date": null,
    "classroom": 8,
    "parent": null,
    "photo": "",
    "enrollment_date": "2026-03-25",
    "is_archived": false,
    "conduite": "18.00",
    "etablissement": 7
  }
},
{
  "model": "school.student",
  "pk": 104,
  "fields": {
    "created_at": "2026-03-25T09:50:53.452Z",
    "updated_at": "2026-03-25T09:50:53.452Z",
    "user": 143,
    "matricule": "GS-2026-00103",
    "birth_date": null,
    "classroom": 8,
    "parent": null,
    "photo": "",
    "enrollment_date": "2026-03-25",
    "is_archived": false,
    "conduite": "18.00",
    "etablissement": 7
  }
},
{
  "model": "school.student",
  "pk": 105,
  "fields": {
    "created_at": "2026-03-25T09:50:54.034Z",
    "updated_at": "2026-03-25T09:50:54.034Z",
    "user": 144,
    "matricule": "GS-2026-00104",
    "birth_date": null,
    "classroom": 44,
    "parent": null,
    "photo": "",
    "enrollment_date": "2026-03-25",
    "is_archived": false,
    "conduite": "18.00",
    "etablissement": 7
  }
},
{
  "model": "school.student",
  "pk": 106,
  "fields": {
    "created_at": "2026-03-25T09:50:54.624Z",
    "updated_at": "2026-03-25T09:50:54.624Z",
    "user": 145,
    "matricule": "GS-2026-00105",
    "birth_date": null,
    "classroom": 44,
    "parent": null,
    "photo": "",
    "enrollment_date": "2026-03-25",
    "is_archived": false,
    "conduite": "18.00",
    "etablissement": 7
  }
},
{
  "model": "school.student",
  "pk": 107,
  "fields": {
    "created_at": "2026-03-25T09:50:55.208Z",
    "updated_at": "2026-03-25T09:50:55.208Z",
    "user": 146,
    "matricule": "GS-2026-00106",
    "birth_date": null,
    "classroom": 44,
    "parent": null,
    "photo": "",
    "enrollment_date": "2026-03-25",
    "is_archived": false,
    "conduite": "18.00",
    "etablissement": 7
  }
},
{
  "model": "school.student",
  "pk": 108,
  "fields": {
    "created_at": "2026-03-25T09:50:55.793Z",
    "updated_at": "2026-03-25T09:50:55.793Z",
    "user": 147,
    "matricule": "GS-2026-00107",
    "birth_date": null,
    "classroom": 44,
    "parent": null,
    "photo": "",
    "enrollment_date": "2026-03-25",
    "is_archived": false,
    "conduite": "18.00",
    "etablissement": 7
  }
},
{
  "model": "school.student",
  "pk": 109,
  "fields": {
    "created_at": "2026-03-25T09:50:56.380Z",
    "updated_at": "2026-03-25T09:50:56.380Z",
    "user": 148,
    "matricule": "GS-2026-00108",
    "birth_date": null,
    "classroom": 44,
    "parent": null,
    "photo": "",
    "enrollment_date": "2026-03-25",
    "is_archived": false,
    "conduite": "18.00",
    "etablissement": 7
  }
},
{
  "model": "school.student",
  "pk": 110,
  "fields": {
    "created_at": "2026-03-25T09:50:56.938Z",
    "updated_at": "2026-03-25T09:50:56.938Z",
    "user": 149,
    "matricule": "GS-2026-00109",
    "birth_date": null,
    "classroom": 44,
    "parent": null,
    "photo": "",
    "enrollment_date": "2026-03-25",
    "is_archived": false,
    "conduite": "18.00",
    "etablissement": 7
  }
},
{
  "model": "school.student",
  "pk": 111,
  "fields": {
    "created_at": "2026-03-25T09:50:57.506Z",
    "updated_at": "2026-03-25T09:50:57.506Z",
    "user": 150,
    "matricule": "GS-2026-00110",
    "birth_date": null,
    "classroom": 44,
    "parent": null,
    "photo": "",
    "enrollment_date": "2026-03-25",
    "is_archived": false,
    "conduite": "18.00",
    "etablissement": 7
  }
},
{
  "model": "school.student",
  "pk": 112,
  "fields": {
    "created_at": "2026-03-25T09:50:58.084Z",
    "updated_at": "2026-03-25T09:50:58.084Z",
    "user": 151,
    "matricule": "GS-2026-00111",
    "birth_date": null,
    "classroom": 44,
    "parent": null,
    "photo": "",
    "enrollment_date": "2026-03-25",
    "is_archived": false,
    "conduite": "18.00",
    "etablissement": 7
  }
},
{
  "model": "school.student",
  "pk": 113,
  "fields": {
    "created_at": "2026-03-25T09:50:58.654Z",
    "updated_at": "2026-03-25T09:50:58.654Z",
    "user": 152,
    "matricule": "GS-2026-00112",
    "birth_date": null,
    "classroom": 44,
    "parent": null,
    "photo": "",
    "enrollment_date": "2026-03-25",
    "is_archived": false,
    "conduite": "18.00",
    "etablissement": 7
  }
},
{
  "model": "school.student",
  "pk": 114,
  "fields": {
    "created_at": "2026-03-25T09:50:59.141Z",
    "updated_at": "2026-03-25T09:50:59.141Z",
    "user": 153,
    "matricule": "GS-2026-00113",
    "birth_date": null,
    "classroom": 44,
    "parent": null,
    "photo": "",
    "enrollment_date": "2026-03-25",
    "is_archived": false,
    "conduite": "18.00",
    "etablissement": 7
  }
},
{
  "model": "school.student",
  "pk": 115,
  "fields": {
    "created_at": "2026-03-25T09:50:59.595Z",
    "updated_at": "2026-03-25T09:50:59.595Z",
    "user": 154,
    "matricule": "GS-2026-00114",
    "birth_date": null,
    "classroom": 45,
    "parent": null,
    "photo": "",
    "enrollment_date": "2026-03-25",
    "is_archived": false,
    "conduite": "18.00",
    "etablissement": 7
  }
},
{
  "model": "school.student",
  "pk": 116,
  "fields": {
    "created_at": "2026-03-25T09:51:00.055Z",
    "updated_at": "2026-03-25T09:51:00.055Z",
    "user": 155,
    "matricule": "GS-2026-00115",
    "birth_date": null,
    "classroom": 45,
    "parent": null,
    "photo": "",
    "enrollment_date": "2026-03-25",
    "is_archived": false,
    "conduite": "18.00",
    "etablissement": 7
  }
},
{
  "model": "school.student",
  "pk": 117,
  "fields": {
    "created_at": "2026-03-25T09:51:00.575Z",
    "updated_at": "2026-03-25T09:51:00.575Z",
    "user": 156,
    "matricule": "GS-2026-00116",
    "birth_date": null,
    "classroom": 45,
    "parent": null,
    "photo": "",
    "enrollment_date": "2026-03-25",
    "is_archived": false,
    "conduite": "18.00",
    "etablissement": 7
  }
},
{
  "model": "school.student",
  "pk": 118,
  "fields": {
    "created_at": "2026-03-25T09:51:01.090Z",
    "updated_at": "2026-03-25T09:51:01.090Z",
    "user": 157,
    "matricule": "GS-2026-00117",
    "birth_date": null,
    "classroom": 45,
    "parent": null,
    "photo": "",
    "enrollment_date": "2026-03-25",
    "is_archived": false,
    "conduite": "18.00",
    "etablissement": 7
  }
},
{
  "model": "school.student",
  "pk": 119,
  "fields": {
    "created_at": "2026-03-25T09:51:01.625Z",
    "updated_at": "2026-03-25T09:51:01.625Z",
    "user": 158,
    "matricule": "GS-2026-00118",
    "birth_date": null,
    "classroom": 45,
    "parent": null,
    "photo": "",
    "enrollment_date": "2026-03-25",
    "is_archived": false,
    "conduite": "18.00",
    "etablissement": 7
  }
},
{
  "model": "school.student",
  "pk": 120,
  "fields": {
    "created_at": "2026-03-25T09:51:02.150Z",
    "updated_at": "2026-03-25T09:51:02.150Z",
    "user": 159,
    "matricule": "GS-2026-00119",
    "birth_date": null,
    "classroom": 45,
    "parent": null,
    "photo": "",
    "enrollment_date": "2026-03-25",
    "is_archived": false,
    "conduite": "18.00",
    "etablissement": 7
  }
},
{
  "model": "school.student",
  "pk": 121,
  "fields": {
    "created_at": "2026-03-25T09:51:02.682Z",
    "updated_at": "2026-03-25T09:51:02.682Z",
    "user": 160,
    "matricule": "GS-2026-00120",
    "birth_date": null,
    "classroom": 45,
    "parent": null,
    "photo": "",
    "enrollment_date": "2026-03-25",
    "is_archived": false,
    "conduite": "18.00",
    "etablissement": 7
  }
},
{
  "model": "school.student",
  "pk": 122,
  "fields": {
    "created_at": "2026-03-25T09:51:03.210Z",
    "updated_at": "2026-03-25T09:51:03.211Z",
    "user": 161,
    "matricule": "GS-2026-00121",
    "birth_date": null,
    "classroom": 45,
    "parent": null,
    "photo": "",
    "enrollment_date": "2026-03-25",
    "is_archived": false,
    "conduite": "18.00",
    "etablissement": 7
  }
},
{
  "model": "school.student",
  "pk": 123,
  "fields": {
    "created_at": "2026-03-25T09:51:03.889Z",
    "updated_at": "2026-03-25T09:51:03.889Z",
    "user": 162,
    "matricule": "GS-2026-00122",
    "birth_date": null,
    "classroom": 45,
    "parent": null,
    "photo": "",
    "enrollment_date": "2026-03-25",
    "is_archived": false,
    "conduite": "18.00",
    "etablissement": 7
  }
},
{
  "model": "school.student",
  "pk": 124,
  "fields": {
    "created_at": "2026-03-25T09:51:04.491Z",
    "updated_at": "2026-03-25T09:51:04.491Z",
    "user": 163,
    "matricule": "GS-2026-00123",
    "birth_date": null,
    "classroom": 45,
    "parent": null,
    "photo": "",
    "enrollment_date": "2026-03-25",
    "is_archived": false,
    "conduite": "18.00",
    "etablissement": 7
  }
},
{
  "model": "school.student",
  "pk": 125,
  "fields": {
    "created_at": "2026-03-25T10:12:30.040Z",
    "updated_at": "2026-03-25T10:12:30.040Z",
    "user": 169,
    "matricule": "GS-2026-00124",
    "birth_date": "2012-04-08",
    "classroom": 47,
    "parent": 2,
    "photo": "",
    "enrollment_date": "2026-03-25",
    "is_archived": false,
    "conduite": "18.00",
    "etablissement": null
  }
},
{
  "model": "school.student",
  "pk": 126,
  "fields": {
    "created_at": "2026-03-25T10:12:30.085Z",
    "updated_at": "2026-03-25T10:12:30.085Z",
    "user": 170,
    "matricule": "GS-2026-00125",
    "birth_date": "2011-12-18",
    "classroom": 47,
    "parent": 2,
    "photo": "",
    "enrollment_date": "2026-03-25",
    "is_archived": false,
    "conduite": "18.00",
    "etablissement": null
  }
},
{
  "model": "school.student",
  "pk": 127,
  "fields": {
    "created_at": "2026-04-06T14:52:40.432Z",
    "updated_at": "2026-04-06T14:52:40.432Z",
    "user": 179,
    "matricule": "GS-2026-00126",
    "birth_date": "2005-01-01",
    "classroom": 23,
    "parent": null,
    "photo": "students/van-profil_w7ZrI7U.png",
    "enrollment_date": "2026-04-06",
    "is_archived": false,
    "conduite": "18.00",
    "etablissement": 3
  }
},
{
  "model": "school.studentacademichistory",
  "pk": 4,
  "fields": {
    "created_at": "2026-03-25T10:12:30.244Z",
    "updated_at": "2026-04-09T17:12:08.479Z",
    "student": 125,
    "academic_year": 1,
    "classroom": 47,
    "average": "14.11",
    "rank": 1
  }
},
{
  "model": "school.studentacademichistory",
  "pk": 5,
  "fields": {
    "created_at": "2026-03-25T10:12:30.254Z",
    "updated_at": "2026-04-09T17:12:08.487Z",
    "student": 126,
    "academic_year": 1,
    "classroom": 47,
    "average": "12.61",
    "rank": 2
  }
},
{
  "model": "school.studentacademichistory",
  "pk": 6,
  "fields": {
    "created_at": "2026-03-26T23:04:33.391Z",
    "updated_at": "2026-03-26T23:04:33.391Z",
    "student": 71,
    "academic_year": 1,
    "classroom": 23,
    "average": "16.31",
    "rank": 1
  }
},
{
  "model": "school.studentacademichistory",
  "pk": 7,
  "fields": {
    "created_at": "2026-03-26T23:04:33.554Z",
    "updated_at": "2026-03-26T23:04:33.554Z",
    "student": 67,
    "academic_year": 1,
    "classroom": 23,
    "average": "14.88",
    "rank": 2
  }
},
{
  "model": "school.studentacademichistory",
  "pk": 8,
  "fields": {
    "created_at": "2026-03-26T23:04:33.668Z",
    "updated_at": "2026-03-26T23:04:33.668Z",
    "student": 72,
    "academic_year": 1,
    "classroom": 23,
    "average": "14.73",
    "rank": 3
  }
},
{
  "model": "school.studentacademichistory",
  "pk": 9,
  "fields": {
    "created_at": "2026-03-26T23:04:33.782Z",
    "updated_at": "2026-03-26T23:04:33.782Z",
    "student": 73,
    "academic_year": 1,
    "classroom": 23,
    "average": "14.27",
    "rank": 4
  }
},
{
  "model": "school.studentacademichistory",
  "pk": 10,
  "fields": {
    "created_at": "2026-03-26T23:04:33.926Z",
    "updated_at": "2026-03-26T23:04:33.926Z",
    "student": 69,
    "academic_year": 1,
    "classroom": 23,
    "average": "14.08",
    "rank": 5
  }
},
{
  "model": "school.studentacademichistory",
  "pk": 11,
  "fields": {
    "created_at": "2026-03-26T23:04:34.176Z",
    "updated_at": "2026-03-26T23:04:34.176Z",
    "student": 68,
    "academic_year": 1,
    "classroom": 23,
    "average": "13.92",
    "rank": 6
  }
},
{
  "model": "school.studentacademichistory",
  "pk": 12,
  "fields": {
    "created_at": "2026-03-26T23:04:34.287Z",
    "updated_at": "2026-03-26T23:04:34.287Z",
    "student": 74,
    "academic_year": 1,
    "classroom": 23,
    "average": "13.38",
    "rank": 7
  }
},
{
  "model": "school.studentacademichistory",
  "pk": 13,
  "fields": {
    "created_at": "2026-03-26T23:04:34.374Z",
    "updated_at": "2026-03-26T23:04:34.374Z",
    "student": 66,
    "academic_year": 1,
    "classroom": 23,
    "average": "13.23",
    "rank": 8
  }
},
{
  "model": "school.studentacademichistory",
  "pk": 14,
  "fields": {
    "created_at": "2026-03-26T23:04:34.457Z",
    "updated_at": "2026-03-26T23:04:34.457Z",
    "student": 70,
    "academic_year": 1,
    "classroom": 23,
    "average": "12.92",
    "rank": 9
  }
},
{
  "model": "school.studentacademichistory",
  "pk": 15,
  "fields": {
    "created_at": "2026-03-26T23:04:34.521Z",
    "updated_at": "2026-03-26T23:04:34.521Z",
    "student": 65,
    "academic_year": 1,
    "classroom": 23,
    "average": "12.24",
    "rank": 10
  }
},
{
  "model": "school.studentacademichistory",
  "pk": 16,
  "fields": {
    "created_at": "2026-03-26T23:04:34.576Z",
    "updated_at": "2026-03-26T23:04:34.576Z",
    "student": 5,
    "academic_year": 1,
    "classroom": 23,
    "average": "0.00",
    "rank": 11
  }
},
{
  "model": "school.studentacademichistory",
  "pk": 17,
  "fields": {
    "created_at": "2026-03-26T23:04:34.632Z",
    "updated_at": "2026-03-26T23:04:34.632Z",
    "student": 6,
    "academic_year": 1,
    "classroom": 23,
    "average": "0.00",
    "rank": 12
  }
},
{
  "model": "school.studentacademichistory",
  "pk": 18,
  "fields": {
    "created_at": "2026-03-26T23:04:34.692Z",
    "updated_at": "2026-03-26T23:04:34.692Z",
    "student": 7,
    "academic_year": 1,
    "classroom": 23,
    "average": "0.00",
    "rank": 13
  }
},
{
  "model": "school.studentacademichistory",
  "pk": 19,
  "fields": {
    "created_at": "2026-03-26T23:04:34.743Z",
    "updated_at": "2026-03-26T23:04:34.743Z",
    "student": 8,
    "academic_year": 1,
    "classroom": 23,
    "average": "0.00",
    "rank": 14
  }
},
{
  "model": "school.studentacademichistory",
  "pk": 20,
  "fields": {
    "created_at": "2026-03-26T23:04:34.792Z",
    "updated_at": "2026-03-26T23:04:34.792Z",
    "student": 9,
    "academic_year": 1,
    "classroom": 23,
    "average": "0.00",
    "rank": 15
  }
},
{
  "model": "school.studentacademichistory",
  "pk": 21,
  "fields": {
    "created_at": "2026-03-26T23:04:34.871Z",
    "updated_at": "2026-03-26T23:04:34.871Z",
    "student": 10,
    "academic_year": 1,
    "classroom": 23,
    "average": "0.00",
    "rank": 16
  }
},
{
  "model": "school.studentacademichistory",
  "pk": 22,
  "fields": {
    "created_at": "2026-03-26T23:04:34.939Z",
    "updated_at": "2026-03-26T23:04:34.939Z",
    "student": 11,
    "academic_year": 1,
    "classroom": 23,
    "average": "0.00",
    "rank": 17
  }
},
{
  "model": "school.studentacademichistory",
  "pk": 23,
  "fields": {
    "created_at": "2026-03-26T23:04:35.007Z",
    "updated_at": "2026-03-26T23:04:35.007Z",
    "student": 12,
    "academic_year": 1,
    "classroom": 23,
    "average": "0.00",
    "rank": 18
  }
},
{
  "model": "school.studentacademichistory",
  "pk": 24,
  "fields": {
    "created_at": "2026-03-26T23:04:35.072Z",
    "updated_at": "2026-03-26T23:04:35.072Z",
    "student": 13,
    "academic_year": 1,
    "classroom": 23,
    "average": "0.00",
    "rank": 19
  }
},
{
  "model": "school.studentacademichistory",
  "pk": 25,
  "fields": {
    "created_at": "2026-03-26T23:04:35.118Z",
    "updated_at": "2026-03-26T23:04:35.118Z",
    "student": 14,
    "academic_year": 1,
    "classroom": 23,
    "average": "0.00",
    "rank": 20
  }
},
{
  "model": "school.grade",
  "pk": 7,
  "fields": {
    "created_at": "2026-03-25T10:12:30.143Z",
    "updated_at": "2026-03-25T10:12:30.143Z",
    "student": 125,
    "subject": 23,
    "classroom": 47,
    "academic_year": 1,
    "term": "T1",
    "homework_scores": [],
    "value": "14.50"
  }
},
{
  "model": "school.grade",
  "pk": 8,
  "fields": {
    "created_at": "2026-03-25T10:12:30.149Z",
    "updated_at": "2026-03-25T10:12:30.149Z",
    "student": 125,
    "subject": 24,
    "classroom": 47,
    "academic_year": 1,
    "term": "T1",
    "homework_scores": [],
    "value": "13.00"
  }
},
{
  "model": "school.grade",
  "pk": 9,
  "fields": {
    "created_at": "2026-03-25T10:12:30.156Z",
    "updated_at": "2026-03-25T10:12:30.156Z",
    "student": 125,
    "subject": 25,
    "classroom": 47,
    "academic_year": 1,
    "term": "T1",
    "homework_scores": [],
    "value": "15.00"
  }
},
{
  "model": "school.grade",
  "pk": 10,
  "fields": {
    "created_at": "2026-03-25T10:12:30.164Z",
    "updated_at": "2026-03-25T10:12:30.164Z",
    "student": 126,
    "subject": 23,
    "classroom": 47,
    "academic_year": 1,
    "term": "T1",
    "homework_scores": [],
    "value": "13.00"
  }
},
{
  "model": "school.grade",
  "pk": 11,
  "fields": {
    "created_at": "2026-03-25T10:12:30.172Z",
    "updated_at": "2026-03-25T10:12:30.172Z",
    "student": 126,
    "subject": 24,
    "classroom": 47,
    "academic_year": 1,
    "term": "T1",
    "homework_scores": [],
    "value": "11.50"
  }
},
{
  "model": "school.grade",
  "pk": 12,
  "fields": {
    "created_at": "2026-03-25T10:12:30.179Z",
    "updated_at": "2026-03-25T10:12:30.179Z",
    "student": 126,
    "subject": 25,
    "classroom": 47,
    "academic_year": 1,
    "term": "T1",
    "homework_scores": [],
    "value": "13.50"
  }
},
{
  "model": "school.grade",
  "pk": 13,
  "fields": {
    "created_at": "2026-03-25T10:32:12.324Z",
    "updated_at": "2026-04-08T02:31:08.770Z",
    "student": 74,
    "subject": 21,
    "classroom": 23,
    "academic_year": 1,
    "term": "T1",
    "homework_scores": [
      19
    ],
    "value": "19.00"
  }
},
{
  "model": "school.grade",
  "pk": 14,
  "fields": {
    "created_at": "2026-03-25T10:32:14.197Z",
    "updated_at": "2026-04-08T02:31:08.171Z",
    "student": 73,
    "subject": 21,
    "classroom": 23,
    "academic_year": 1,
    "term": "T1",
    "homework_scores": [
      11
    ],
    "value": "11.00"
  }
},
{
  "model": "school.grade",
  "pk": 15,
  "fields": {
    "created_at": "2026-03-25T10:32:15.140Z",
    "updated_at": "2026-04-08T02:31:07.406Z",
    "student": 72,
    "subject": 21,
    "classroom": 23,
    "academic_year": 1,
    "term": "T1",
    "homework_scores": [
      10
    ],
    "value": "10.00"
  }
},
{
  "model": "school.grade",
  "pk": 16,
  "fields": {
    "created_at": "2026-03-25T10:32:16.068Z",
    "updated_at": "2026-04-08T02:31:06.732Z",
    "student": 71,
    "subject": 21,
    "classroom": 23,
    "academic_year": 1,
    "term": "T1",
    "homework_scores": [
      15
    ],
    "value": "15.00"
  }
},
{
  "model": "school.grade",
  "pk": 17,
  "fields": {
    "created_at": "2026-03-25T10:33:13.046Z",
    "updated_at": "2026-04-08T02:31:05.759Z",
    "student": 70,
    "subject": 21,
    "classroom": 23,
    "academic_year": 1,
    "term": "T1",
    "homework_scores": [
      11
    ],
    "value": "11.00"
  }
},
{
  "model": "school.grade",
  "pk": 18,
  "fields": {
    "created_at": "2026-03-25T10:33:13.482Z",
    "updated_at": "2026-04-08T02:31:04.987Z",
    "student": 69,
    "subject": 21,
    "classroom": 23,
    "academic_year": 1,
    "term": "T1",
    "homework_scores": [
      11
    ],
    "value": "11.00"
  }
},
{
  "model": "school.grade",
  "pk": 19,
  "fields": {
    "created_at": "2026-03-25T10:33:14.004Z",
    "updated_at": "2026-04-08T02:31:04.343Z",
    "student": 68,
    "subject": 21,
    "classroom": 23,
    "academic_year": 1,
    "term": "T1",
    "homework_scores": [
      16
    ],
    "value": "16.00"
  }
},
{
  "model": "school.grade",
  "pk": 20,
  "fields": {
    "created_at": "2026-03-25T10:33:14.463Z",
    "updated_at": "2026-04-08T02:31:03.592Z",
    "student": 67,
    "subject": 21,
    "classroom": 23,
    "academic_year": 1,
    "term": "T1",
    "homework_scores": [
      10
    ],
    "value": "10.00"
  }
},
{
  "model": "school.grade",
  "pk": 21,
  "fields": {
    "created_at": "2026-03-25T10:33:14.870Z",
    "updated_at": "2026-04-08T02:31:03.007Z",
    "student": 66,
    "subject": 21,
    "classroom": 23,
    "academic_year": 1,
    "term": "T1",
    "homework_scores": [
      11
    ],
    "value": "11.00"
  }
},
{
  "model": "school.grade",
  "pk": 22,
  "fields": {
    "created_at": "2026-03-25T15:44:58.671Z",
    "updated_at": "2026-04-08T02:31:02.306Z",
    "student": 65,
    "subject": 21,
    "classroom": 23,
    "academic_year": 1,
    "term": "T1",
    "homework_scores": [
      19
    ],
    "value": "19.00"
  }
},
{
  "model": "school.grade",
  "pk": 23,
  "fields": {
    "created_at": "2026-03-25T15:53:40.403Z",
    "updated_at": "2026-04-08T02:31:08.330Z",
    "student": 74,
    "subject": 5,
    "classroom": 23,
    "academic_year": 1,
    "term": "T1",
    "homework_scores": [
      12
    ],
    "value": "12.00"
  }
},
{
  "model": "school.grade",
  "pk": 24,
  "fields": {
    "created_at": "2026-03-25T15:53:40.591Z",
    "updated_at": "2026-04-08T02:31:07.733Z",
    "student": 73,
    "subject": 5,
    "classroom": 23,
    "academic_year": 1,
    "term": "T1",
    "homework_scores": [
      11
    ],
    "value": "11.00"
  }
},
{
  "model": "school.grade",
  "pk": 25,
  "fields": {
    "created_at": "2026-03-25T15:53:40.703Z",
    "updated_at": "2026-04-08T02:31:06.979Z",
    "student": 72,
    "subject": 5,
    "classroom": 23,
    "academic_year": 1,
    "term": "T1",
    "homework_scores": [
      11
    ],
    "value": "11.00"
  }
},
{
  "model": "school.grade",
  "pk": 26,
  "fields": {
    "created_at": "2026-03-25T15:53:40.957Z",
    "updated_at": "2026-04-08T02:31:06.261Z",
    "student": 71,
    "subject": 5,
    "classroom": 23,
    "academic_year": 1,
    "term": "T1",
    "homework_scores": [
      18
    ],
    "value": "18.00"
  }
},
{
  "model": "school.grade",
  "pk": 27,
  "fields": {
    "created_at": "2026-03-25T15:53:41.208Z",
    "updated_at": "2026-04-08T02:31:05.169Z",
    "student": 70,
    "subject": 5,
    "classroom": 23,
    "academic_year": 1,
    "term": "T1",
    "homework_scores": [
      18
    ],
    "value": "18.00"
  }
},
{
  "model": "school.grade",
  "pk": 28,
  "fields": {
    "created_at": "2026-03-25T15:53:41.285Z",
    "updated_at": "2026-04-08T02:31:04.547Z",
    "student": 69,
    "subject": 5,
    "classroom": 23,
    "academic_year": 1,
    "term": "T1",
    "homework_scores": [
      18
    ],
    "value": "18.00"
  }
},
{
  "model": "school.grade",
  "pk": 29,
  "fields": {
    "created_at": "2026-03-25T15:53:41.350Z",
    "updated_at": "2026-04-08T02:31:03.759Z",
    "student": 68,
    "subject": 5,
    "classroom": 23,
    "academic_year": 1,
    "term": "T1",
    "homework_scores": [
      18
    ],
    "value": "18.00"
  }
},
{
  "model": "school.grade",
  "pk": 30,
  "fields": {
    "created_at": "2026-03-25T15:53:41.469Z",
    "updated_at": "2026-04-08T02:31:03.189Z",
    "student": 67,
    "subject": 5,
    "classroom": 23,
    "academic_year": 1,
    "term": "T1",
    "homework_scores": [
      10
    ],
    "value": "10.00"
  }
},
{
  "model": "school.grade",
  "pk": 31,
  "fields": {
    "created_at": "2026-03-25T15:53:41.581Z",
    "updated_at": "2026-04-08T02:31:02.555Z",
    "student": 66,
    "subject": 5,
    "classroom": 23,
    "academic_year": 1,
    "term": "T1",
    "homework_scores": [
      10
    ],
    "value": "10.00"
  }
},
{
  "model": "school.grade",
  "pk": 32,
  "fields": {
    "created_at": "2026-03-25T15:53:41.681Z",
    "updated_at": "2026-04-08T02:31:01.611Z",
    "student": 65,
    "subject": 5,
    "classroom": 23,
    "academic_year": 1,
    "term": "T1",
    "homework_scores": [
      18
    ],
    "value": "18.00"
  }
},
{
  "model": "school.grade",
  "pk": 33,
  "fields": {
    "created_at": "2026-03-25T15:56:35.334Z",
    "updated_at": "2026-04-08T02:31:08.522Z",
    "student": 74,
    "subject": 16,
    "classroom": 23,
    "academic_year": 1,
    "term": "T1",
    "homework_scores": [
      15
    ],
    "value": "15.00"
  }
},
{
  "model": "school.grade",
  "pk": 34,
  "fields": {
    "created_at": "2026-03-25T15:56:35.454Z",
    "updated_at": "2026-04-08T02:31:07.935Z",
    "student": 73,
    "subject": 16,
    "classroom": 23,
    "academic_year": 1,
    "term": "T1",
    "homework_scores": [
      11
    ],
    "value": "11.00"
  }
},
{
  "model": "school.grade",
  "pk": 35,
  "fields": {
    "created_at": "2026-03-25T15:56:35.582Z",
    "updated_at": "2026-04-08T02:31:07.161Z",
    "student": 72,
    "subject": 16,
    "classroom": 23,
    "academic_year": 1,
    "term": "T1",
    "homework_scores": [
      19
    ],
    "value": "19.00"
  }
},
{
  "model": "school.grade",
  "pk": 36,
  "fields": {
    "created_at": "2026-03-25T15:56:35.693Z",
    "updated_at": "2026-04-08T02:31:06.465Z",
    "student": 71,
    "subject": 16,
    "classroom": 23,
    "academic_year": 1,
    "term": "T1",
    "homework_scores": [
      11
    ],
    "value": "11.00"
  }
},
{
  "model": "school.grade",
  "pk": 37,
  "fields": {
    "created_at": "2026-03-25T15:56:36.008Z",
    "updated_at": "2026-04-08T02:31:05.356Z",
    "student": 70,
    "subject": 16,
    "classroom": 23,
    "academic_year": 1,
    "term": "T1",
    "homework_scores": [
      16
    ],
    "value": "16.00"
  }
},
{
  "model": "school.grade",
  "pk": 38,
  "fields": {
    "created_at": "2026-03-25T15:56:36.130Z",
    "updated_at": "2026-04-08T02:31:04.719Z",
    "student": 69,
    "subject": 16,
    "classroom": 23,
    "academic_year": 1,
    "term": "T1",
    "homework_scores": [
      11
    ],
    "value": "11.00"
  }
},
{
  "model": "school.grade",
  "pk": 39,
  "fields": {
    "created_at": "2026-03-25T15:56:36.352Z",
    "updated_at": "2026-04-08T02:31:04.126Z",
    "student": 68,
    "subject": 16,
    "classroom": 23,
    "academic_year": 1,
    "term": "T1",
    "homework_scores": [
      11
    ],
    "value": "11.00"
  }
},
{
  "model": "school.grade",
  "pk": 40,
  "fields": {
    "created_at": "2026-03-25T15:56:36.444Z",
    "updated_at": "2026-04-08T02:31:03.376Z",
    "student": 67,
    "subject": 16,
    "classroom": 23,
    "academic_year": 1,
    "term": "T1",
    "homework_scores": [
      12
    ],
    "value": "12.00"
  }
},
{
  "model": "school.grade",
  "pk": 41,
  "fields": {
    "created_at": "2026-03-25T15:56:36.582Z",
    "updated_at": "2026-04-08T02:31:02.760Z",
    "student": 66,
    "subject": 16,
    "classroom": 23,
    "academic_year": 1,
    "term": "T1",
    "homework_scores": [
      14
    ],
    "value": "14.00"
  }
},
{
  "model": "school.grade",
  "pk": 42,
  "fields": {
    "created_at": "2026-03-25T15:56:36.709Z",
    "updated_at": "2026-04-08T02:31:01.891Z",
    "student": 65,
    "subject": 16,
    "classroom": 23,
    "academic_year": 1,
    "term": "T1",
    "homework_scores": [
      14
    ],
    "value": "14.00"
  }
},
{
  "model": "school.grade",
  "pk": 43,
  "fields": {
    "created_at": "2026-03-25T15:57:59.926Z",
    "updated_at": "2026-04-08T02:31:08.660Z",
    "student": 74,
    "subject": 19,
    "classroom": 23,
    "academic_year": 1,
    "term": "T1",
    "homework_scores": [
      16
    ],
    "value": "16.00"
  }
},
{
  "model": "school.grade",
  "pk": 44,
  "fields": {
    "created_at": "2026-03-25T15:58:00.060Z",
    "updated_at": "2026-04-08T02:31:08.080Z",
    "student": 73,
    "subject": 19,
    "classroom": 23,
    "academic_year": 1,
    "term": "T1",
    "homework_scores": [
      12
    ],
    "value": "12.00"
  }
},
{
  "model": "school.grade",
  "pk": 45,
  "fields": {
    "created_at": "2026-03-25T15:58:00.195Z",
    "updated_at": "2026-04-08T02:31:07.329Z",
    "student": 72,
    "subject": 19,
    "classroom": 23,
    "academic_year": 1,
    "term": "T1",
    "homework_scores": [
      19
    ],
    "value": "19.00"
  }
},
{
  "model": "school.grade",
  "pk": 46,
  "fields": {
    "created_at": "2026-03-25T15:58:00.278Z",
    "updated_at": "2026-04-08T02:31:06.607Z",
    "student": 71,
    "subject": 19,
    "classroom": 23,
    "academic_year": 1,
    "term": "T1",
    "homework_scores": [
      15
    ],
    "value": "15.00"
  }
},
{
  "model": "school.grade",
  "pk": 47,
  "fields": {
    "created_at": "2026-03-25T15:58:00.377Z",
    "updated_at": "2026-04-08T02:31:05.484Z",
    "student": 70,
    "subject": 19,
    "classroom": 23,
    "academic_year": 1,
    "term": "T1",
    "homework_scores": [
      19
    ],
    "value": "19.00"
  }
},
{
  "model": "school.grade",
  "pk": 48,
  "fields": {
    "created_at": "2026-03-25T15:58:00.468Z",
    "updated_at": "2026-04-08T02:31:04.886Z",
    "student": 69,
    "subject": 19,
    "classroom": 23,
    "academic_year": 1,
    "term": "T1",
    "homework_scores": [
      16
    ],
    "value": "16.00"
  }
},
{
  "model": "school.grade",
  "pk": 49,
  "fields": {
    "created_at": "2026-03-25T15:58:00.614Z",
    "updated_at": "2026-04-08T02:31:04.256Z",
    "student": 68,
    "subject": 19,
    "classroom": 23,
    "academic_year": 1,
    "term": "T1",
    "homework_scores": [
      10
    ],
    "value": "10.00"
  }
},
{
  "model": "school.grade",
  "pk": 50,
  "fields": {
    "created_at": "2026-03-25T15:58:00.730Z",
    "updated_at": "2026-04-08T02:31:03.512Z",
    "student": 67,
    "subject": 19,
    "classroom": 23,
    "academic_year": 1,
    "term": "T1",
    "homework_scores": [
      10
    ],
    "value": "10.00"
  }
},
{
  "model": "school.grade",
  "pk": 51,
  "fields": {
    "created_at": "2026-03-25T15:58:00.831Z",
    "updated_at": "2026-04-08T02:31:02.891Z",
    "student": 66,
    "subject": 19,
    "classroom": 23,
    "academic_year": 1,
    "term": "T1",
    "homework_scores": [
      17
    ],
    "value": "17.00"
  }
},
{
  "model": "school.grade",
  "pk": 52,
  "fields": {
    "created_at": "2026-03-25T15:58:00.932Z",
    "updated_at": "2026-04-08T02:31:02.049Z",
    "student": 65,
    "subject": 19,
    "classroom": 23,
    "academic_year": 1,
    "term": "T1",
    "homework_scores": [
      10
    ],
    "value": "10.00"
  }
},
{
  "model": "school.grade",
  "pk": 53,
  "fields": {
    "created_at": "2026-03-25T16:00:13.131Z",
    "updated_at": "2026-04-08T02:31:08.613Z",
    "student": 74,
    "subject": 18,
    "classroom": 23,
    "academic_year": 1,
    "term": "T1",
    "homework_scores": [
      15
    ],
    "value": "15.00"
  }
},
{
  "model": "school.grade",
  "pk": 54,
  "fields": {
    "created_at": "2026-03-25T16:00:13.280Z",
    "updated_at": "2026-04-08T02:31:08.037Z",
    "student": 73,
    "subject": 18,
    "classroom": 23,
    "academic_year": 1,
    "term": "T1",
    "homework_scores": [
      18
    ],
    "value": "18.00"
  }
},
{
  "model": "school.grade",
  "pk": 55,
  "fields": {
    "created_at": "2026-03-25T16:00:13.452Z",
    "updated_at": "2026-04-08T02:31:07.263Z",
    "student": 72,
    "subject": 18,
    "classroom": 23,
    "academic_year": 1,
    "term": "T1",
    "homework_scores": [
      10
    ],
    "value": "10.00"
  }
},
{
  "model": "school.grade",
  "pk": 56,
  "fields": {
    "created_at": "2026-03-25T16:00:13.548Z",
    "updated_at": "2026-04-08T02:31:06.564Z",
    "student": 71,
    "subject": 18,
    "classroom": 23,
    "academic_year": 1,
    "term": "T1",
    "homework_scores": [
      15
    ],
    "value": "15.00"
  }
},
{
  "model": "school.grade",
  "pk": 57,
  "fields": {
    "created_at": "2026-03-25T16:00:13.648Z",
    "updated_at": "2026-04-08T02:31:05.437Z",
    "student": 70,
    "subject": 18,
    "classroom": 23,
    "academic_year": 1,
    "term": "T1",
    "homework_scores": [
      13
    ],
    "value": "13.00"
  }
},
{
  "model": "school.grade",
  "pk": 58,
  "fields": {
    "created_at": "2026-03-25T16:00:13.753Z",
    "updated_at": "2026-04-08T02:31:04.827Z",
    "student": 69,
    "subject": 18,
    "classroom": 23,
    "academic_year": 1,
    "term": "T1",
    "homework_scores": [
      17
    ],
    "value": "17.00"
  }
},
{
  "model": "school.grade",
  "pk": 59,
  "fields": {
    "created_at": "2026-03-25T16:00:13.894Z",
    "updated_at": "2026-04-08T02:31:04.206Z",
    "student": 68,
    "subject": 18,
    "classroom": 23,
    "academic_year": 1,
    "term": "T1",
    "homework_scores": [
      15
    ],
    "value": "15.00"
  }
},
{
  "model": "school.grade",
  "pk": 60,
  "fields": {
    "created_at": "2026-03-25T16:00:14.005Z",
    "updated_at": "2026-04-08T02:31:03.468Z",
    "student": 67,
    "subject": 18,
    "classroom": 23,
    "academic_year": 1,
    "term": "T1",
    "homework_scores": [
      16
    ],
    "value": "16.00"
  }
},
{
  "model": "school.grade",
  "pk": 61,
  "fields": {
    "created_at": "2026-03-25T16:00:14.087Z",
    "updated_at": "2026-04-08T02:31:02.856Z",
    "student": 66,
    "subject": 18,
    "classroom": 23,
    "academic_year": 1,
    "term": "T1",
    "homework_scores": [
      18
    ],
    "value": "18.00"
  }
},
{
  "model": "school.grade",
  "pk": 62,
  "fields": {
    "created_at": "2026-03-25T16:00:14.179Z",
    "updated_at": "2026-04-08T02:31:02.014Z",
    "student": 65,
    "subject": 18,
    "classroom": 23,
    "academic_year": 1,
    "term": "T1",
    "homework_scores": [
      13
    ],
    "value": "13.00"
  }
},
{
  "model": "school.grade",
  "pk": 63,
  "fields": {
    "created_at": "2026-03-25T16:01:15.246Z",
    "updated_at": "2026-04-08T02:31:08.714Z",
    "student": 74,
    "subject": 20,
    "classroom": 23,
    "academic_year": 1,
    "term": "T1",
    "homework_scores": [
      12
    ],
    "value": "12.00"
  }
},
{
  "model": "school.grade",
  "pk": 64,
  "fields": {
    "created_at": "2026-03-25T16:01:15.589Z",
    "updated_at": "2026-04-08T02:31:08.126Z",
    "student": 73,
    "subject": 20,
    "classroom": 23,
    "academic_year": 1,
    "term": "T1",
    "homework_scores": [
      17
    ],
    "value": "17.00"
  }
},
{
  "model": "school.grade",
  "pk": 65,
  "fields": {
    "created_at": "2026-03-25T16:01:15.702Z",
    "updated_at": "2026-04-08T02:31:07.372Z",
    "student": 72,
    "subject": 20,
    "classroom": 23,
    "academic_year": 1,
    "term": "T1",
    "homework_scores": [
      10
    ],
    "value": "10.00"
  }
},
{
  "model": "school.grade",
  "pk": 66,
  "fields": {
    "created_at": "2026-03-25T16:01:15.799Z",
    "updated_at": "2026-04-08T02:31:06.656Z",
    "student": 71,
    "subject": 20,
    "classroom": 23,
    "academic_year": 1,
    "term": "T1",
    "homework_scores": [
      11
    ],
    "value": "11.00"
  }
},
{
  "model": "school.grade",
  "pk": 67,
  "fields": {
    "created_at": "2026-03-25T16:01:15.931Z",
    "updated_at": "2026-04-08T02:31:05.708Z",
    "student": 70,
    "subject": 20,
    "classroom": 23,
    "academic_year": 1,
    "term": "T1",
    "homework_scores": [
      12
    ],
    "value": "12.00"
  }
},
{
  "model": "school.grade",
  "pk": 68,
  "fields": {
    "created_at": "2026-03-25T16:01:16.019Z",
    "updated_at": "2026-04-08T02:31:04.928Z",
    "student": 69,
    "subject": 20,
    "classroom": 23,
    "academic_year": 1,
    "term": "T1",
    "homework_scores": [
      16
    ],
    "value": "16.00"
  }
},
{
  "model": "school.grade",
  "pk": 69,
  "fields": {
    "created_at": "2026-03-25T16:01:16.155Z",
    "updated_at": "2026-04-08T02:31:04.308Z",
    "student": 68,
    "subject": 20,
    "classroom": 23,
    "academic_year": 1,
    "term": "T1",
    "homework_scores": [
      18
    ],
    "value": "18.00"
  }
},
{
  "model": "school.grade",
  "pk": 70,
  "fields": {
    "created_at": "2026-03-25T16:01:16.309Z",
    "updated_at": "2026-04-08T02:31:03.556Z",
    "student": 67,
    "subject": 20,
    "classroom": 23,
    "academic_year": 1,
    "term": "T1",
    "homework_scores": [
      10
    ],
    "value": "10.00"
  }
},
{
  "model": "school.grade",
  "pk": 71,
  "fields": {
    "created_at": "2026-03-25T16:01:16.438Z",
    "updated_at": "2026-04-08T02:31:02.960Z",
    "student": 66,
    "subject": 20,
    "classroom": 23,
    "academic_year": 1,
    "term": "T1",
    "homework_scores": [
      13
    ],
    "value": "13.00"
  }
},
{
  "model": "school.grade",
  "pk": 72,
  "fields": {
    "created_at": "2026-03-25T16:01:16.594Z",
    "updated_at": "2026-04-08T02:31:02.095Z",
    "student": 65,
    "subject": 20,
    "classroom": 23,
    "academic_year": 1,
    "term": "T1",
    "homework_scores": [
      14
    ],
    "value": "14.00"
  }
},
{
  "model": "school.grade",
  "pk": 73,
  "fields": {
    "created_at": "2026-03-25T16:02:31.564Z",
    "updated_at": "2026-04-08T02:31:08.432Z",
    "student": 74,
    "subject": 14,
    "classroom": 23,
    "academic_year": 1,
    "term": "T1",
    "homework_scores": [
      10
    ],
    "value": "10.00"
  }
},
{
  "model": "school.grade",
  "pk": 74,
  "fields": {
    "created_at": "2026-03-25T16:02:31.680Z",
    "updated_at": "2026-04-08T02:31:07.834Z",
    "student": 73,
    "subject": 14,
    "classroom": 23,
    "academic_year": 1,
    "term": "T1",
    "homework_scores": [
      11
    ],
    "value": "11.00"
  }
},
{
  "model": "school.grade",
  "pk": 75,
  "fields": {
    "created_at": "2026-03-25T16:02:31.774Z",
    "updated_at": "2026-04-08T02:31:07.057Z",
    "student": 72,
    "subject": 14,
    "classroom": 23,
    "academic_year": 1,
    "term": "T1",
    "homework_scores": [
      15
    ],
    "value": "15.00"
  }
},
{
  "model": "school.grade",
  "pk": 76,
  "fields": {
    "created_at": "2026-03-25T16:02:31.911Z",
    "updated_at": "2026-04-08T02:31:06.372Z",
    "student": 71,
    "subject": 14,
    "classroom": 23,
    "academic_year": 1,
    "term": "T1",
    "homework_scores": [
      10
    ],
    "value": "10.00"
  }
},
{
  "model": "school.grade",
  "pk": 77,
  "fields": {
    "created_at": "2026-03-25T16:02:32.058Z",
    "updated_at": "2026-04-08T02:31:05.256Z",
    "student": 70,
    "subject": 14,
    "classroom": 23,
    "academic_year": 1,
    "term": "T1",
    "homework_scores": [
      14
    ],
    "value": "14.00"
  }
},
{
  "model": "school.grade",
  "pk": 78,
  "fields": {
    "created_at": "2026-03-25T16:02:32.149Z",
    "updated_at": "2026-04-08T02:31:04.623Z",
    "student": 69,
    "subject": 14,
    "classroom": 23,
    "academic_year": 1,
    "term": "T1",
    "homework_scores": [
      11
    ],
    "value": "11.00"
  }
},
{
  "model": "school.grade",
  "pk": 79,
  "fields": {
    "created_at": "2026-03-25T16:02:32.316Z",
    "updated_at": "2026-04-08T02:31:04.026Z",
    "student": 68,
    "subject": 14,
    "classroom": 23,
    "academic_year": 1,
    "term": "T1",
    "homework_scores": [
      19
    ],
    "value": "19.00"
  }
},
{
  "model": "school.grade",
  "pk": 80,
  "fields": {
    "created_at": "2026-03-25T16:02:32.486Z",
    "updated_at": "2026-04-08T02:31:03.276Z",
    "student": 67,
    "subject": 14,
    "classroom": 23,
    "academic_year": 1,
    "term": "T1",
    "homework_scores": [
      18
    ],
    "value": "18.00"
  }
},
{
  "model": "school.grade",
  "pk": 81,
  "fields": {
    "created_at": "2026-03-25T16:02:32.610Z",
    "updated_at": "2026-04-08T02:31:02.657Z",
    "student": 66,
    "subject": 14,
    "classroom": 23,
    "academic_year": 1,
    "term": "T1",
    "homework_scores": [
      17
    ],
    "value": "17.00"
  }
},
{
  "model": "school.grade",
  "pk": 82,
  "fields": {
    "created_at": "2026-03-25T16:02:32.731Z",
    "updated_at": "2026-04-08T02:31:01.679Z",
    "student": 65,
    "subject": 14,
    "classroom": 23,
    "academic_year": 1,
    "term": "T1",
    "homework_scores": [
      16
    ],
    "value": "16.00"
  }
},
{
  "model": "school.grade",
  "pk": 83,
  "fields": {
    "created_at": "2026-03-25T16:04:27.439Z",
    "updated_at": "2026-04-08T02:31:08.479Z",
    "student": 74,
    "subject": 15,
    "classroom": 23,
    "academic_year": 1,
    "term": "T1",
    "homework_scores": [
      16
    ],
    "value": "16.00"
  }
},
{
  "model": "school.grade",
  "pk": 84,
  "fields": {
    "created_at": "2026-03-25T16:04:27.589Z",
    "updated_at": "2026-04-08T02:31:07.881Z",
    "student": 73,
    "subject": 15,
    "classroom": 23,
    "academic_year": 1,
    "term": "T1",
    "homework_scores": [
      18
    ],
    "value": "18.00"
  }
},
{
  "model": "school.grade",
  "pk": 85,
  "fields": {
    "created_at": "2026-03-25T16:04:27.717Z",
    "updated_at": "2026-04-08T02:31:07.115Z",
    "student": 72,
    "subject": 15,
    "classroom": 23,
    "academic_year": 1,
    "term": "T1",
    "homework_scores": [
      12
    ],
    "value": "12.00"
  }
},
{
  "model": "school.grade",
  "pk": 86,
  "fields": {
    "created_at": "2026-03-25T16:04:27.842Z",
    "updated_at": "2026-04-08T02:31:06.420Z",
    "student": 71,
    "subject": 15,
    "classroom": 23,
    "academic_year": 1,
    "term": "T1",
    "homework_scores": [
      18
    ],
    "value": "18.00"
  }
},
{
  "model": "school.grade",
  "pk": 87,
  "fields": {
    "created_at": "2026-03-25T16:04:27.925Z",
    "updated_at": "2026-04-08T02:31:05.313Z",
    "student": 70,
    "subject": 15,
    "classroom": 23,
    "academic_year": 1,
    "term": "T1",
    "homework_scores": [
      17
    ],
    "value": "17.00"
  }
},
{
  "model": "school.grade",
  "pk": 88,
  "fields": {
    "created_at": "2026-03-25T16:04:28.072Z",
    "updated_at": "2026-04-08T02:31:04.657Z",
    "student": 69,
    "subject": 15,
    "classroom": 23,
    "academic_year": 1,
    "term": "T1",
    "homework_scores": [
      16
    ],
    "value": "16.00"
  }
},
{
  "model": "school.grade",
  "pk": 89,
  "fields": {
    "created_at": "2026-03-25T16:04:28.184Z",
    "updated_at": "2026-04-08T02:31:04.084Z",
    "student": 68,
    "subject": 15,
    "classroom": 23,
    "academic_year": 1,
    "term": "T1",
    "homework_scores": [
      15
    ],
    "value": "15.00"
  }
},
{
  "model": "school.grade",
  "pk": 90,
  "fields": {
    "created_at": "2026-03-25T16:04:28.328Z",
    "updated_at": "2026-04-08T02:31:03.333Z",
    "student": 67,
    "subject": 15,
    "classroom": 23,
    "academic_year": 1,
    "term": "T1",
    "homework_scores": [
      18
    ],
    "value": "18.00"
  }
},
{
  "model": "school.grade",
  "pk": 91,
  "fields": {
    "created_at": "2026-03-25T16:04:28.492Z",
    "updated_at": "2026-04-08T02:31:02.712Z",
    "student": 66,
    "subject": 15,
    "classroom": 23,
    "academic_year": 1,
    "term": "T1",
    "homework_scores": [
      14
    ],
    "value": "14.00"
  }
},
{
  "model": "school.grade",
  "pk": 92,
  "fields": {
    "created_at": "2026-03-25T16:04:28.564Z",
    "updated_at": "2026-04-08T02:31:01.803Z",
    "student": 65,
    "subject": 15,
    "classroom": 23,
    "academic_year": 1,
    "term": "T1",
    "homework_scores": [
      16
    ],
    "value": "16.00"
  }
},
{
  "model": "school.grade",
  "pk": 93,
  "fields": {
    "created_at": "2026-03-25T16:06:12.479Z",
    "updated_at": "2026-04-08T02:31:08.825Z",
    "student": 74,
    "subject": 22,
    "classroom": 23,
    "academic_year": 1,
    "term": "T1",
    "homework_scores": [
      19
    ],
    "value": "19.00"
  }
},
{
  "model": "school.grade",
  "pk": 94,
  "fields": {
    "created_at": "2026-03-25T16:06:12.627Z",
    "updated_at": "2026-04-08T02:31:08.206Z",
    "student": 73,
    "subject": 22,
    "classroom": 23,
    "academic_year": 1,
    "term": "T1",
    "homework_scores": [
      17
    ],
    "value": "17.00"
  }
},
{
  "model": "school.grade",
  "pk": 95,
  "fields": {
    "created_at": "2026-03-25T16:06:12.753Z",
    "updated_at": "2026-04-08T02:31:07.618Z",
    "student": 72,
    "subject": 22,
    "classroom": 23,
    "academic_year": 1,
    "term": "T1",
    "homework_scores": [
      11
    ],
    "value": "11.00"
  }
},
{
  "model": "school.grade",
  "pk": 96,
  "fields": {
    "created_at": "2026-03-25T16:06:12.858Z",
    "updated_at": "2026-04-08T02:31:06.811Z",
    "student": 71,
    "subject": 22,
    "classroom": 23,
    "academic_year": 1,
    "term": "T1",
    "homework_scores": [
      15
    ],
    "value": "15.00"
  }
},
{
  "model": "school.grade",
  "pk": 97,
  "fields": {
    "created_at": "2026-03-25T16:06:13.001Z",
    "updated_at": "2026-04-08T02:31:05.796Z",
    "student": 70,
    "subject": 22,
    "classroom": 23,
    "academic_year": 1,
    "term": "T1",
    "homework_scores": [
      18
    ],
    "value": "18.00"
  }
},
{
  "model": "school.grade",
  "pk": 98,
  "fields": {
    "created_at": "2026-03-25T16:06:13.132Z",
    "updated_at": "2026-04-08T02:31:05.030Z",
    "student": 69,
    "subject": 22,
    "classroom": 23,
    "academic_year": 1,
    "term": "T1",
    "homework_scores": [
      14
    ],
    "value": "14.00"
  }
},
{
  "model": "school.grade",
  "pk": 99,
  "fields": {
    "created_at": "2026-03-25T16:06:13.232Z",
    "updated_at": "2026-04-08T02:31:04.423Z",
    "student": 68,
    "subject": 22,
    "classroom": 23,
    "academic_year": 1,
    "term": "T1",
    "homework_scores": [
      15
    ],
    "value": "15.00"
  }
},
{
  "model": "school.grade",
  "pk": 100,
  "fields": {
    "created_at": "2026-03-25T16:06:13.409Z",
    "updated_at": "2026-04-08T02:31:03.635Z",
    "student": 67,
    "subject": 22,
    "classroom": 23,
    "academic_year": 1,
    "term": "T1",
    "homework_scores": [
      16
    ],
    "value": "16.00"
  }
},
{
  "model": "school.grade",
  "pk": 101,
  "fields": {
    "created_at": "2026-03-25T16:06:13.610Z",
    "updated_at": "2026-04-08T02:31:03.049Z",
    "student": 66,
    "subject": 22,
    "classroom": 23,
    "academic_year": 1,
    "term": "T1",
    "homework_scores": [
      19
    ],
    "value": "19.00"
  }
},
{
  "model": "school.grade",
  "pk": 102,
  "fields": {
    "created_at": "2026-03-25T16:06:13.680Z",
    "updated_at": "2026-04-08T02:31:02.382Z",
    "student": 65,
    "subject": 22,
    "classroom": 23,
    "academic_year": 1,
    "term": "T1",
    "homework_scores": [
      17
    ],
    "value": "17.00"
  }
},
{
  "model": "school.grade",
  "pk": 103,
  "fields": {
    "created_at": "2026-03-25T16:07:07.831Z",
    "updated_at": "2026-04-08T02:31:08.569Z",
    "student": 74,
    "subject": 17,
    "classroom": 23,
    "academic_year": 1,
    "term": "T1",
    "homework_scores": [
      18
    ],
    "value": "18.00"
  }
},
{
  "model": "school.grade",
  "pk": 104,
  "fields": {
    "created_at": "2026-03-25T16:07:07.979Z",
    "updated_at": "2026-04-08T02:31:07.990Z",
    "student": 73,
    "subject": 17,
    "classroom": 23,
    "academic_year": 1,
    "term": "T1",
    "homework_scores": [
      11
    ],
    "value": "11.00"
  }
},
{
  "model": "school.grade",
  "pk": 105,
  "fields": {
    "created_at": "2026-03-25T16:07:08.107Z",
    "updated_at": "2026-04-08T02:31:07.219Z",
    "student": 72,
    "subject": 17,
    "classroom": 23,
    "academic_year": 1,
    "term": "T1",
    "homework_scores": [
      13
    ],
    "value": "13.00"
  }
},
{
  "model": "school.grade",
  "pk": 106,
  "fields": {
    "created_at": "2026-03-25T16:07:08.221Z",
    "updated_at": "2026-04-08T02:31:06.521Z",
    "student": 71,
    "subject": 17,
    "classroom": 23,
    "academic_year": 1,
    "term": "T1",
    "homework_scores": [
      11
    ],
    "value": "11.00"
  }
},
{
  "model": "school.grade",
  "pk": 107,
  "fields": {
    "created_at": "2026-03-25T16:07:08.353Z",
    "updated_at": "2026-04-08T02:31:05.390Z",
    "student": 70,
    "subject": 17,
    "classroom": 23,
    "academic_year": 1,
    "term": "T1",
    "homework_scores": [
      14
    ],
    "value": "14.00"
  }
},
{
  "model": "school.grade",
  "pk": 108,
  "fields": {
    "created_at": "2026-03-25T16:07:08.440Z",
    "updated_at": "2026-04-08T02:31:04.773Z",
    "student": 69,
    "subject": 17,
    "classroom": 23,
    "academic_year": 1,
    "term": "T1",
    "homework_scores": [
      17
    ],
    "value": "17.00"
  }
},
{
  "model": "school.grade",
  "pk": 109,
  "fields": {
    "created_at": "2026-03-25T16:07:08.558Z",
    "updated_at": "2026-04-08T02:31:04.163Z",
    "student": 68,
    "subject": 17,
    "classroom": 23,
    "academic_year": 1,
    "term": "T1",
    "homework_scores": [
      16
    ],
    "value": "16.00"
  }
},
{
  "model": "school.grade",
  "pk": 110,
  "fields": {
    "created_at": "2026-03-25T16:07:08.676Z",
    "updated_at": "2026-04-08T02:31:03.422Z",
    "student": 67,
    "subject": 17,
    "classroom": 23,
    "academic_year": 1,
    "term": "T1",
    "homework_scores": [
      16
    ],
    "value": "16.00"
  }
},
{
  "model": "school.grade",
  "pk": 111,
  "fields": {
    "created_at": "2026-03-25T16:07:08.768Z",
    "updated_at": "2026-04-08T02:31:02.811Z",
    "student": 66,
    "subject": 17,
    "classroom": 23,
    "academic_year": 1,
    "term": "T1",
    "homework_scores": [
      16
    ],
    "value": "16.00"
  }
},
{
  "model": "school.grade",
  "pk": 112,
  "fields": {
    "created_at": "2026-03-25T16:07:08.841Z",
    "updated_at": "2026-04-08T02:31:01.970Z",
    "student": 65,
    "subject": 17,
    "classroom": 23,
    "academic_year": 1,
    "term": "T1",
    "homework_scores": [
      15
    ],
    "value": "15.00"
  }
},
{
  "model": "school.grade",
  "pk": 113,
  "fields": {
    "created_at": "2026-03-25T16:22:02.530Z",
    "updated_at": "2026-04-08T02:31:08.287Z",
    "student": 74,
    "subject": 4,
    "classroom": 23,
    "academic_year": 1,
    "term": "T1",
    "homework_scores": [
      14
    ],
    "value": "14.00"
  }
},
{
  "model": "school.grade",
  "pk": 114,
  "fields": {
    "created_at": "2026-03-25T16:22:02.663Z",
    "updated_at": "2026-04-08T02:31:07.688Z",
    "student": 73,
    "subject": 4,
    "classroom": 23,
    "academic_year": 1,
    "term": "T1",
    "homework_scores": [
      17
    ],
    "value": "17.00"
  }
},
{
  "model": "school.grade",
  "pk": 115,
  "fields": {
    "created_at": "2026-03-25T16:22:02.752Z",
    "updated_at": "2026-04-08T02:31:06.911Z",
    "student": 72,
    "subject": 4,
    "classroom": 23,
    "academic_year": 1,
    "term": "T1",
    "homework_scores": [
      13
    ],
    "value": "13.00"
  }
},
{
  "model": "school.grade",
  "pk": 116,
  "fields": {
    "created_at": "2026-03-25T16:22:02.839Z",
    "updated_at": "2026-04-08T02:31:06.201Z",
    "student": 71,
    "subject": 4,
    "classroom": 23,
    "academic_year": 1,
    "term": "T1",
    "homework_scores": [
      15
    ],
    "value": "15.00"
  }
},
{
  "model": "school.grade",
  "pk": 117,
  "fields": {
    "created_at": "2026-03-25T16:22:02.927Z",
    "updated_at": "2026-04-08T02:31:05.120Z",
    "student": 70,
    "subject": 4,
    "classroom": 23,
    "academic_year": 1,
    "term": "T1",
    "homework_scores": [
      18
    ],
    "value": "18.00"
  }
},
{
  "model": "school.grade",
  "pk": 118,
  "fields": {
    "created_at": "2026-03-25T16:22:03.034Z",
    "updated_at": "2026-04-08T02:31:04.510Z",
    "student": 69,
    "subject": 4,
    "classroom": 23,
    "academic_year": 1,
    "term": "T1",
    "homework_scores": [
      18
    ],
    "value": "18.00"
  }
},
{
  "model": "school.grade",
  "pk": 119,
  "fields": {
    "created_at": "2026-03-25T16:22:03.172Z",
    "updated_at": "2026-04-08T02:31:03.724Z",
    "student": 68,
    "subject": 4,
    "classroom": 23,
    "academic_year": 1,
    "term": "T1",
    "homework_scores": [
      13
    ],
    "value": "13.00"
  }
},
{
  "model": "school.grade",
  "pk": 120,
  "fields": {
    "created_at": "2026-03-25T16:22:03.284Z",
    "updated_at": "2026-04-08T02:31:03.139Z",
    "student": 67,
    "subject": 4,
    "classroom": 23,
    "academic_year": 1,
    "term": "T1",
    "homework_scores": [
      18
    ],
    "value": "18.00"
  }
},
{
  "model": "school.grade",
  "pk": 121,
  "fields": {
    "created_at": "2026-03-25T16:22:03.406Z",
    "updated_at": "2026-04-08T02:31:02.508Z",
    "student": 66,
    "subject": 4,
    "classroom": 23,
    "academic_year": 1,
    "term": "T1",
    "homework_scores": [
      13
    ],
    "value": "13.00"
  }
},
{
  "model": "school.grade",
  "pk": 122,
  "fields": {
    "created_at": "2026-03-29T22:36:50.638Z",
    "updated_at": "2026-04-08T02:31:08.364Z",
    "student": 74,
    "subject": 8,
    "classroom": 23,
    "academic_year": 1,
    "term": "T1",
    "homework_scores": [
      11
    ],
    "value": "11.00"
  }
},
{
  "model": "school.grade",
  "pk": 123,
  "fields": {
    "created_at": "2026-03-29T22:36:54.066Z",
    "updated_at": "2026-04-08T02:31:07.780Z",
    "student": 73,
    "subject": 8,
    "classroom": 23,
    "academic_year": 1,
    "term": "T1",
    "homework_scores": [
      16
    ],
    "value": "16.00"
  }
},
{
  "model": "school.grade",
  "pk": 124,
  "fields": {
    "created_at": "2026-03-29T22:36:55.358Z",
    "updated_at": "2026-04-08T02:31:07.024Z",
    "student": 72,
    "subject": 8,
    "classroom": 23,
    "academic_year": 1,
    "term": "T1",
    "homework_scores": [
      16
    ],
    "value": "16.00"
  }
},
{
  "model": "school.grade",
  "pk": 125,
  "fields": {
    "created_at": "2026-03-29T22:36:56.133Z",
    "updated_at": "2026-04-08T02:31:06.317Z",
    "student": 71,
    "subject": 8,
    "classroom": 23,
    "academic_year": 1,
    "term": "T1",
    "homework_scores": [
      12
    ],
    "value": "12.00"
  }
},
{
  "model": "school.grade",
  "pk": 126,
  "fields": {
    "created_at": "2026-03-29T22:37:08.185Z",
    "updated_at": "2026-04-08T02:31:05.213Z",
    "student": 70,
    "subject": 8,
    "classroom": 23,
    "academic_year": 1,
    "term": "T1",
    "homework_scores": [
      16
    ],
    "value": "16.00"
  }
},
{
  "model": "school.grade",
  "pk": 127,
  "fields": {
    "created_at": "2026-03-29T22:37:14.142Z",
    "updated_at": "2026-04-08T02:31:04.579Z",
    "student": 69,
    "subject": 8,
    "classroom": 23,
    "academic_year": 1,
    "term": "T1",
    "homework_scores": [
      19
    ],
    "value": "19.00"
  }
},
{
  "model": "school.grade",
  "pk": 128,
  "fields": {
    "created_at": "2026-03-29T22:37:15.081Z",
    "updated_at": "2026-04-08T02:31:03.816Z",
    "student": 68,
    "subject": 8,
    "classroom": 23,
    "academic_year": 1,
    "term": "T1",
    "homework_scores": [
      13
    ],
    "value": "13.00"
  }
},
{
  "model": "school.grade",
  "pk": 129,
  "fields": {
    "created_at": "2026-03-29T22:37:16.149Z",
    "updated_at": "2026-04-08T02:31:03.233Z",
    "student": 67,
    "subject": 8,
    "classroom": 23,
    "academic_year": 1,
    "term": "T1",
    "homework_scores": [
      19
    ],
    "value": "19.00"
  }
},
{
  "model": "school.grade",
  "pk": 130,
  "fields": {
    "created_at": "2026-03-29T22:37:18.469Z",
    "updated_at": "2026-04-08T02:31:02.611Z",
    "student": 66,
    "subject": 8,
    "classroom": 23,
    "academic_year": 1,
    "term": "T1",
    "homework_scores": [
      11
    ],
    "value": "11.00"
  }
},
{
  "model": "school.grade",
  "pk": 131,
  "fields": {
    "created_at": "2026-03-29T22:37:20.776Z",
    "updated_at": "2026-04-08T02:31:00.626Z",
    "student": 14,
    "subject": 8,
    "classroom": 23,
    "academic_year": 1,
    "term": "T1",
    "homework_scores": [
      10
    ],
    "value": "10.00"
  }
},
{
  "model": "school.grade",
  "pk": 132,
  "fields": {
    "created_at": "2026-03-29T22:37:21.489Z",
    "updated_at": "2026-04-08T02:30:59.681Z",
    "student": 13,
    "subject": 8,
    "classroom": 23,
    "academic_year": 1,
    "term": "T1",
    "homework_scores": [
      14
    ],
    "value": "14.00"
  }
},
{
  "model": "school.grade",
  "pk": 133,
  "fields": {
    "created_at": "2026-03-29T22:37:21.742Z",
    "updated_at": "2026-04-08T02:30:59.073Z",
    "student": 12,
    "subject": 8,
    "classroom": 23,
    "academic_year": 1,
    "term": "T1",
    "homework_scores": [
      10
    ],
    "value": "10.00"
  }
},
{
  "model": "school.grade",
  "pk": 134,
  "fields": {
    "created_at": "2026-03-29T22:37:22.265Z",
    "updated_at": "2026-04-08T02:30:57.795Z",
    "student": 11,
    "subject": 8,
    "classroom": 23,
    "academic_year": 1,
    "term": "T1",
    "homework_scores": [
      16
    ],
    "value": "16.00"
  }
},
{
  "model": "school.grade",
  "pk": 135,
  "fields": {
    "created_at": "2026-03-29T22:37:22.792Z",
    "updated_at": "2026-04-08T02:30:56.174Z",
    "student": 10,
    "subject": 8,
    "classroom": 23,
    "academic_year": 1,
    "term": "T1",
    "homework_scores": [
      18
    ],
    "value": "18.00"
  }
},
{
  "model": "school.grade",
  "pk": 136,
  "fields": {
    "created_at": "2026-03-29T22:37:23.261Z",
    "updated_at": "2026-04-08T02:30:55.197Z",
    "student": 9,
    "subject": 8,
    "classroom": 23,
    "academic_year": 1,
    "term": "T1",
    "homework_scores": [
      13
    ],
    "value": "13.00"
  }
},
{
  "model": "school.grade",
  "pk": 137,
  "fields": {
    "created_at": "2026-03-29T22:37:25.229Z",
    "updated_at": "2026-04-08T02:30:54.267Z",
    "student": 8,
    "subject": 8,
    "classroom": 23,
    "academic_year": 1,
    "term": "T1",
    "homework_scores": [
      18
    ],
    "value": "18.00"
  }
},
{
  "model": "school.grade",
  "pk": 138,
  "fields": {
    "created_at": "2026-03-29T22:37:25.681Z",
    "updated_at": "2026-04-08T02:30:53.664Z",
    "student": 7,
    "subject": 8,
    "classroom": 23,
    "academic_year": 1,
    "term": "T1",
    "homework_scores": [
      19
    ],
    "value": "19.00"
  }
},
{
  "model": "school.grade",
  "pk": 139,
  "fields": {
    "created_at": "2026-03-29T22:37:27.117Z",
    "updated_at": "2026-04-08T02:30:52.398Z",
    "student": 6,
    "subject": 8,
    "classroom": 23,
    "academic_year": 1,
    "term": "T1",
    "homework_scores": [
      18
    ],
    "value": "18.00"
  }
},
{
  "model": "school.grade",
  "pk": 140,
  "fields": {
    "created_at": "2026-04-07T20:22:26.622Z",
    "updated_at": "2026-04-08T02:31:09.746Z",
    "student": 127,
    "subject": 25,
    "classroom": 23,
    "academic_year": 1,
    "term": "T1",
    "homework_scores": [
      13
    ],
    "value": "13.00"
  }
},
{
  "model": "school.grade",
  "pk": 141,
  "fields": {
    "created_at": "2026-04-08T02:11:09.964Z",
    "updated_at": "2026-04-08T02:30:51.236Z",
    "student": 5,
    "subject": 4,
    "classroom": 23,
    "academic_year": 1,
    "term": "T1",
    "homework_scores": [
      16
    ],
    "value": "16.00"
  }
},
{
  "model": "school.grade",
  "pk": 142,
  "fields": {
    "created_at": "2026-04-08T02:11:10.050Z",
    "updated_at": "2026-04-08T02:30:51.347Z",
    "student": 5,
    "subject": 5,
    "classroom": 23,
    "academic_year": 1,
    "term": "T1",
    "homework_scores": [
      19
    ],
    "value": "19.00"
  }
},
{
  "model": "school.grade",
  "pk": 143,
  "fields": {
    "created_at": "2026-04-08T02:11:10.086Z",
    "updated_at": "2026-04-08T02:30:51.428Z",
    "student": 5,
    "subject": 8,
    "classroom": 23,
    "academic_year": 1,
    "term": "T1",
    "homework_scores": [
      19
    ],
    "value": "19.00"
  }
},
{
  "model": "school.grade",
  "pk": 144,
  "fields": {
    "created_at": "2026-04-08T02:11:10.129Z",
    "updated_at": "2026-04-08T02:30:51.514Z",
    "student": 5,
    "subject": 14,
    "classroom": 23,
    "academic_year": 1,
    "term": "T1",
    "homework_scores": [
      19
    ],
    "value": "19.00"
  }
},
{
  "model": "school.grade",
  "pk": 145,
  "fields": {
    "created_at": "2026-04-08T02:11:10.172Z",
    "updated_at": "2026-04-08T02:30:51.567Z",
    "student": 5,
    "subject": 15,
    "classroom": 23,
    "academic_year": 1,
    "term": "T1",
    "homework_scores": [
      13
    ],
    "value": "13.00"
  }
},
{
  "model": "school.grade",
  "pk": 146,
  "fields": {
    "created_at": "2026-04-08T02:11:10.205Z",
    "updated_at": "2026-04-08T02:30:51.618Z",
    "student": 5,
    "subject": 16,
    "classroom": 23,
    "academic_year": 1,
    "term": "T1",
    "homework_scores": [
      12
    ],
    "value": "12.00"
  }
},
{
  "model": "school.grade",
  "pk": 147,
  "fields": {
    "created_at": "2026-04-08T02:11:10.252Z",
    "updated_at": "2026-04-08T02:30:51.659Z",
    "student": 5,
    "subject": 17,
    "classroom": 23,
    "academic_year": 1,
    "term": "T1",
    "homework_scores": [
      15
    ],
    "value": "15.00"
  }
},
{
  "model": "school.grade",
  "pk": 148,
  "fields": {
    "created_at": "2026-04-08T02:11:10.320Z",
    "updated_at": "2026-04-08T02:30:51.808Z",
    "student": 5,
    "subject": 18,
    "classroom": 23,
    "academic_year": 1,
    "term": "T1",
    "homework_scores": [
      13
    ],
    "value": "13.00"
  }
},
{
  "model": "school.grade",
  "pk": 149,
  "fields": {
    "created_at": "2026-04-08T02:11:10.367Z",
    "updated_at": "2026-04-08T02:30:51.960Z",
    "student": 5,
    "subject": 19,
    "classroom": 23,
    "academic_year": 1,
    "term": "T1",
    "homework_scores": [
      12
    ],
    "value": "12.00"
  }
},
{
  "model": "school.grade",
  "pk": 150,
  "fields": {
    "created_at": "2026-04-08T02:11:10.419Z",
    "updated_at": "2026-04-08T02:30:52.021Z",
    "student": 5,
    "subject": 20,
    "classroom": 23,
    "academic_year": 1,
    "term": "T1",
    "homework_scores": [
      19
    ],
    "value": "19.00"
  }
},
{
  "model": "school.grade",
  "pk": 151,
  "fields": {
    "created_at": "2026-04-08T02:11:10.454Z",
    "updated_at": "2026-04-08T02:30:52.067Z",
    "student": 5,
    "subject": 21,
    "classroom": 23,
    "academic_year": 1,
    "term": "T1",
    "homework_scores": [
      14
    ],
    "value": "14.00"
  }
},
{
  "model": "school.grade",
  "pk": 152,
  "fields": {
    "created_at": "2026-04-08T02:11:10.489Z",
    "updated_at": "2026-04-08T02:30:52.129Z",
    "student": 5,
    "subject": 22,
    "classroom": 23,
    "academic_year": 1,
    "term": "T1",
    "homework_scores": [
      17
    ],
    "value": "17.00"
  }
},
{
  "model": "school.grade",
  "pk": 153,
  "fields": {
    "created_at": "2026-04-08T02:11:10.588Z",
    "updated_at": "2026-04-08T02:30:52.192Z",
    "student": 5,
    "subject": 25,
    "classroom": 23,
    "academic_year": 1,
    "term": "T1",
    "homework_scores": [
      10
    ],
    "value": "10.00"
  }
},
{
  "model": "school.grade",
  "pk": 154,
  "fields": {
    "created_at": "2026-04-08T02:11:10.653Z",
    "updated_at": "2026-04-08T02:30:52.253Z",
    "student": 6,
    "subject": 4,
    "classroom": 23,
    "academic_year": 1,
    "term": "T1",
    "homework_scores": [
      14
    ],
    "value": "14.00"
  }
},
{
  "model": "school.grade",
  "pk": 155,
  "fields": {
    "created_at": "2026-04-08T02:11:10.696Z",
    "updated_at": "2026-04-08T02:30:52.319Z",
    "student": 6,
    "subject": 5,
    "classroom": 23,
    "academic_year": 1,
    "term": "T1",
    "homework_scores": [
      11
    ],
    "value": "11.00"
  }
},
{
  "model": "school.grade",
  "pk": 156,
  "fields": {
    "created_at": "2026-04-08T02:11:10.823Z",
    "updated_at": "2026-04-08T02:30:52.497Z",
    "student": 6,
    "subject": 14,
    "classroom": 23,
    "academic_year": 1,
    "term": "T1",
    "homework_scores": [
      15
    ],
    "value": "15.00"
  }
},
{
  "model": "school.grade",
  "pk": 157,
  "fields": {
    "created_at": "2026-04-08T02:11:10.879Z",
    "updated_at": "2026-04-08T02:30:52.537Z",
    "student": 6,
    "subject": 15,
    "classroom": 23,
    "academic_year": 1,
    "term": "T1",
    "homework_scores": [
      14
    ],
    "value": "14.00"
  }
},
{
  "model": "school.grade",
  "pk": 158,
  "fields": {
    "created_at": "2026-04-08T02:11:10.937Z",
    "updated_at": "2026-04-08T02:30:52.602Z",
    "student": 6,
    "subject": 16,
    "classroom": 23,
    "academic_year": 1,
    "term": "T1",
    "homework_scores": [
      18
    ],
    "value": "18.00"
  }
},
{
  "model": "school.grade",
  "pk": 159,
  "fields": {
    "created_at": "2026-04-08T02:11:10.980Z",
    "updated_at": "2026-04-08T02:30:52.653Z",
    "student": 6,
    "subject": 17,
    "classroom": 23,
    "academic_year": 1,
    "term": "T1",
    "homework_scores": [
      17
    ],
    "value": "17.00"
  }
},
{
  "model": "school.grade",
  "pk": 160,
  "fields": {
    "created_at": "2026-04-08T02:11:11.038Z",
    "updated_at": "2026-04-08T02:30:52.880Z",
    "student": 6,
    "subject": 18,
    "classroom": 23,
    "academic_year": 1,
    "term": "T1",
    "homework_scores": [
      17
    ],
    "value": "17.00"
  }
},
{
  "model": "school.grade",
  "pk": 161,
  "fields": {
    "created_at": "2026-04-08T02:11:11.083Z",
    "updated_at": "2026-04-08T02:30:52.928Z",
    "student": 6,
    "subject": 19,
    "classroom": 23,
    "academic_year": 1,
    "term": "T1",
    "homework_scores": [
      13
    ],
    "value": "13.00"
  }
},
{
  "model": "school.grade",
  "pk": 162,
  "fields": {
    "created_at": "2026-04-08T02:11:11.151Z",
    "updated_at": "2026-04-08T02:30:53.018Z",
    "student": 6,
    "subject": 20,
    "classroom": 23,
    "academic_year": 1,
    "term": "T1",
    "homework_scores": [
      17
    ],
    "value": "17.00"
  }
},
{
  "model": "school.grade",
  "pk": 163,
  "fields": {
    "created_at": "2026-04-08T02:11:11.219Z",
    "updated_at": "2026-04-08T02:30:53.060Z",
    "student": 6,
    "subject": 21,
    "classroom": 23,
    "academic_year": 1,
    "term": "T1",
    "homework_scores": [
      10
    ],
    "value": "10.00"
  }
},
{
  "model": "school.grade",
  "pk": 164,
  "fields": {
    "created_at": "2026-04-08T02:11:11.273Z",
    "updated_at": "2026-04-08T02:30:53.102Z",
    "student": 6,
    "subject": 22,
    "classroom": 23,
    "academic_year": 1,
    "term": "T1",
    "homework_scores": [
      18
    ],
    "value": "18.00"
  }
},
{
  "model": "school.grade",
  "pk": 165,
  "fields": {
    "created_at": "2026-04-08T02:11:11.321Z",
    "updated_at": "2026-04-08T02:30:53.146Z",
    "student": 6,
    "subject": 25,
    "classroom": 23,
    "academic_year": 1,
    "term": "T1",
    "homework_scores": [
      13
    ],
    "value": "13.00"
  }
},
{
  "model": "school.grade",
  "pk": 166,
  "fields": {
    "created_at": "2026-04-08T02:11:11.375Z",
    "updated_at": "2026-04-08T02:30:53.209Z",
    "student": 7,
    "subject": 4,
    "classroom": 23,
    "academic_year": 1,
    "term": "T1",
    "homework_scores": [
      14
    ],
    "value": "14.00"
  }
},
{
  "model": "school.grade",
  "pk": 167,
  "fields": {
    "created_at": "2026-04-08T02:11:11.439Z",
    "updated_at": "2026-04-08T02:30:53.249Z",
    "student": 7,
    "subject": 5,
    "classroom": 23,
    "academic_year": 1,
    "term": "T1",
    "homework_scores": [
      16
    ],
    "value": "16.00"
  }
},
{
  "model": "school.grade",
  "pk": 168,
  "fields": {
    "created_at": "2026-04-08T02:11:11.676Z",
    "updated_at": "2026-04-08T02:30:53.718Z",
    "student": 7,
    "subject": 14,
    "classroom": 23,
    "academic_year": 1,
    "term": "T1",
    "homework_scores": [
      12
    ],
    "value": "12.00"
  }
},
{
  "model": "school.grade",
  "pk": 169,
  "fields": {
    "created_at": "2026-04-08T02:11:11.735Z",
    "updated_at": "2026-04-08T02:30:53.757Z",
    "student": 7,
    "subject": 15,
    "classroom": 23,
    "academic_year": 1,
    "term": "T1",
    "homework_scores": [
      15
    ],
    "value": "15.00"
  }
},
{
  "model": "school.grade",
  "pk": 170,
  "fields": {
    "created_at": "2026-04-08T02:11:11.789Z",
    "updated_at": "2026-04-08T02:30:53.804Z",
    "student": 7,
    "subject": 16,
    "classroom": 23,
    "academic_year": 1,
    "term": "T1",
    "homework_scores": [
      16
    ],
    "value": "16.00"
  }
},
{
  "model": "school.grade",
  "pk": 171,
  "fields": {
    "created_at": "2026-04-08T02:11:11.848Z",
    "updated_at": "2026-04-08T02:30:53.852Z",
    "student": 7,
    "subject": 17,
    "classroom": 23,
    "academic_year": 1,
    "term": "T1",
    "homework_scores": [
      14
    ],
    "value": "14.00"
  }
},
{
  "model": "school.grade",
  "pk": 172,
  "fields": {
    "created_at": "2026-04-08T02:11:11.903Z",
    "updated_at": "2026-04-08T02:30:53.896Z",
    "student": 7,
    "subject": 18,
    "classroom": 23,
    "academic_year": 1,
    "term": "T1",
    "homework_scores": [
      12
    ],
    "value": "12.00"
  }
},
{
  "model": "school.grade",
  "pk": 173,
  "fields": {
    "created_at": "2026-04-08T02:11:11.957Z",
    "updated_at": "2026-04-08T02:30:53.930Z",
    "student": 7,
    "subject": 19,
    "classroom": 23,
    "academic_year": 1,
    "term": "T1",
    "homework_scores": [
      17
    ],
    "value": "17.00"
  }
},
{
  "model": "school.grade",
  "pk": 174,
  "fields": {
    "created_at": "2026-04-08T02:11:12.025Z",
    "updated_at": "2026-04-08T02:30:53.975Z",
    "student": 7,
    "subject": 20,
    "classroom": 23,
    "academic_year": 1,
    "term": "T1",
    "homework_scores": [
      15
    ],
    "value": "15.00"
  }
},
{
  "model": "school.grade",
  "pk": 175,
  "fields": {
    "created_at": "2026-04-08T02:11:12.105Z",
    "updated_at": "2026-04-08T02:30:54.019Z",
    "student": 7,
    "subject": 21,
    "classroom": 23,
    "academic_year": 1,
    "term": "T1",
    "homework_scores": [
      17
    ],
    "value": "17.00"
  }
},
{
  "model": "school.grade",
  "pk": 176,
  "fields": {
    "created_at": "2026-04-08T02:11:12.171Z",
    "updated_at": "2026-04-08T02:30:54.077Z",
    "student": 7,
    "subject": 22,
    "classroom": 23,
    "academic_year": 1,
    "term": "T1",
    "homework_scores": [
      12
    ],
    "value": "12.00"
  }
},
{
  "model": "school.grade",
  "pk": 177,
  "fields": {
    "created_at": "2026-04-08T02:11:12.219Z",
    "updated_at": "2026-04-08T02:30:54.120Z",
    "student": 7,
    "subject": 25,
    "classroom": 23,
    "academic_year": 1,
    "term": "T1",
    "homework_scores": [
      12
    ],
    "value": "12.00"
  }
},
{
  "model": "school.grade",
  "pk": 178,
  "fields": {
    "created_at": "2026-04-08T02:11:12.265Z",
    "updated_at": "2026-04-08T02:30:54.178Z",
    "student": 8,
    "subject": 4,
    "classroom": 23,
    "academic_year": 1,
    "term": "T1",
    "homework_scores": [
      14
    ],
    "value": "14.00"
  }
},
{
  "model": "school.grade",
  "pk": 179,
  "fields": {
    "created_at": "2026-04-08T02:11:12.320Z",
    "updated_at": "2026-04-08T02:30:54.223Z",
    "student": 8,
    "subject": 5,
    "classroom": 23,
    "academic_year": 1,
    "term": "T1",
    "homework_scores": [
      14
    ],
    "value": "14.00"
  }
},
{
  "model": "school.grade",
  "pk": 180,
  "fields": {
    "created_at": "2026-04-08T02:11:12.421Z",
    "updated_at": "2026-04-08T02:30:54.313Z",
    "student": 8,
    "subject": 14,
    "classroom": 23,
    "academic_year": 1,
    "term": "T1",
    "homework_scores": [
      15
    ],
    "value": "15.00"
  }
},
{
  "model": "school.grade",
  "pk": 181,
  "fields": {
    "created_at": "2026-04-08T02:11:12.478Z",
    "updated_at": "2026-04-08T02:30:54.358Z",
    "student": 8,
    "subject": 15,
    "classroom": 23,
    "academic_year": 1,
    "term": "T1",
    "homework_scores": [
      13
    ],
    "value": "13.00"
  }
},
{
  "model": "school.grade",
  "pk": 182,
  "fields": {
    "created_at": "2026-04-08T02:11:12.590Z",
    "updated_at": "2026-04-08T02:30:54.402Z",
    "student": 8,
    "subject": 16,
    "classroom": 23,
    "academic_year": 1,
    "term": "T1",
    "homework_scores": [
      19
    ],
    "value": "19.00"
  }
},
{
  "model": "school.grade",
  "pk": 183,
  "fields": {
    "created_at": "2026-04-08T02:11:12.648Z",
    "updated_at": "2026-04-08T02:30:54.482Z",
    "student": 8,
    "subject": 17,
    "classroom": 23,
    "academic_year": 1,
    "term": "T1",
    "homework_scores": [
      13
    ],
    "value": "13.00"
  }
},
{
  "model": "school.grade",
  "pk": 184,
  "fields": {
    "created_at": "2026-04-08T02:11:12.699Z",
    "updated_at": "2026-04-08T02:30:54.536Z",
    "student": 8,
    "subject": 18,
    "classroom": 23,
    "academic_year": 1,
    "term": "T1",
    "homework_scores": [
      19
    ],
    "value": "19.00"
  }
},
{
  "model": "school.grade",
  "pk": 185,
  "fields": {
    "created_at": "2026-04-08T02:11:12.749Z",
    "updated_at": "2026-04-08T02:30:54.645Z",
    "student": 8,
    "subject": 19,
    "classroom": 23,
    "academic_year": 1,
    "term": "T1",
    "homework_scores": [
      17
    ],
    "value": "17.00"
  }
},
{
  "model": "school.grade",
  "pk": 186,
  "fields": {
    "created_at": "2026-04-08T02:11:12.803Z",
    "updated_at": "2026-04-08T02:30:54.696Z",
    "student": 8,
    "subject": 20,
    "classroom": 23,
    "academic_year": 1,
    "term": "T1",
    "homework_scores": [
      14
    ],
    "value": "14.00"
  }
},
{
  "model": "school.grade",
  "pk": 187,
  "fields": {
    "created_at": "2026-04-08T02:11:12.850Z",
    "updated_at": "2026-04-08T02:30:54.739Z",
    "student": 8,
    "subject": 21,
    "classroom": 23,
    "academic_year": 1,
    "term": "T1",
    "homework_scores": [
      10
    ],
    "value": "10.00"
  }
},
{
  "model": "school.grade",
  "pk": 188,
  "fields": {
    "created_at": "2026-04-08T02:11:12.904Z",
    "updated_at": "2026-04-08T02:30:54.797Z",
    "student": 8,
    "subject": 22,
    "classroom": 23,
    "academic_year": 1,
    "term": "T1",
    "homework_scores": [
      14
    ],
    "value": "14.00"
  }
},
{
  "model": "school.grade",
  "pk": 189,
  "fields": {
    "created_at": "2026-04-08T02:11:12.952Z",
    "updated_at": "2026-04-08T02:30:55.043Z",
    "student": 8,
    "subject": 25,
    "classroom": 23,
    "academic_year": 1,
    "term": "T1",
    "homework_scores": [
      11
    ],
    "value": "11.00"
  }
},
{
  "model": "school.grade",
  "pk": 190,
  "fields": {
    "created_at": "2026-04-08T02:11:13.018Z",
    "updated_at": "2026-04-08T02:30:55.100Z",
    "student": 9,
    "subject": 4,
    "classroom": 23,
    "academic_year": 1,
    "term": "T1",
    "homework_scores": [
      15
    ],
    "value": "15.00"
  }
},
{
  "model": "school.grade",
  "pk": 191,
  "fields": {
    "created_at": "2026-04-08T02:11:13.065Z",
    "updated_at": "2026-04-08T02:30:55.144Z",
    "student": 9,
    "subject": 5,
    "classroom": 23,
    "academic_year": 1,
    "term": "T1",
    "homework_scores": [
      13
    ],
    "value": "13.00"
  }
},
{
  "model": "school.grade",
  "pk": 192,
  "fields": {
    "created_at": "2026-04-08T02:11:13.321Z",
    "updated_at": "2026-04-08T02:30:55.265Z",
    "student": 9,
    "subject": 14,
    "classroom": 23,
    "academic_year": 1,
    "term": "T1",
    "homework_scores": [
      16
    ],
    "value": "16.00"
  }
},
{
  "model": "school.grade",
  "pk": 193,
  "fields": {
    "created_at": "2026-04-08T02:11:13.377Z",
    "updated_at": "2026-04-08T02:30:55.311Z",
    "student": 9,
    "subject": 15,
    "classroom": 23,
    "academic_year": 1,
    "term": "T1",
    "homework_scores": [
      19
    ],
    "value": "19.00"
  }
},
{
  "model": "school.grade",
  "pk": 194,
  "fields": {
    "created_at": "2026-04-08T02:11:13.436Z",
    "updated_at": "2026-04-08T02:30:55.358Z",
    "student": 9,
    "subject": 16,
    "classroom": 23,
    "academic_year": 1,
    "term": "T1",
    "homework_scores": [
      19
    ],
    "value": "19.00"
  }
},
{
  "model": "school.grade",
  "pk": 195,
  "fields": {
    "created_at": "2026-04-08T02:11:13.489Z",
    "updated_at": "2026-04-08T02:30:55.401Z",
    "student": 9,
    "subject": 17,
    "classroom": 23,
    "academic_year": 1,
    "term": "T1",
    "homework_scores": [
      13
    ],
    "value": "13.00"
  }
},
{
  "model": "school.grade",
  "pk": 196,
  "fields": {
    "created_at": "2026-04-08T02:11:13.557Z",
    "updated_at": "2026-04-08T02:30:55.446Z",
    "student": 9,
    "subject": 18,
    "classroom": 23,
    "academic_year": 1,
    "term": "T1",
    "homework_scores": [
      13
    ],
    "value": "13.00"
  }
},
{
  "model": "school.grade",
  "pk": 197,
  "fields": {
    "created_at": "2026-04-08T02:11:13.624Z",
    "updated_at": "2026-04-08T02:30:55.501Z",
    "student": 9,
    "subject": 19,
    "classroom": 23,
    "academic_year": 1,
    "term": "T1",
    "homework_scores": [
      19
    ],
    "value": "19.00"
  }
},
{
  "model": "school.grade",
  "pk": 198,
  "fields": {
    "created_at": "2026-04-08T02:11:13.683Z",
    "updated_at": "2026-04-08T02:30:55.550Z",
    "student": 9,
    "subject": 20,
    "classroom": 23,
    "academic_year": 1,
    "term": "T1",
    "homework_scores": [
      10
    ],
    "value": "10.00"
  }
},
{
  "model": "school.grade",
  "pk": 199,
  "fields": {
    "created_at": "2026-04-08T02:11:13.737Z",
    "updated_at": "2026-04-08T02:30:55.606Z",
    "student": 9,
    "subject": 21,
    "classroom": 23,
    "academic_year": 1,
    "term": "T1",
    "homework_scores": [
      15
    ],
    "value": "15.00"
  }
},
{
  "model": "school.grade",
  "pk": 200,
  "fields": {
    "created_at": "2026-04-08T02:11:13.796Z",
    "updated_at": "2026-04-08T02:30:55.685Z",
    "student": 9,
    "subject": 22,
    "classroom": 23,
    "academic_year": 1,
    "term": "T1",
    "homework_scores": [
      10
    ],
    "value": "10.00"
  }
},
{
  "model": "school.grade",
  "pk": 201,
  "fields": {
    "created_at": "2026-04-08T02:11:13.852Z",
    "updated_at": "2026-04-08T02:30:55.792Z",
    "student": 9,
    "subject": 25,
    "classroom": 23,
    "academic_year": 1,
    "term": "T1",
    "homework_scores": [
      11
    ],
    "value": "11.00"
  }
},
{
  "model": "school.grade",
  "pk": 202,
  "fields": {
    "created_at": "2026-04-08T02:11:13.905Z",
    "updated_at": "2026-04-08T02:30:55.841Z",
    "student": 10,
    "subject": 4,
    "classroom": 23,
    "academic_year": 1,
    "term": "T1",
    "homework_scores": [
      10
    ],
    "value": "10.00"
  }
},
{
  "model": "school.grade",
  "pk": 203,
  "fields": {
    "created_at": "2026-04-08T02:11:13.963Z",
    "updated_at": "2026-04-08T02:30:56.009Z",
    "student": 10,
    "subject": 5,
    "classroom": 23,
    "academic_year": 1,
    "term": "T1",
    "homework_scores": [
      12
    ],
    "value": "12.00"
  }
},
{
  "model": "school.grade",
  "pk": 204,
  "fields": {
    "created_at": "2026-04-08T02:11:14.074Z",
    "updated_at": "2026-04-08T02:30:56.263Z",
    "student": 10,
    "subject": 14,
    "classroom": 23,
    "academic_year": 1,
    "term": "T1",
    "homework_scores": [
      10
    ],
    "value": "10.00"
  }
},
{
  "model": "school.grade",
  "pk": 205,
  "fields": {
    "created_at": "2026-04-08T02:11:14.134Z",
    "updated_at": "2026-04-08T02:30:56.369Z",
    "student": 10,
    "subject": 15,
    "classroom": 23,
    "academic_year": 1,
    "term": "T1",
    "homework_scores": [
      15
    ],
    "value": "15.00"
  }
},
{
  "model": "school.grade",
  "pk": 206,
  "fields": {
    "created_at": "2026-04-08T02:11:14.188Z",
    "updated_at": "2026-04-08T02:30:56.524Z",
    "student": 10,
    "subject": 16,
    "classroom": 23,
    "academic_year": 1,
    "term": "T1",
    "homework_scores": [
      17
    ],
    "value": "17.00"
  }
},
{
  "model": "school.grade",
  "pk": 207,
  "fields": {
    "created_at": "2026-04-08T02:11:14.248Z",
    "updated_at": "2026-04-08T02:30:56.666Z",
    "student": 10,
    "subject": 17,
    "classroom": 23,
    "academic_year": 1,
    "term": "T1",
    "homework_scores": [
      18
    ],
    "value": "18.00"
  }
},
{
  "model": "school.grade",
  "pk": 208,
  "fields": {
    "created_at": "2026-04-08T02:11:14.322Z",
    "updated_at": "2026-04-08T02:30:56.812Z",
    "student": 10,
    "subject": 18,
    "classroom": 23,
    "academic_year": 1,
    "term": "T1",
    "homework_scores": [
      13
    ],
    "value": "13.00"
  }
},
{
  "model": "school.grade",
  "pk": 209,
  "fields": {
    "created_at": "2026-04-08T02:11:14.381Z",
    "updated_at": "2026-04-08T02:30:56.991Z",
    "student": 10,
    "subject": 19,
    "classroom": 23,
    "academic_year": 1,
    "term": "T1",
    "homework_scores": [
      14
    ],
    "value": "14.00"
  }
},
{
  "model": "school.grade",
  "pk": 210,
  "fields": {
    "created_at": "2026-04-08T02:11:14.435Z",
    "updated_at": "2026-04-08T02:30:57.092Z",
    "student": 10,
    "subject": 20,
    "classroom": 23,
    "academic_year": 1,
    "term": "T1",
    "homework_scores": [
      16
    ],
    "value": "16.00"
  }
},
{
  "model": "school.grade",
  "pk": 211,
  "fields": {
    "created_at": "2026-04-08T02:11:14.492Z",
    "updated_at": "2026-04-08T02:30:57.180Z",
    "student": 10,
    "subject": 21,
    "classroom": 23,
    "academic_year": 1,
    "term": "T1",
    "homework_scores": [
      15
    ],
    "value": "15.00"
  }
},
{
  "model": "school.grade",
  "pk": 212,
  "fields": {
    "created_at": "2026-04-08T02:11:14.549Z",
    "updated_at": "2026-04-08T02:30:57.309Z",
    "student": 10,
    "subject": 22,
    "classroom": 23,
    "academic_year": 1,
    "term": "T1",
    "homework_scores": [
      17
    ],
    "value": "17.00"
  }
},
{
  "model": "school.grade",
  "pk": 213,
  "fields": {
    "created_at": "2026-04-08T02:11:14.603Z",
    "updated_at": "2026-04-08T02:30:57.446Z",
    "student": 10,
    "subject": 25,
    "classroom": 23,
    "academic_year": 1,
    "term": "T1",
    "homework_scores": [
      14
    ],
    "value": "14.00"
  }
},
{
  "model": "school.grade",
  "pk": 214,
  "fields": {
    "created_at": "2026-04-08T02:11:14.663Z",
    "updated_at": "2026-04-08T02:30:57.597Z",
    "student": 11,
    "subject": 4,
    "classroom": 23,
    "academic_year": 1,
    "term": "T1",
    "homework_scores": [
      10
    ],
    "value": "10.00"
  }
},
{
  "model": "school.grade",
  "pk": 215,
  "fields": {
    "created_at": "2026-04-08T02:11:14.886Z",
    "updated_at": "2026-04-08T02:30:57.672Z",
    "student": 11,
    "subject": 5,
    "classroom": 23,
    "academic_year": 1,
    "term": "T1",
    "homework_scores": [
      15
    ],
    "value": "15.00"
  }
},
{
  "model": "school.grade",
  "pk": 216,
  "fields": {
    "created_at": "2026-04-08T02:11:14.984Z",
    "updated_at": "2026-04-08T02:30:57.939Z",
    "student": 11,
    "subject": 14,
    "classroom": 23,
    "academic_year": 1,
    "term": "T1",
    "homework_scores": [
      13
    ],
    "value": "13.00"
  }
},
{
  "model": "school.grade",
  "pk": 217,
  "fields": {
    "created_at": "2026-04-08T02:11:15.032Z",
    "updated_at": "2026-04-08T02:30:58.222Z",
    "student": 11,
    "subject": 15,
    "classroom": 23,
    "academic_year": 1,
    "term": "T1",
    "homework_scores": [
      10
    ],
    "value": "10.00"
  }
},
{
  "model": "school.grade",
  "pk": 218,
  "fields": {
    "created_at": "2026-04-08T02:11:15.086Z",
    "updated_at": "2026-04-08T02:30:58.378Z",
    "student": 11,
    "subject": 16,
    "classroom": 23,
    "academic_year": 1,
    "term": "T1",
    "homework_scores": [
      15
    ],
    "value": "15.00"
  }
},
{
  "model": "school.grade",
  "pk": 219,
  "fields": {
    "created_at": "2026-04-08T02:11:15.132Z",
    "updated_at": "2026-04-08T02:30:58.421Z",
    "student": 11,
    "subject": 17,
    "classroom": 23,
    "academic_year": 1,
    "term": "T1",
    "homework_scores": [
      10
    ],
    "value": "10.00"
  }
},
{
  "model": "school.grade",
  "pk": 220,
  "fields": {
    "created_at": "2026-04-08T02:11:15.179Z",
    "updated_at": "2026-04-08T02:30:58.498Z",
    "student": 11,
    "subject": 18,
    "classroom": 23,
    "academic_year": 1,
    "term": "T1",
    "homework_scores": [
      15
    ],
    "value": "15.00"
  }
},
{
  "model": "school.grade",
  "pk": 221,
  "fields": {
    "created_at": "2026-04-08T02:11:15.233Z",
    "updated_at": "2026-04-08T02:30:58.612Z",
    "student": 11,
    "subject": 19,
    "classroom": 23,
    "academic_year": 1,
    "term": "T1",
    "homework_scores": [
      16
    ],
    "value": "16.00"
  }
},
{
  "model": "school.grade",
  "pk": 222,
  "fields": {
    "created_at": "2026-04-08T02:11:15.289Z",
    "updated_at": "2026-04-08T02:30:58.723Z",
    "student": 11,
    "subject": 20,
    "classroom": 23,
    "academic_year": 1,
    "term": "T1",
    "homework_scores": [
      13
    ],
    "value": "13.00"
  }
},
{
  "model": "school.grade",
  "pk": 223,
  "fields": {
    "created_at": "2026-04-08T02:11:15.335Z",
    "updated_at": "2026-04-08T02:30:58.792Z",
    "student": 11,
    "subject": 21,
    "classroom": 23,
    "academic_year": 1,
    "term": "T1",
    "homework_scores": [
      12
    ],
    "value": "12.00"
  }
},
{
  "model": "school.grade",
  "pk": 224,
  "fields": {
    "created_at": "2026-04-08T02:11:15.392Z",
    "updated_at": "2026-04-08T02:30:58.874Z",
    "student": 11,
    "subject": 22,
    "classroom": 23,
    "academic_year": 1,
    "term": "T1",
    "homework_scores": [
      13
    ],
    "value": "13.00"
  }
},
{
  "model": "school.grade",
  "pk": 225,
  "fields": {
    "created_at": "2026-04-08T02:11:15.450Z",
    "updated_at": "2026-04-08T02:30:58.929Z",
    "student": 11,
    "subject": 25,
    "classroom": 23,
    "academic_year": 1,
    "term": "T1",
    "homework_scores": [
      19
    ],
    "value": "19.00"
  }
},
{
  "model": "school.grade",
  "pk": 226,
  "fields": {
    "created_at": "2026-04-08T02:11:15.504Z",
    "updated_at": "2026-04-08T02:30:58.979Z",
    "student": 12,
    "subject": 4,
    "classroom": 23,
    "academic_year": 1,
    "term": "T1",
    "homework_scores": [
      14
    ],
    "value": "14.00"
  }
},
{
  "model": "school.grade",
  "pk": 227,
  "fields": {
    "created_at": "2026-04-08T02:11:15.565Z",
    "updated_at": "2026-04-08T02:30:59.028Z",
    "student": 12,
    "subject": 5,
    "classroom": 23,
    "academic_year": 1,
    "term": "T1",
    "homework_scores": [
      10
    ],
    "value": "10.00"
  }
},
{
  "model": "school.grade",
  "pk": 228,
  "fields": {
    "created_at": "2026-04-08T02:11:15.664Z",
    "updated_at": "2026-04-08T02:30:59.116Z",
    "student": 12,
    "subject": 14,
    "classroom": 23,
    "academic_year": 1,
    "term": "T1",
    "homework_scores": [
      13
    ],
    "value": "13.00"
  }
},
{
  "model": "school.grade",
  "pk": 229,
  "fields": {
    "created_at": "2026-04-08T02:11:15.731Z",
    "updated_at": "2026-04-08T02:30:59.196Z",
    "student": 12,
    "subject": 15,
    "classroom": 23,
    "academic_year": 1,
    "term": "T1",
    "homework_scores": [
      18
    ],
    "value": "18.00"
  }
},
{
  "model": "school.grade",
  "pk": 230,
  "fields": {
    "created_at": "2026-04-08T02:11:15.776Z",
    "updated_at": "2026-04-08T02:30:59.229Z",
    "student": 12,
    "subject": 16,
    "classroom": 23,
    "academic_year": 1,
    "term": "T1",
    "homework_scores": [
      17
    ],
    "value": "17.00"
  }
},
{
  "model": "school.grade",
  "pk": 231,
  "fields": {
    "created_at": "2026-04-08T02:11:15.831Z",
    "updated_at": "2026-04-08T02:30:59.275Z",
    "student": 12,
    "subject": 17,
    "classroom": 23,
    "academic_year": 1,
    "term": "T1",
    "homework_scores": [
      11
    ],
    "value": "11.00"
  }
},
{
  "model": "school.grade",
  "pk": 232,
  "fields": {
    "created_at": "2026-04-08T02:11:15.886Z",
    "updated_at": "2026-04-08T02:30:59.320Z",
    "student": 12,
    "subject": 18,
    "classroom": 23,
    "academic_year": 1,
    "term": "T1",
    "homework_scores": [
      16
    ],
    "value": "16.00"
  }
},
{
  "model": "school.grade",
  "pk": 233,
  "fields": {
    "created_at": "2026-04-08T02:11:15.945Z",
    "updated_at": "2026-04-08T02:30:59.377Z",
    "student": 12,
    "subject": 19,
    "classroom": 23,
    "academic_year": 1,
    "term": "T1",
    "homework_scores": [
      15
    ],
    "value": "15.00"
  }
},
{
  "model": "school.grade",
  "pk": 234,
  "fields": {
    "created_at": "2026-04-08T02:11:16.000Z",
    "updated_at": "2026-04-08T02:30:59.423Z",
    "student": 12,
    "subject": 20,
    "classroom": 23,
    "academic_year": 1,
    "term": "T1",
    "homework_scores": [
      17
    ],
    "value": "17.00"
  }
},
{
  "model": "school.grade",
  "pk": 235,
  "fields": {
    "created_at": "2026-04-08T02:11:16.059Z",
    "updated_at": "2026-04-08T02:30:59.465Z",
    "student": 12,
    "subject": 21,
    "classroom": 23,
    "academic_year": 1,
    "term": "T1",
    "homework_scores": [
      16
    ],
    "value": "16.00"
  }
},
{
  "model": "school.grade",
  "pk": 236,
  "fields": {
    "created_at": "2026-04-08T02:11:16.114Z",
    "updated_at": "2026-04-08T02:30:59.511Z",
    "student": 12,
    "subject": 22,
    "classroom": 23,
    "academic_year": 1,
    "term": "T1",
    "homework_scores": [
      17
    ],
    "value": "17.00"
  }
},
{
  "model": "school.grade",
  "pk": 237,
  "fields": {
    "created_at": "2026-04-08T02:11:16.183Z",
    "updated_at": "2026-04-08T02:30:59.557Z",
    "student": 12,
    "subject": 25,
    "classroom": 23,
    "academic_year": 1,
    "term": "T1",
    "homework_scores": [
      10
    ],
    "value": "10.00"
  }
},
{
  "model": "school.grade",
  "pk": 238,
  "fields": {
    "created_at": "2026-04-08T02:11:16.237Z",
    "updated_at": "2026-04-08T02:30:59.602Z",
    "student": 13,
    "subject": 4,
    "classroom": 23,
    "academic_year": 1,
    "term": "T1",
    "homework_scores": [
      16
    ],
    "value": "16.00"
  }
},
{
  "model": "school.grade",
  "pk": 239,
  "fields": {
    "created_at": "2026-04-08T02:11:16.295Z",
    "updated_at": "2026-04-08T02:30:59.637Z",
    "student": 13,
    "subject": 5,
    "classroom": 23,
    "academic_year": 1,
    "term": "T1",
    "homework_scores": [
      18
    ],
    "value": "18.00"
  }
},
{
  "model": "school.grade",
  "pk": 240,
  "fields": {
    "created_at": "2026-04-08T02:11:16.539Z",
    "updated_at": "2026-04-08T02:30:59.728Z",
    "student": 13,
    "subject": 14,
    "classroom": 23,
    "academic_year": 1,
    "term": "T1",
    "homework_scores": [
      12
    ],
    "value": "12.00"
  }
},
{
  "model": "school.grade",
  "pk": 241,
  "fields": {
    "created_at": "2026-04-08T02:11:16.597Z",
    "updated_at": "2026-04-08T02:30:59.774Z",
    "student": 13,
    "subject": 15,
    "classroom": 23,
    "academic_year": 1,
    "term": "T1",
    "homework_scores": [
      18
    ],
    "value": "18.00"
  }
},
{
  "model": "school.grade",
  "pk": 242,
  "fields": {
    "created_at": "2026-04-08T02:11:16.650Z",
    "updated_at": "2026-04-08T02:30:59.818Z",
    "student": 13,
    "subject": 16,
    "classroom": 23,
    "academic_year": 1,
    "term": "T1",
    "homework_scores": [
      10
    ],
    "value": "10.00"
  }
},
{
  "model": "school.grade",
  "pk": 243,
  "fields": {
    "created_at": "2026-04-08T02:11:16.711Z",
    "updated_at": "2026-04-08T02:30:59.861Z",
    "student": 13,
    "subject": 17,
    "classroom": 23,
    "academic_year": 1,
    "term": "T1",
    "homework_scores": [
      18
    ],
    "value": "18.00"
  }
},
{
  "model": "school.grade",
  "pk": 244,
  "fields": {
    "created_at": "2026-04-08T02:11:16.751Z",
    "updated_at": "2026-04-08T02:30:59.911Z",
    "student": 13,
    "subject": 18,
    "classroom": 23,
    "academic_year": 1,
    "term": "T1",
    "homework_scores": [
      10
    ],
    "value": "10.00"
  }
},
{
  "model": "school.grade",
  "pk": 245,
  "fields": {
    "created_at": "2026-04-08T02:11:16.809Z",
    "updated_at": "2026-04-08T02:30:59.952Z",
    "student": 13,
    "subject": 19,
    "classroom": 23,
    "academic_year": 1,
    "term": "T1",
    "homework_scores": [
      18
    ],
    "value": "18.00"
  }
},
{
  "model": "school.grade",
  "pk": 246,
  "fields": {
    "created_at": "2026-04-08T02:11:16.867Z",
    "updated_at": "2026-04-08T02:31:00.153Z",
    "student": 13,
    "subject": 20,
    "classroom": 23,
    "academic_year": 1,
    "term": "T1",
    "homework_scores": [
      10
    ],
    "value": "10.00"
  }
},
{
  "model": "school.grade",
  "pk": 247,
  "fields": {
    "created_at": "2026-04-08T02:11:16.934Z",
    "updated_at": "2026-04-08T02:31:00.222Z",
    "student": 13,
    "subject": 21,
    "classroom": 23,
    "academic_year": 1,
    "term": "T1",
    "homework_scores": [
      19
    ],
    "value": "19.00"
  }
},
{
  "model": "school.grade",
  "pk": 248,
  "fields": {
    "created_at": "2026-04-08T02:11:16.989Z",
    "updated_at": "2026-04-08T02:31:00.264Z",
    "student": 13,
    "subject": 22,
    "classroom": 23,
    "academic_year": 1,
    "term": "T1",
    "homework_scores": [
      12
    ],
    "value": "12.00"
  }
},
{
  "model": "school.grade",
  "pk": 249,
  "fields": {
    "created_at": "2026-04-08T02:11:17.047Z",
    "updated_at": "2026-04-08T02:31:00.310Z",
    "student": 13,
    "subject": 25,
    "classroom": 23,
    "academic_year": 1,
    "term": "T1",
    "homework_scores": [
      19
    ],
    "value": "19.00"
  }
},
{
  "model": "school.grade",
  "pk": 250,
  "fields": {
    "created_at": "2026-04-08T02:11:17.111Z",
    "updated_at": "2026-04-08T02:31:00.398Z",
    "student": 14,
    "subject": 4,
    "classroom": 23,
    "academic_year": 1,
    "term": "T1",
    "homework_scores": [
      14
    ],
    "value": "14.00"
  }
},
{
  "model": "school.grade",
  "pk": 251,
  "fields": {
    "created_at": "2026-04-08T02:11:17.177Z",
    "updated_at": "2026-04-08T02:31:00.540Z",
    "student": 14,
    "subject": 5,
    "classroom": 23,
    "academic_year": 1,
    "term": "T1",
    "homework_scores": [
      18
    ],
    "value": "18.00"
  }
},
{
  "model": "school.grade",
  "pk": 252,
  "fields": {
    "created_at": "2026-04-08T02:11:17.281Z",
    "updated_at": "2026-04-08T02:31:00.670Z",
    "student": 14,
    "subject": 14,
    "classroom": 23,
    "academic_year": 1,
    "term": "T1",
    "homework_scores": [
      12
    ],
    "value": "12.00"
  }
},
{
  "model": "school.grade",
  "pk": 253,
  "fields": {
    "created_at": "2026-04-08T02:11:17.357Z",
    "updated_at": "2026-04-08T02:31:00.714Z",
    "student": 14,
    "subject": 15,
    "classroom": 23,
    "academic_year": 1,
    "term": "T1",
    "homework_scores": [
      17
    ],
    "value": "17.00"
  }
},
{
  "model": "school.grade",
  "pk": 254,
  "fields": {
    "created_at": "2026-04-08T02:11:17.413Z",
    "updated_at": "2026-04-08T02:31:00.758Z",
    "student": 14,
    "subject": 16,
    "classroom": 23,
    "academic_year": 1,
    "term": "T1",
    "homework_scores": [
      13
    ],
    "value": "13.00"
  }
},
{
  "model": "school.grade",
  "pk": 255,
  "fields": {
    "created_at": "2026-04-08T02:11:17.465Z",
    "updated_at": "2026-04-08T02:31:00.882Z",
    "student": 14,
    "subject": 17,
    "classroom": 23,
    "academic_year": 1,
    "term": "T1",
    "homework_scores": [
      18
    ],
    "value": "18.00"
  }
},
{
  "model": "school.grade",
  "pk": 256,
  "fields": {
    "created_at": "2026-04-08T02:11:17.514Z",
    "updated_at": "2026-04-08T02:31:00.946Z",
    "student": 14,
    "subject": 18,
    "classroom": 23,
    "academic_year": 1,
    "term": "T1",
    "homework_scores": [
      15
    ],
    "value": "15.00"
  }
},
{
  "model": "school.grade",
  "pk": 257,
  "fields": {
    "created_at": "2026-04-08T02:11:17.572Z",
    "updated_at": "2026-04-08T02:31:01.018Z",
    "student": 14,
    "subject": 19,
    "classroom": 23,
    "academic_year": 1,
    "term": "T1",
    "homework_scores": [
      15
    ],
    "value": "15.00"
  }
},
{
  "model": "school.grade",
  "pk": 258,
  "fields": {
    "created_at": "2026-04-08T02:11:17.629Z",
    "updated_at": "2026-04-08T02:31:01.130Z",
    "student": 14,
    "subject": 20,
    "classroom": 23,
    "academic_year": 1,
    "term": "T1",
    "homework_scores": [
      13
    ],
    "value": "13.00"
  }
},
{
  "model": "school.grade",
  "pk": 259,
  "fields": {
    "created_at": "2026-04-08T02:11:17.684Z",
    "updated_at": "2026-04-08T02:31:01.193Z",
    "student": 14,
    "subject": 21,
    "classroom": 23,
    "academic_year": 1,
    "term": "T1",
    "homework_scores": [
      15
    ],
    "value": "15.00"
  }
},
{
  "model": "school.grade",
  "pk": 260,
  "fields": {
    "created_at": "2026-04-08T02:11:17.741Z",
    "updated_at": "2026-04-08T02:31:01.246Z",
    "student": 14,
    "subject": 22,
    "classroom": 23,
    "academic_year": 1,
    "term": "T1",
    "homework_scores": [
      13
    ],
    "value": "13.00"
  }
},
{
  "model": "school.grade",
  "pk": 261,
  "fields": {
    "created_at": "2026-04-08T02:11:17.796Z",
    "updated_at": "2026-04-08T02:31:01.513Z",
    "student": 14,
    "subject": 25,
    "classroom": 23,
    "academic_year": 1,
    "term": "T1",
    "homework_scores": [
      18
    ],
    "value": "18.00"
  }
},
{
  "model": "school.grade",
  "pk": 262,
  "fields": {
    "created_at": "2026-04-08T02:11:17.843Z",
    "updated_at": "2026-04-08T02:31:01.558Z",
    "student": 65,
    "subject": 4,
    "classroom": 23,
    "academic_year": 1,
    "term": "T1",
    "homework_scores": [
      16
    ],
    "value": "16.00"
  }
},
{
  "model": "school.grade",
  "pk": 263,
  "fields": {
    "created_at": "2026-04-08T02:11:17.945Z",
    "updated_at": "2026-04-08T02:31:01.645Z",
    "student": 65,
    "subject": 8,
    "classroom": 23,
    "academic_year": 1,
    "term": "T1",
    "homework_scores": [
      12
    ],
    "value": "12.00"
  }
},
{
  "model": "school.grade",
  "pk": 264,
  "fields": {
    "created_at": "2026-04-08T02:11:18.838Z",
    "updated_at": "2026-04-08T02:31:02.430Z",
    "student": 65,
    "subject": 25,
    "classroom": 23,
    "academic_year": 1,
    "term": "T1",
    "homework_scores": [
      17
    ],
    "value": "17.00"
  }
},
{
  "model": "school.grade",
  "pk": 265,
  "fields": {
    "created_at": "2026-04-08T02:11:19.555Z",
    "updated_at": "2026-04-08T02:31:03.092Z",
    "student": 66,
    "subject": 25,
    "classroom": 23,
    "academic_year": 1,
    "term": "T1",
    "homework_scores": [
      18
    ],
    "value": "18.00"
  }
},
{
  "model": "school.grade",
  "pk": 266,
  "fields": {
    "created_at": "2026-04-08T02:11:20.604Z",
    "updated_at": "2026-04-08T02:31:03.682Z",
    "student": 67,
    "subject": 25,
    "classroom": 23,
    "academic_year": 1,
    "term": "T1",
    "homework_scores": [
      10
    ],
    "value": "10.00"
  }
},
{
  "model": "school.grade",
  "pk": 267,
  "fields": {
    "created_at": "2026-04-08T02:11:21.294Z",
    "updated_at": "2026-04-08T02:31:04.466Z",
    "student": 68,
    "subject": 25,
    "classroom": 23,
    "academic_year": 1,
    "term": "T1",
    "homework_scores": [
      13
    ],
    "value": "13.00"
  }
},
{
  "model": "school.grade",
  "pk": 268,
  "fields": {
    "created_at": "2026-04-08T02:11:22.122Z",
    "updated_at": "2026-04-08T02:31:05.074Z",
    "student": 69,
    "subject": 25,
    "classroom": 23,
    "academic_year": 1,
    "term": "T1",
    "homework_scores": [
      10
    ],
    "value": "10.00"
  }
},
{
  "model": "school.grade",
  "pk": 269,
  "fields": {
    "created_at": "2026-04-08T02:11:22.754Z",
    "updated_at": "2026-04-08T02:31:05.989Z",
    "student": 70,
    "subject": 25,
    "classroom": 23,
    "academic_year": 1,
    "term": "T1",
    "homework_scores": [
      15
    ],
    "value": "15.00"
  }
},
{
  "model": "school.grade",
  "pk": 270,
  "fields": {
    "created_at": "2026-04-08T02:11:23.541Z",
    "updated_at": "2026-04-08T02:31:06.869Z",
    "student": 71,
    "subject": 25,
    "classroom": 23,
    "academic_year": 1,
    "term": "T1",
    "homework_scores": [
      14
    ],
    "value": "14.00"
  }
},
{
  "model": "school.grade",
  "pk": 271,
  "fields": {
    "created_at": "2026-04-08T02:11:24.207Z",
    "updated_at": "2026-04-08T02:31:07.652Z",
    "student": 72,
    "subject": 25,
    "classroom": 23,
    "academic_year": 1,
    "term": "T1",
    "homework_scores": [
      13
    ],
    "value": "13.00"
  }
},
{
  "model": "school.grade",
  "pk": 272,
  "fields": {
    "created_at": "2026-04-08T02:11:24.872Z",
    "updated_at": "2026-04-08T02:31:08.239Z",
    "student": 73,
    "subject": 25,
    "classroom": 23,
    "academic_year": 1,
    "term": "T1",
    "homework_scores": [
      13
    ],
    "value": "13.00"
  }
},
{
  "model": "school.grade",
  "pk": 273,
  "fields": {
    "created_at": "2026-04-08T02:11:25.869Z",
    "updated_at": "2026-04-08T02:31:08.870Z",
    "student": 74,
    "subject": 25,
    "classroom": 23,
    "academic_year": 1,
    "term": "T1",
    "homework_scores": [
      16
    ],
    "value": "16.00"
  }
},
{
  "model": "school.grade",
  "pk": 274,
  "fields": {
    "created_at": "2026-04-08T02:11:25.914Z",
    "updated_at": "2026-04-08T02:31:08.917Z",
    "student": 127,
    "subject": 4,
    "classroom": 23,
    "academic_year": 1,
    "term": "T1",
    "homework_scores": [
      18
    ],
    "value": "18.00"
  }
},
{
  "model": "school.grade",
  "pk": 275,
  "fields": {
    "created_at": "2026-04-08T02:11:25.956Z",
    "updated_at": "2026-04-08T02:31:08.994Z",
    "student": 127,
    "subject": 5,
    "classroom": 23,
    "academic_year": 1,
    "term": "T1",
    "homework_scores": [
      12
    ],
    "value": "12.00"
  }
},
{
  "model": "school.grade",
  "pk": 276,
  "fields": {
    "created_at": "2026-04-08T02:11:26.007Z",
    "updated_at": "2026-04-08T02:31:09.038Z",
    "student": 127,
    "subject": 8,
    "classroom": 23,
    "academic_year": 1,
    "term": "T1",
    "homework_scores": [
      13
    ],
    "value": "13.00"
  }
},
{
  "model": "school.grade",
  "pk": 277,
  "fields": {
    "created_at": "2026-04-08T02:11:26.062Z",
    "updated_at": "2026-04-08T02:31:09.153Z",
    "student": 127,
    "subject": 14,
    "classroom": 23,
    "academic_year": 1,
    "term": "T1",
    "homework_scores": [
      11
    ],
    "value": "11.00"
  }
},
{
  "model": "school.grade",
  "pk": 278,
  "fields": {
    "created_at": "2026-04-08T02:11:26.120Z",
    "updated_at": "2026-04-08T02:31:09.362Z",
    "student": 127,
    "subject": 15,
    "classroom": 23,
    "academic_year": 1,
    "term": "T1",
    "homework_scores": [
      11
    ],
    "value": "11.00"
  }
},
{
  "model": "school.grade",
  "pk": 279,
  "fields": {
    "created_at": "2026-04-08T02:11:26.175Z",
    "updated_at": "2026-04-08T02:31:09.421Z",
    "student": 127,
    "subject": 16,
    "classroom": 23,
    "academic_year": 1,
    "term": "T1",
    "homework_scores": [
      17
    ],
    "value": "17.00"
  }
},
{
  "model": "school.grade",
  "pk": 280,
  "fields": {
    "created_at": "2026-04-08T02:11:26.232Z",
    "updated_at": "2026-04-08T02:31:09.465Z",
    "student": 127,
    "subject": 17,
    "classroom": 23,
    "academic_year": 1,
    "term": "T1",
    "homework_scores": [
      11
    ],
    "value": "11.00"
  }
},
{
  "model": "school.grade",
  "pk": 281,
  "fields": {
    "created_at": "2026-04-08T02:11:26.289Z",
    "updated_at": "2026-04-08T02:31:09.534Z",
    "student": 127,
    "subject": 18,
    "classroom": 23,
    "academic_year": 1,
    "term": "T1",
    "homework_scores": [
      18
    ],
    "value": "18.00"
  }
},
{
  "model": "school.grade",
  "pk": 282,
  "fields": {
    "created_at": "2026-04-08T02:11:26.355Z",
    "updated_at": "2026-04-08T02:31:09.577Z",
    "student": 127,
    "subject": 19,
    "classroom": 23,
    "academic_year": 1,
    "term": "T1",
    "homework_scores": [
      14
    ],
    "value": "14.00"
  }
},
{
  "model": "school.grade",
  "pk": 283,
  "fields": {
    "created_at": "2026-04-08T02:11:26.410Z",
    "updated_at": "2026-04-08T02:31:09.621Z",
    "student": 127,
    "subject": 20,
    "classroom": 23,
    "academic_year": 1,
    "term": "T1",
    "homework_scores": [
      17
    ],
    "value": "17.00"
  }
},
{
  "model": "school.grade",
  "pk": 284,
  "fields": {
    "created_at": "2026-04-08T02:11:26.467Z",
    "updated_at": "2026-04-08T02:31:09.658Z",
    "student": 127,
    "subject": 21,
    "classroom": 23,
    "academic_year": 1,
    "term": "T1",
    "homework_scores": [
      14
    ],
    "value": "14.00"
  }
},
{
  "model": "school.grade",
  "pk": 285,
  "fields": {
    "created_at": "2026-04-08T02:11:26.512Z",
    "updated_at": "2026-04-08T02:31:09.704Z",
    "student": 127,
    "subject": 22,
    "classroom": 23,
    "academic_year": 1,
    "term": "T1",
    "homework_scores": [
      15
    ],
    "value": "15.00"
  }
},
{
  "model": "school.grade",
  "pk": 286,
  "fields": {
    "created_at": "2026-04-08T02:21:12.440Z",
    "updated_at": "2026-04-08T02:24:35.479Z",
    "student": 5,
    "subject": 6,
    "classroom": 23,
    "academic_year": 1,
    "term": "T1",
    "homework_scores": [
      17
    ],
    "value": "17.00"
  }
},
{
  "model": "school.grade",
  "pk": 287,
  "fields": {
    "created_at": "2026-04-08T02:21:12.564Z",
    "updated_at": "2026-04-08T02:24:35.560Z",
    "student": 5,
    "subject": 7,
    "classroom": 23,
    "academic_year": 1,
    "term": "T1",
    "homework_scores": [
      15
    ],
    "value": "15.00"
  }
},
{
  "model": "school.grade",
  "pk": 288,
  "fields": {
    "created_at": "2026-04-08T02:21:12.701Z",
    "updated_at": "2026-04-08T02:24:35.663Z",
    "student": 5,
    "subject": 9,
    "classroom": 23,
    "academic_year": 1,
    "term": "T1",
    "homework_scores": [
      13
    ],
    "value": "13.00"
  }
},
{
  "model": "school.grade",
  "pk": 289,
  "fields": {
    "created_at": "2026-04-08T02:21:12.839Z",
    "updated_at": "2026-04-08T02:24:35.717Z",
    "student": 5,
    "subject": 10,
    "classroom": 23,
    "academic_year": 1,
    "term": "T1",
    "homework_scores": [
      14
    ],
    "value": "14.00"
  }
},
{
  "model": "school.grade",
  "pk": 290,
  "fields": {
    "created_at": "2026-04-08T02:21:12.965Z",
    "updated_at": "2026-04-08T02:24:35.768Z",
    "student": 5,
    "subject": 11,
    "classroom": 23,
    "academic_year": 1,
    "term": "T1",
    "homework_scores": [
      14
    ],
    "value": "14.00"
  }
},
{
  "model": "school.grade",
  "pk": 291,
  "fields": {
    "created_at": "2026-04-08T02:21:13.104Z",
    "updated_at": "2026-04-08T02:24:35.814Z",
    "student": 5,
    "subject": 12,
    "classroom": 23,
    "academic_year": 1,
    "term": "T1",
    "homework_scores": [
      14
    ],
    "value": "14.00"
  }
},
{
  "model": "school.grade",
  "pk": 292,
  "fields": {
    "created_at": "2026-04-08T02:21:13.275Z",
    "updated_at": "2026-04-08T02:24:35.857Z",
    "student": 5,
    "subject": 13,
    "classroom": 23,
    "academic_year": 1,
    "term": "T1",
    "homework_scores": [
      16
    ],
    "value": "16.00"
  }
},
{
  "model": "school.grade",
  "pk": 293,
  "fields": {
    "created_at": "2026-04-08T02:21:13.907Z",
    "updated_at": "2026-04-08T02:24:36.485Z",
    "student": 5,
    "subject": 23,
    "classroom": 23,
    "academic_year": 1,
    "term": "T1",
    "homework_scores": [
      18
    ],
    "value": "18.00"
  }
},
{
  "model": "school.grade",
  "pk": 294,
  "fields": {
    "created_at": "2026-04-08T02:21:13.962Z",
    "updated_at": "2026-04-08T02:24:36.562Z",
    "student": 5,
    "subject": 24,
    "classroom": 23,
    "academic_year": 1,
    "term": "T1",
    "homework_scores": [
      14
    ],
    "value": "14.00"
  }
},
{
  "model": "school.grade",
  "pk": 295,
  "fields": {
    "created_at": "2026-04-08T02:21:14.190Z",
    "updated_at": "2026-04-08T02:24:36.893Z",
    "student": 6,
    "subject": 6,
    "classroom": 23,
    "academic_year": 1,
    "term": "T1",
    "homework_scores": [
      15
    ],
    "value": "15.00"
  }
},
{
  "model": "school.grade",
  "pk": 296,
  "fields": {
    "created_at": "2026-04-08T02:21:14.243Z",
    "updated_at": "2026-04-08T02:24:36.933Z",
    "student": 6,
    "subject": 7,
    "classroom": 23,
    "academic_year": 1,
    "term": "T1",
    "homework_scores": [
      16
    ],
    "value": "16.00"
  }
},
{
  "model": "school.grade",
  "pk": 297,
  "fields": {
    "created_at": "2026-04-08T02:21:14.558Z",
    "updated_at": "2026-04-08T02:24:37.027Z",
    "student": 6,
    "subject": 9,
    "classroom": 23,
    "academic_year": 1,
    "term": "T1",
    "homework_scores": [
      17
    ],
    "value": "17.00"
  }
},
{
  "model": "school.grade",
  "pk": 298,
  "fields": {
    "created_at": "2026-04-08T02:21:14.625Z",
    "updated_at": "2026-04-08T02:24:37.071Z",
    "student": 6,
    "subject": 10,
    "classroom": 23,
    "academic_year": 1,
    "term": "T1",
    "homework_scores": [
      18
    ],
    "value": "18.00"
  }
},
{
  "model": "school.grade",
  "pk": 299,
  "fields": {
    "created_at": "2026-04-08T02:21:14.679Z",
    "updated_at": "2026-04-08T02:24:37.128Z",
    "student": 6,
    "subject": 11,
    "classroom": 23,
    "academic_year": 1,
    "term": "T1",
    "homework_scores": [
      16
    ],
    "value": "16.00"
  }
},
{
  "model": "school.grade",
  "pk": 300,
  "fields": {
    "created_at": "2026-04-08T02:21:14.860Z",
    "updated_at": "2026-04-08T02:24:37.173Z",
    "student": 6,
    "subject": 12,
    "classroom": 23,
    "academic_year": 1,
    "term": "T1",
    "homework_scores": [
      10
    ],
    "value": "10.00"
  }
},
{
  "model": "school.grade",
  "pk": 301,
  "fields": {
    "created_at": "2026-04-08T02:21:14.952Z",
    "updated_at": "2026-04-08T02:24:37.218Z",
    "student": 6,
    "subject": 13,
    "classroom": 23,
    "academic_year": 1,
    "term": "T1",
    "homework_scores": [
      16
    ],
    "value": "16.00"
  }
},
{
  "model": "school.grade",
  "pk": 302,
  "fields": {
    "created_at": "2026-04-08T02:21:15.667Z",
    "updated_at": "2026-04-08T02:24:37.735Z",
    "student": 6,
    "subject": 23,
    "classroom": 23,
    "academic_year": 1,
    "term": "T1",
    "homework_scores": [
      11
    ],
    "value": "11.00"
  }
},
{
  "model": "school.grade",
  "pk": 303,
  "fields": {
    "created_at": "2026-04-08T02:21:15.792Z",
    "updated_at": "2026-04-08T02:24:37.781Z",
    "student": 6,
    "subject": 24,
    "classroom": 23,
    "academic_year": 1,
    "term": "T1",
    "homework_scores": [
      11
    ],
    "value": "11.00"
  }
},
{
  "model": "school.grade",
  "pk": 304,
  "fields": {
    "created_at": "2026-04-08T02:21:16.064Z",
    "updated_at": "2026-04-08T02:24:37.975Z",
    "student": 7,
    "subject": 6,
    "classroom": 23,
    "academic_year": 1,
    "term": "T1",
    "homework_scores": [
      18
    ],
    "value": "18.00"
  }
},
{
  "model": "school.grade",
  "pk": 305,
  "fields": {
    "created_at": "2026-04-08T02:21:16.121Z",
    "updated_at": "2026-04-08T02:24:38.031Z",
    "student": 7,
    "subject": 7,
    "classroom": 23,
    "academic_year": 1,
    "term": "T1",
    "homework_scores": [
      12
    ],
    "value": "12.00"
  }
},
{
  "model": "school.grade",
  "pk": 306,
  "fields": {
    "created_at": "2026-04-08T02:21:16.233Z",
    "updated_at": "2026-04-08T02:24:38.120Z",
    "student": 7,
    "subject": 9,
    "classroom": 23,
    "academic_year": 1,
    "term": "T1",
    "homework_scores": [
      17
    ],
    "value": "17.00"
  }
},
{
  "model": "school.grade",
  "pk": 307,
  "fields": {
    "created_at": "2026-04-08T02:21:16.291Z",
    "updated_at": "2026-04-08T02:24:38.165Z",
    "student": 7,
    "subject": 10,
    "classroom": 23,
    "academic_year": 1,
    "term": "T1",
    "homework_scores": [
      10
    ],
    "value": "10.00"
  }
},
{
  "model": "school.grade",
  "pk": 308,
  "fields": {
    "created_at": "2026-04-08T02:21:16.535Z",
    "updated_at": "2026-04-08T02:24:38.222Z",
    "student": 7,
    "subject": 11,
    "classroom": 23,
    "academic_year": 1,
    "term": "T1",
    "homework_scores": [
      13
    ],
    "value": "13.00"
  }
},
{
  "model": "school.grade",
  "pk": 309,
  "fields": {
    "created_at": "2026-04-08T02:21:16.612Z",
    "updated_at": "2026-04-08T02:24:38.266Z",
    "student": 7,
    "subject": 12,
    "classroom": 23,
    "academic_year": 1,
    "term": "T1",
    "homework_scores": [
      18
    ],
    "value": "18.00"
  }
},
{
  "model": "school.grade",
  "pk": 310,
  "fields": {
    "created_at": "2026-04-08T02:21:16.679Z",
    "updated_at": "2026-04-08T02:24:38.514Z",
    "student": 7,
    "subject": 13,
    "classroom": 23,
    "academic_year": 1,
    "term": "T1",
    "homework_scores": [
      18
    ],
    "value": "18.00"
  }
},
{
  "model": "school.grade",
  "pk": 311,
  "fields": {
    "created_at": "2026-04-08T02:21:17.223Z",
    "updated_at": "2026-04-08T02:24:39.031Z",
    "student": 7,
    "subject": 23,
    "classroom": 23,
    "academic_year": 1,
    "term": "T1",
    "homework_scores": [
      15
    ],
    "value": "15.00"
  }
},
{
  "model": "school.grade",
  "pk": 312,
  "fields": {
    "created_at": "2026-04-08T02:21:17.310Z",
    "updated_at": "2026-04-08T02:24:39.078Z",
    "student": 7,
    "subject": 24,
    "classroom": 23,
    "academic_year": 1,
    "term": "T1",
    "homework_scores": [
      18
    ],
    "value": "18.00"
  }
},
{
  "model": "school.grade",
  "pk": 313,
  "fields": {
    "created_at": "2026-04-08T02:21:17.513Z",
    "updated_at": "2026-04-08T02:24:39.265Z",
    "student": 8,
    "subject": 6,
    "classroom": 23,
    "academic_year": 1,
    "term": "T1",
    "homework_scores": [
      14
    ],
    "value": "14.00"
  }
},
{
  "model": "school.grade",
  "pk": 314,
  "fields": {
    "created_at": "2026-04-08T02:21:17.582Z",
    "updated_at": "2026-04-08T02:24:39.310Z",
    "student": 8,
    "subject": 7,
    "classroom": 23,
    "academic_year": 1,
    "term": "T1",
    "homework_scores": [
      10
    ],
    "value": "10.00"
  }
},
{
  "model": "school.grade",
  "pk": 315,
  "fields": {
    "created_at": "2026-04-08T02:21:17.717Z",
    "updated_at": "2026-04-08T02:24:39.415Z",
    "student": 8,
    "subject": 9,
    "classroom": 23,
    "academic_year": 1,
    "term": "T1",
    "homework_scores": [
      15
    ],
    "value": "15.00"
  }
},
{
  "model": "school.grade",
  "pk": 316,
  "fields": {
    "created_at": "2026-04-08T02:21:17.806Z",
    "updated_at": "2026-04-08T02:24:39.465Z",
    "student": 8,
    "subject": 10,
    "classroom": 23,
    "academic_year": 1,
    "term": "T1",
    "homework_scores": [
      13
    ],
    "value": "13.00"
  }
},
{
  "model": "school.grade",
  "pk": 317,
  "fields": {
    "created_at": "2026-04-08T02:21:17.930Z",
    "updated_at": "2026-04-08T02:24:39.518Z",
    "student": 8,
    "subject": 11,
    "classroom": 23,
    "academic_year": 1,
    "term": "T1",
    "homework_scores": [
      17
    ],
    "value": "17.00"
  }
},
{
  "model": "school.grade",
  "pk": 318,
  "fields": {
    "created_at": "2026-04-08T02:21:17.989Z",
    "updated_at": "2026-04-08T02:24:39.586Z",
    "student": 8,
    "subject": 12,
    "classroom": 23,
    "academic_year": 1,
    "term": "T1",
    "homework_scores": [
      12
    ],
    "value": "12.00"
  }
},
{
  "model": "school.grade",
  "pk": 319,
  "fields": {
    "created_at": "2026-04-08T02:21:18.042Z",
    "updated_at": "2026-04-08T02:24:39.646Z",
    "student": 8,
    "subject": 13,
    "classroom": 23,
    "academic_year": 1,
    "term": "T1",
    "homework_scores": [
      15
    ],
    "value": "15.00"
  }
},
{
  "model": "school.grade",
  "pk": 320,
  "fields": {
    "created_at": "2026-04-08T02:21:18.717Z",
    "updated_at": "2026-04-08T02:24:40.268Z",
    "student": 8,
    "subject": 23,
    "classroom": 23,
    "academic_year": 1,
    "term": "T1",
    "homework_scores": [
      10
    ],
    "value": "10.00"
  }
},
{
  "model": "school.grade",
  "pk": 321,
  "fields": {
    "created_at": "2026-04-08T02:21:18.795Z",
    "updated_at": "2026-04-08T02:24:40.317Z",
    "student": 8,
    "subject": 24,
    "classroom": 23,
    "academic_year": 1,
    "term": "T1",
    "homework_scores": [
      13
    ],
    "value": "13.00"
  }
},
{
  "model": "school.grade",
  "pk": 322,
  "fields": {
    "created_at": "2026-04-08T02:21:19.009Z",
    "updated_at": "2026-04-08T02:24:40.631Z",
    "student": 9,
    "subject": 6,
    "classroom": 23,
    "academic_year": 1,
    "term": "T1",
    "homework_scores": [
      11
    ],
    "value": "11.00"
  }
},
{
  "model": "school.grade",
  "pk": 323,
  "fields": {
    "created_at": "2026-04-08T02:21:19.078Z",
    "updated_at": "2026-04-08T02:24:40.674Z",
    "student": 9,
    "subject": 7,
    "classroom": 23,
    "academic_year": 1,
    "term": "T1",
    "homework_scores": [
      15
    ],
    "value": "15.00"
  }
},
{
  "model": "school.grade",
  "pk": 324,
  "fields": {
    "created_at": "2026-04-08T02:21:19.190Z",
    "updated_at": "2026-04-08T02:24:40.791Z",
    "student": 9,
    "subject": 9,
    "classroom": 23,
    "academic_year": 1,
    "term": "T1",
    "homework_scores": [
      18
    ],
    "value": "18.00"
  }
},
{
  "model": "school.grade",
  "pk": 325,
  "fields": {
    "created_at": "2026-04-08T02:21:19.236Z",
    "updated_at": "2026-04-08T02:24:40.846Z",
    "student": 9,
    "subject": 10,
    "classroom": 23,
    "academic_year": 1,
    "term": "T1",
    "homework_scores": [
      15
    ],
    "value": "15.00"
  }
},
{
  "model": "school.grade",
  "pk": 326,
  "fields": {
    "created_at": "2026-04-08T02:21:19.292Z",
    "updated_at": "2026-04-08T02:24:40.891Z",
    "student": 9,
    "subject": 11,
    "classroom": 23,
    "academic_year": 1,
    "term": "T1",
    "homework_scores": [
      19
    ],
    "value": "19.00"
  }
},
{
  "model": "school.grade",
  "pk": 327,
  "fields": {
    "created_at": "2026-04-08T02:21:19.349Z",
    "updated_at": "2026-04-08T02:24:40.946Z",
    "student": 9,
    "subject": 12,
    "classroom": 23,
    "academic_year": 1,
    "term": "T1",
    "homework_scores": [
      15
    ],
    "value": "15.00"
  }
},
{
  "model": "school.grade",
  "pk": 328,
  "fields": {
    "created_at": "2026-04-08T02:21:19.493Z",
    "updated_at": "2026-04-08T02:24:40.993Z",
    "student": 9,
    "subject": 13,
    "classroom": 23,
    "academic_year": 1,
    "term": "T1",
    "homework_scores": [
      18
    ],
    "value": "18.00"
  }
},
{
  "model": "school.grade",
  "pk": 329,
  "fields": {
    "created_at": "2026-04-08T02:21:20.136Z",
    "updated_at": "2026-04-08T02:24:41.478Z",
    "student": 9,
    "subject": 23,
    "classroom": 23,
    "academic_year": 1,
    "term": "T1",
    "homework_scores": [
      10
    ],
    "value": "10.00"
  }
},
{
  "model": "school.grade",
  "pk": 330,
  "fields": {
    "created_at": "2026-04-08T02:21:20.189Z",
    "updated_at": "2026-04-08T02:24:41.524Z",
    "student": 9,
    "subject": 24,
    "classroom": 23,
    "academic_year": 1,
    "term": "T1",
    "homework_scores": [
      10
    ],
    "value": "10.00"
  }
},
{
  "model": "school.grade",
  "pk": 331,
  "fields": {
    "created_at": "2026-04-08T02:21:20.415Z",
    "updated_at": "2026-04-08T02:24:41.928Z",
    "student": 10,
    "subject": 6,
    "classroom": 23,
    "academic_year": 1,
    "term": "T1",
    "homework_scores": [
      10
    ],
    "value": "10.00"
  }
},
{
  "model": "school.grade",
  "pk": 332,
  "fields": {
    "created_at": "2026-04-08T02:21:20.463Z",
    "updated_at": "2026-04-08T02:24:41.974Z",
    "student": 10,
    "subject": 7,
    "classroom": 23,
    "academic_year": 1,
    "term": "T1",
    "homework_scores": [
      12
    ],
    "value": "12.00"
  }
},
{
  "model": "school.grade",
  "pk": 333,
  "fields": {
    "created_at": "2026-04-08T02:21:20.582Z",
    "updated_at": "2026-04-08T02:24:42.076Z",
    "student": 10,
    "subject": 9,
    "classroom": 23,
    "academic_year": 1,
    "term": "T1",
    "homework_scores": [
      13
    ],
    "value": "13.00"
  }
},
{
  "model": "school.grade",
  "pk": 334,
  "fields": {
    "created_at": "2026-04-08T02:21:20.636Z",
    "updated_at": "2026-04-08T02:24:42.129Z",
    "student": 10,
    "subject": 10,
    "classroom": 23,
    "academic_year": 1,
    "term": "T1",
    "homework_scores": [
      15
    ],
    "value": "15.00"
  }
},
{
  "model": "school.grade",
  "pk": 335,
  "fields": {
    "created_at": "2026-04-08T02:21:20.704Z",
    "updated_at": "2026-04-08T02:24:42.177Z",
    "student": 10,
    "subject": 11,
    "classroom": 23,
    "academic_year": 1,
    "term": "T1",
    "homework_scores": [
      18
    ],
    "value": "18.00"
  }
},
{
  "model": "school.grade",
  "pk": 336,
  "fields": {
    "created_at": "2026-04-08T02:21:20.795Z",
    "updated_at": "2026-04-08T02:24:42.234Z",
    "student": 10,
    "subject": 12,
    "classroom": 23,
    "academic_year": 1,
    "term": "T1",
    "homework_scores": [
      11
    ],
    "value": "11.00"
  }
},
{
  "model": "school.grade",
  "pk": 337,
  "fields": {
    "created_at": "2026-04-08T02:21:20.850Z",
    "updated_at": "2026-04-08T02:24:42.287Z",
    "student": 10,
    "subject": 13,
    "classroom": 23,
    "academic_year": 1,
    "term": "T1",
    "homework_scores": [
      11
    ],
    "value": "11.00"
  }
},
{
  "model": "school.grade",
  "pk": 338,
  "fields": {
    "created_at": "2026-04-08T02:21:21.235Z",
    "updated_at": "2026-04-08T02:24:43.125Z",
    "student": 10,
    "subject": 23,
    "classroom": 23,
    "academic_year": 1,
    "term": "T1",
    "homework_scores": [
      18
    ],
    "value": "18.00"
  }
},
{
  "model": "school.grade",
  "pk": 339,
  "fields": {
    "created_at": "2026-04-08T02:21:21.280Z",
    "updated_at": "2026-04-08T02:24:43.160Z",
    "student": 10,
    "subject": 24,
    "classroom": 23,
    "academic_year": 1,
    "term": "T1",
    "homework_scores": [
      15
    ],
    "value": "15.00"
  }
},
{
  "model": "school.grade",
  "pk": 340,
  "fields": {
    "created_at": "2026-04-08T02:21:21.685Z",
    "updated_at": "2026-04-08T02:24:43.496Z",
    "student": 11,
    "subject": 6,
    "classroom": 23,
    "academic_year": 1,
    "term": "T1",
    "homework_scores": [
      14
    ],
    "value": "14.00"
  }
},
{
  "model": "school.grade",
  "pk": 341,
  "fields": {
    "created_at": "2026-04-08T02:21:21.742Z",
    "updated_at": "2026-04-08T02:24:43.596Z",
    "student": 11,
    "subject": 7,
    "classroom": 23,
    "academic_year": 1,
    "term": "T1",
    "homework_scores": [
      13
    ],
    "value": "13.00"
  }
},
{
  "model": "school.grade",
  "pk": 342,
  "fields": {
    "created_at": "2026-04-08T02:21:21.863Z",
    "updated_at": "2026-04-08T02:24:43.848Z",
    "student": 11,
    "subject": 9,
    "classroom": 23,
    "academic_year": 1,
    "term": "T1",
    "homework_scores": [
      19
    ],
    "value": "19.00"
  }
},
{
  "model": "school.grade",
  "pk": 343,
  "fields": {
    "created_at": "2026-04-08T02:21:22.012Z",
    "updated_at": "2026-04-08T02:24:43.902Z",
    "student": 11,
    "subject": 10,
    "classroom": 23,
    "academic_year": 1,
    "term": "T1",
    "homework_scores": [
      10
    ],
    "value": "10.00"
  }
},
{
  "model": "school.grade",
  "pk": 344,
  "fields": {
    "created_at": "2026-04-08T02:21:22.067Z",
    "updated_at": "2026-04-08T02:24:44.206Z",
    "student": 11,
    "subject": 11,
    "classroom": 23,
    "academic_year": 1,
    "term": "T1",
    "homework_scores": [
      15
    ],
    "value": "15.00"
  }
},
{
  "model": "school.grade",
  "pk": 345,
  "fields": {
    "created_at": "2026-04-08T02:21:22.134Z",
    "updated_at": "2026-04-08T02:24:44.252Z",
    "student": 11,
    "subject": 12,
    "classroom": 23,
    "academic_year": 1,
    "term": "T1",
    "homework_scores": [
      15
    ],
    "value": "15.00"
  }
},
{
  "model": "school.grade",
  "pk": 346,
  "fields": {
    "created_at": "2026-04-08T02:21:22.169Z",
    "updated_at": "2026-04-08T02:24:44.304Z",
    "student": 11,
    "subject": 13,
    "classroom": 23,
    "academic_year": 1,
    "term": "T1",
    "homework_scores": [
      15
    ],
    "value": "15.00"
  }
},
{
  "model": "school.grade",
  "pk": 347,
  "fields": {
    "created_at": "2026-04-08T02:21:22.630Z",
    "updated_at": "2026-04-08T02:24:44.774Z",
    "student": 11,
    "subject": 23,
    "classroom": 23,
    "academic_year": 1,
    "term": "T1",
    "homework_scores": [
      11
    ],
    "value": "11.00"
  }
},
{
  "model": "school.grade",
  "pk": 348,
  "fields": {
    "created_at": "2026-04-08T02:21:22.698Z",
    "updated_at": "2026-04-08T02:24:44.825Z",
    "student": 11,
    "subject": 24,
    "classroom": 23,
    "academic_year": 1,
    "term": "T1",
    "homework_scores": [
      12
    ],
    "value": "12.00"
  }
},
{
  "model": "school.grade",
  "pk": 349,
  "fields": {
    "created_at": "2026-04-08T02:21:22.912Z",
    "updated_at": "2026-04-08T02:24:44.992Z",
    "student": 12,
    "subject": 6,
    "classroom": 23,
    "academic_year": 1,
    "term": "T1",
    "homework_scores": [
      11
    ],
    "value": "11.00"
  }
},
{
  "model": "school.grade",
  "pk": 350,
  "fields": {
    "created_at": "2026-04-08T02:21:22.947Z",
    "updated_at": "2026-04-08T02:24:45.050Z",
    "student": 12,
    "subject": 7,
    "classroom": 23,
    "academic_year": 1,
    "term": "T1",
    "homework_scores": [
      11
    ],
    "value": "11.00"
  }
},
{
  "model": "school.grade",
  "pk": 351,
  "fields": {
    "created_at": "2026-04-08T02:21:23.059Z",
    "updated_at": "2026-04-08T02:24:45.138Z",
    "student": 12,
    "subject": 9,
    "classroom": 23,
    "academic_year": 1,
    "term": "T1",
    "homework_scores": [
      18
    ],
    "value": "18.00"
  }
},
{
  "model": "school.grade",
  "pk": 352,
  "fields": {
    "created_at": "2026-04-08T02:21:23.116Z",
    "updated_at": "2026-04-08T02:24:45.190Z",
    "student": 12,
    "subject": 10,
    "classroom": 23,
    "academic_year": 1,
    "term": "T1",
    "homework_scores": [
      11
    ],
    "value": "11.00"
  }
},
{
  "model": "school.grade",
  "pk": 353,
  "fields": {
    "created_at": "2026-04-08T02:21:23.194Z",
    "updated_at": "2026-04-08T02:24:45.246Z",
    "student": 12,
    "subject": 11,
    "classroom": 23,
    "academic_year": 1,
    "term": "T1",
    "homework_scores": [
      13
    ],
    "value": "13.00"
  }
},
{
  "model": "school.grade",
  "pk": 354,
  "fields": {
    "created_at": "2026-04-08T02:21:23.576Z",
    "updated_at": "2026-04-08T02:24:45.298Z",
    "student": 12,
    "subject": 12,
    "classroom": 23,
    "academic_year": 1,
    "term": "T1",
    "homework_scores": [
      19
    ],
    "value": "19.00"
  }
},
{
  "model": "school.grade",
  "pk": 355,
  "fields": {
    "created_at": "2026-04-08T02:21:23.687Z",
    "updated_at": "2026-04-08T02:24:45.340Z",
    "student": 12,
    "subject": 13,
    "classroom": 23,
    "academic_year": 1,
    "term": "T1",
    "homework_scores": [
      13
    ],
    "value": "13.00"
  }
},
{
  "model": "school.grade",
  "pk": 356,
  "fields": {
    "created_at": "2026-04-08T02:21:24.370Z",
    "updated_at": "2026-04-08T02:24:46.818Z",
    "student": 12,
    "subject": 23,
    "classroom": 23,
    "academic_year": 1,
    "term": "T1",
    "homework_scores": [
      11
    ],
    "value": "11.00"
  }
},
{
  "model": "school.grade",
  "pk": 357,
  "fields": {
    "created_at": "2026-04-08T02:21:24.485Z",
    "updated_at": "2026-04-08T02:24:46.901Z",
    "student": 12,
    "subject": 24,
    "classroom": 23,
    "academic_year": 1,
    "term": "T1",
    "homework_scores": [
      14
    ],
    "value": "14.00"
  }
},
{
  "model": "school.grade",
  "pk": 358,
  "fields": {
    "created_at": "2026-04-08T02:21:24.655Z",
    "updated_at": "2026-04-08T02:24:47.403Z",
    "student": 13,
    "subject": 6,
    "classroom": 23,
    "academic_year": 1,
    "term": "T1",
    "homework_scores": [
      18
    ],
    "value": "18.00"
  }
},
{
  "model": "school.grade",
  "pk": 359,
  "fields": {
    "created_at": "2026-04-08T02:21:24.734Z",
    "updated_at": "2026-04-08T02:24:47.449Z",
    "student": 13,
    "subject": 7,
    "classroom": 23,
    "academic_year": 1,
    "term": "T1",
    "homework_scores": [
      10
    ],
    "value": "10.00"
  }
},
{
  "model": "school.grade",
  "pk": 360,
  "fields": {
    "created_at": "2026-04-08T02:21:24.826Z",
    "updated_at": "2026-04-08T02:24:47.551Z",
    "student": 13,
    "subject": 9,
    "classroom": 23,
    "academic_year": 1,
    "term": "T1",
    "homework_scores": [
      17
    ],
    "value": "17.00"
  }
},
{
  "model": "school.grade",
  "pk": 361,
  "fields": {
    "created_at": "2026-04-08T02:21:24.882Z",
    "updated_at": "2026-04-08T02:24:47.619Z",
    "student": 13,
    "subject": 10,
    "classroom": 23,
    "academic_year": 1,
    "term": "T1",
    "homework_scores": [
      19
    ],
    "value": "19.00"
  }
},
{
  "model": "school.grade",
  "pk": 362,
  "fields": {
    "created_at": "2026-04-08T02:21:24.927Z",
    "updated_at": "2026-04-08T02:24:47.673Z",
    "student": 13,
    "subject": 11,
    "classroom": 23,
    "academic_year": 1,
    "term": "T1",
    "homework_scores": [
      12
    ],
    "value": "12.00"
  }
},
{
  "model": "school.grade",
  "pk": 363,
  "fields": {
    "created_at": "2026-04-08T02:21:24.973Z",
    "updated_at": "2026-04-08T02:24:47.729Z",
    "student": 13,
    "subject": 12,
    "classroom": 23,
    "academic_year": 1,
    "term": "T1",
    "homework_scores": [
      19
    ],
    "value": "19.00"
  }
},
{
  "model": "school.grade",
  "pk": 364,
  "fields": {
    "created_at": "2026-04-08T02:21:25.039Z",
    "updated_at": "2026-04-08T02:24:47.787Z",
    "student": 13,
    "subject": 13,
    "classroom": 23,
    "academic_year": 1,
    "term": "T1",
    "homework_scores": [
      16
    ],
    "value": "16.00"
  }
},
{
  "model": "school.grade",
  "pk": 365,
  "fields": {
    "created_at": "2026-04-08T02:21:25.857Z",
    "updated_at": "2026-04-08T02:24:48.335Z",
    "student": 13,
    "subject": 23,
    "classroom": 23,
    "academic_year": 1,
    "term": "T1",
    "homework_scores": [
      17
    ],
    "value": "17.00"
  }
},
{
  "model": "school.grade",
  "pk": 366,
  "fields": {
    "created_at": "2026-04-08T02:21:25.925Z",
    "updated_at": "2026-04-08T02:24:48.538Z",
    "student": 13,
    "subject": 24,
    "classroom": 23,
    "academic_year": 1,
    "term": "T1",
    "homework_scores": [
      19
    ],
    "value": "19.00"
  }
},
{
  "model": "school.grade",
  "pk": 367,
  "fields": {
    "created_at": "2026-04-08T02:21:26.139Z",
    "updated_at": "2026-04-08T02:24:48.737Z",
    "student": 14,
    "subject": 6,
    "classroom": 23,
    "academic_year": 1,
    "term": "T1",
    "homework_scores": [
      12
    ],
    "value": "12.00"
  }
},
{
  "model": "school.grade",
  "pk": 368,
  "fields": {
    "created_at": "2026-04-08T02:21:26.174Z",
    "updated_at": "2026-04-08T02:24:48.787Z",
    "student": 14,
    "subject": 7,
    "classroom": 23,
    "academic_year": 1,
    "term": "T1",
    "homework_scores": [
      10
    ],
    "value": "10.00"
  }
},
{
  "model": "school.grade",
  "pk": 369,
  "fields": {
    "created_at": "2026-04-08T02:21:26.240Z",
    "updated_at": "2026-04-08T02:24:48.894Z",
    "student": 14,
    "subject": 9,
    "classroom": 23,
    "academic_year": 1,
    "term": "T1",
    "homework_scores": [
      11
    ],
    "value": "11.00"
  }
},
{
  "model": "school.grade",
  "pk": 370,
  "fields": {
    "created_at": "2026-04-08T02:21:26.288Z",
    "updated_at": "2026-04-08T02:24:48.938Z",
    "student": 14,
    "subject": 10,
    "classroom": 23,
    "academic_year": 1,
    "term": "T1",
    "homework_scores": [
      10
    ],
    "value": "10.00"
  }
},
{
  "model": "school.grade",
  "pk": 371,
  "fields": {
    "created_at": "2026-04-08T02:21:26.343Z",
    "updated_at": "2026-04-08T02:24:48.987Z",
    "student": 14,
    "subject": 11,
    "classroom": 23,
    "academic_year": 1,
    "term": "T1",
    "homework_scores": [
      16
    ],
    "value": "16.00"
  }
},
{
  "model": "school.grade",
  "pk": 372,
  "fields": {
    "created_at": "2026-04-08T02:21:26.387Z",
    "updated_at": "2026-04-08T02:24:49.030Z",
    "student": 14,
    "subject": 12,
    "classroom": 23,
    "academic_year": 1,
    "term": "T1",
    "homework_scores": [
      17
    ],
    "value": "17.00"
  }
},
{
  "model": "school.grade",
  "pk": 373,
  "fields": {
    "created_at": "2026-04-08T02:21:26.435Z",
    "updated_at": "2026-04-08T02:24:49.073Z",
    "student": 14,
    "subject": 13,
    "classroom": 23,
    "academic_year": 1,
    "term": "T1",
    "homework_scores": [
      11
    ],
    "value": "11.00"
  }
},
{
  "model": "school.grade",
  "pk": 374,
  "fields": {
    "created_at": "2026-04-08T02:21:26.864Z",
    "updated_at": "2026-04-08T02:24:49.642Z",
    "student": 14,
    "subject": 23,
    "classroom": 23,
    "academic_year": 1,
    "term": "T1",
    "homework_scores": [
      16
    ],
    "value": "16.00"
  }
},
{
  "model": "school.grade",
  "pk": 375,
  "fields": {
    "created_at": "2026-04-08T02:21:26.952Z",
    "updated_at": "2026-04-08T02:24:49.694Z",
    "student": 14,
    "subject": 24,
    "classroom": 23,
    "academic_year": 1,
    "term": "T1",
    "homework_scores": [
      18
    ],
    "value": "18.00"
  }
},
{
  "model": "school.grade",
  "pk": 376,
  "fields": {
    "created_at": "2026-04-08T02:21:27.485Z",
    "updated_at": "2026-04-08T02:24:49.908Z",
    "student": 65,
    "subject": 6,
    "classroom": 23,
    "academic_year": 1,
    "term": "T1",
    "homework_scores": [
      18
    ],
    "value": "18.00"
  }
},
{
  "model": "school.grade",
  "pk": 377,
  "fields": {
    "created_at": "2026-04-08T02:21:27.589Z",
    "updated_at": "2026-04-08T02:24:49.952Z",
    "student": 65,
    "subject": 7,
    "classroom": 23,
    "academic_year": 1,
    "term": "T1",
    "homework_scores": [
      16
    ],
    "value": "16.00"
  }
},
{
  "model": "school.grade",
  "pk": 378,
  "fields": {
    "created_at": "2026-04-08T02:21:28.028Z",
    "updated_at": "2026-04-08T02:24:50.198Z",
    "student": 65,
    "subject": 9,
    "classroom": 23,
    "academic_year": 1,
    "term": "T1",
    "homework_scores": [
      12
    ],
    "value": "12.00"
  }
},
{
  "model": "school.grade",
  "pk": 379,
  "fields": {
    "created_at": "2026-04-08T02:21:28.123Z",
    "updated_at": "2026-04-08T02:24:50.231Z",
    "student": 65,
    "subject": 10,
    "classroom": 23,
    "academic_year": 1,
    "term": "T1",
    "homework_scores": [
      15
    ],
    "value": "15.00"
  }
},
{
  "model": "school.grade",
  "pk": 380,
  "fields": {
    "created_at": "2026-04-08T02:21:28.220Z",
    "updated_at": "2026-04-08T02:24:50.277Z",
    "student": 65,
    "subject": 11,
    "classroom": 23,
    "academic_year": 1,
    "term": "T1",
    "homework_scores": [
      18
    ],
    "value": "18.00"
  }
},
{
  "model": "school.grade",
  "pk": 381,
  "fields": {
    "created_at": "2026-04-08T02:21:28.304Z",
    "updated_at": "2026-04-08T02:24:50.334Z",
    "student": 65,
    "subject": 12,
    "classroom": 23,
    "academic_year": 1,
    "term": "T1",
    "homework_scores": [
      17
    ],
    "value": "17.00"
  }
},
{
  "model": "school.grade",
  "pk": 382,
  "fields": {
    "created_at": "2026-04-08T02:21:28.392Z",
    "updated_at": "2026-04-08T02:24:50.380Z",
    "student": 65,
    "subject": 13,
    "classroom": 23,
    "academic_year": 1,
    "term": "T1",
    "homework_scores": [
      13
    ],
    "value": "13.00"
  }
},
{
  "model": "school.grade",
  "pk": 383,
  "fields": {
    "created_at": "2026-04-08T02:21:28.946Z",
    "updated_at": "2026-04-08T02:24:51.031Z",
    "student": 65,
    "subject": 23,
    "classroom": 23,
    "academic_year": 1,
    "term": "T1",
    "homework_scores": [
      10
    ],
    "value": "10.00"
  }
},
{
  "model": "school.grade",
  "pk": 384,
  "fields": {
    "created_at": "2026-04-08T02:21:28.991Z",
    "updated_at": "2026-04-08T02:24:51.075Z",
    "student": 65,
    "subject": 24,
    "classroom": 23,
    "academic_year": 1,
    "term": "T1",
    "homework_scores": [
      14
    ],
    "value": "14.00"
  }
},
{
  "model": "school.grade",
  "pk": 385,
  "fields": {
    "created_at": "2026-04-08T02:21:29.173Z",
    "updated_at": "2026-04-08T02:24:51.245Z",
    "student": 66,
    "subject": 6,
    "classroom": 23,
    "academic_year": 1,
    "term": "T1",
    "homework_scores": [
      14
    ],
    "value": "14.00"
  }
},
{
  "model": "school.grade",
  "pk": 386,
  "fields": {
    "created_at": "2026-04-08T02:21:29.218Z",
    "updated_at": "2026-04-08T02:24:51.292Z",
    "student": 66,
    "subject": 7,
    "classroom": 23,
    "academic_year": 1,
    "term": "T1",
    "homework_scores": [
      14
    ],
    "value": "14.00"
  }
},
{
  "model": "school.grade",
  "pk": 387,
  "fields": {
    "created_at": "2026-04-08T02:21:29.306Z",
    "updated_at": "2026-04-08T02:24:51.382Z",
    "student": 66,
    "subject": 9,
    "classroom": 23,
    "academic_year": 1,
    "term": "T1",
    "homework_scores": [
      18
    ],
    "value": "18.00"
  }
},
{
  "model": "school.grade",
  "pk": 388,
  "fields": {
    "created_at": "2026-04-08T02:21:29.385Z",
    "updated_at": "2026-04-08T02:24:51.438Z",
    "student": 66,
    "subject": 10,
    "classroom": 23,
    "academic_year": 1,
    "term": "T1",
    "homework_scores": [
      18
    ],
    "value": "18.00"
  }
},
{
  "model": "school.grade",
  "pk": 389,
  "fields": {
    "created_at": "2026-04-08T02:21:29.429Z",
    "updated_at": "2026-04-08T02:24:51.495Z",
    "student": 66,
    "subject": 11,
    "classroom": 23,
    "academic_year": 1,
    "term": "T1",
    "homework_scores": [
      14
    ],
    "value": "14.00"
  }
},
{
  "model": "school.grade",
  "pk": 390,
  "fields": {
    "created_at": "2026-04-08T02:21:29.464Z",
    "updated_at": "2026-04-08T02:24:51.562Z",
    "student": 66,
    "subject": 12,
    "classroom": 23,
    "academic_year": 1,
    "term": "T1",
    "homework_scores": [
      11
    ],
    "value": "11.00"
  }
},
{
  "model": "school.grade",
  "pk": 391,
  "fields": {
    "created_at": "2026-04-08T02:21:29.499Z",
    "updated_at": "2026-04-08T02:24:51.607Z",
    "student": 66,
    "subject": 13,
    "classroom": 23,
    "academic_year": 1,
    "term": "T1",
    "homework_scores": [
      16
    ],
    "value": "16.00"
  }
},
{
  "model": "school.grade",
  "pk": 392,
  "fields": {
    "created_at": "2026-04-08T02:21:30.096Z",
    "updated_at": "2026-04-08T02:24:52.236Z",
    "student": 66,
    "subject": 23,
    "classroom": 23,
    "academic_year": 1,
    "term": "T1",
    "homework_scores": [
      16
    ],
    "value": "16.00"
  }
},
{
  "model": "school.grade",
  "pk": 393,
  "fields": {
    "created_at": "2026-04-08T02:21:30.138Z",
    "updated_at": "2026-04-08T02:24:52.285Z",
    "student": 66,
    "subject": 24,
    "classroom": 23,
    "academic_year": 1,
    "term": "T1",
    "homework_scores": [
      14
    ],
    "value": "14.00"
  }
},
{
  "model": "school.grade",
  "pk": 394,
  "fields": {
    "created_at": "2026-04-08T02:21:30.353Z",
    "updated_at": "2026-04-08T02:24:52.551Z",
    "student": 67,
    "subject": 6,
    "classroom": 23,
    "academic_year": 1,
    "term": "T1",
    "homework_scores": [
      15
    ],
    "value": "15.00"
  }
},
{
  "model": "school.grade",
  "pk": 395,
  "fields": {
    "created_at": "2026-04-08T02:21:30.452Z",
    "updated_at": "2026-04-08T02:24:52.598Z",
    "student": 67,
    "subject": 7,
    "classroom": 23,
    "academic_year": 1,
    "term": "T1",
    "homework_scores": [
      16
    ],
    "value": "16.00"
  }
},
{
  "model": "school.grade",
  "pk": 396,
  "fields": {
    "created_at": "2026-04-08T02:21:30.533Z",
    "updated_at": "2026-04-08T02:24:52.676Z",
    "student": 67,
    "subject": 9,
    "classroom": 23,
    "academic_year": 1,
    "term": "T1",
    "homework_scores": [
      10
    ],
    "value": "10.00"
  }
},
{
  "model": "school.grade",
  "pk": 397,
  "fields": {
    "created_at": "2026-04-08T02:21:30.578Z",
    "updated_at": "2026-04-08T02:24:52.709Z",
    "student": 67,
    "subject": 10,
    "classroom": 23,
    "academic_year": 1,
    "term": "T1",
    "homework_scores": [
      15
    ],
    "value": "15.00"
  }
},
{
  "model": "school.grade",
  "pk": 398,
  "fields": {
    "created_at": "2026-04-08T02:21:30.636Z",
    "updated_at": "2026-04-08T02:24:52.754Z",
    "student": 67,
    "subject": 11,
    "classroom": 23,
    "academic_year": 1,
    "term": "T1",
    "homework_scores": [
      18
    ],
    "value": "18.00"
  }
},
{
  "model": "school.grade",
  "pk": 399,
  "fields": {
    "created_at": "2026-04-08T02:21:30.668Z",
    "updated_at": "2026-04-08T02:24:52.800Z",
    "student": 67,
    "subject": 12,
    "classroom": 23,
    "academic_year": 1,
    "term": "T1",
    "homework_scores": [
      17
    ],
    "value": "17.00"
  }
},
{
  "model": "school.grade",
  "pk": 400,
  "fields": {
    "created_at": "2026-04-08T02:21:30.724Z",
    "updated_at": "2026-04-08T02:24:52.844Z",
    "student": 67,
    "subject": 13,
    "classroom": 23,
    "academic_year": 1,
    "term": "T1",
    "homework_scores": [
      18
    ],
    "value": "18.00"
  }
},
{
  "model": "school.grade",
  "pk": 401,
  "fields": {
    "created_at": "2026-04-08T02:21:31.220Z",
    "updated_at": "2026-04-08T02:24:53.298Z",
    "student": 67,
    "subject": 23,
    "classroom": 23,
    "academic_year": 1,
    "term": "T1",
    "homework_scores": [
      16
    ],
    "value": "16.00"
  }
},
{
  "model": "school.grade",
  "pk": 402,
  "fields": {
    "created_at": "2026-04-08T02:21:31.278Z",
    "updated_at": "2026-04-08T02:24:53.343Z",
    "student": 67,
    "subject": 24,
    "classroom": 23,
    "academic_year": 1,
    "term": "T1",
    "homework_scores": [
      18
    ],
    "value": "18.00"
  }
},
{
  "model": "school.grade",
  "pk": 403,
  "fields": {
    "created_at": "2026-04-08T02:21:31.591Z",
    "updated_at": "2026-04-08T02:24:53.822Z",
    "student": 68,
    "subject": 6,
    "classroom": 23,
    "academic_year": 1,
    "term": "T1",
    "homework_scores": [
      12
    ],
    "value": "12.00"
  }
},
{
  "model": "school.grade",
  "pk": 404,
  "fields": {
    "created_at": "2026-04-08T02:21:31.649Z",
    "updated_at": "2026-04-08T02:24:53.935Z",
    "student": 68,
    "subject": 7,
    "classroom": 23,
    "academic_year": 1,
    "term": "T1",
    "homework_scores": [
      14
    ],
    "value": "14.00"
  }
},
{
  "model": "school.grade",
  "pk": 405,
  "fields": {
    "created_at": "2026-04-08T02:21:31.829Z",
    "updated_at": "2026-04-08T02:24:54.183Z",
    "student": 68,
    "subject": 9,
    "classroom": 23,
    "academic_year": 1,
    "term": "T1",
    "homework_scores": [
      13
    ],
    "value": "13.00"
  }
},
{
  "model": "school.grade",
  "pk": 406,
  "fields": {
    "created_at": "2026-04-08T02:21:31.904Z",
    "updated_at": "2026-04-08T02:24:54.238Z",
    "student": 68,
    "subject": 10,
    "classroom": 23,
    "academic_year": 1,
    "term": "T1",
    "homework_scores": [
      17
    ],
    "value": "17.00"
  }
},
{
  "model": "school.grade",
  "pk": 407,
  "fields": {
    "created_at": "2026-04-08T02:21:31.949Z",
    "updated_at": "2026-04-08T02:24:54.295Z",
    "student": 68,
    "subject": 11,
    "classroom": 23,
    "academic_year": 1,
    "term": "T1",
    "homework_scores": [
      12
    ],
    "value": "12.00"
  }
},
{
  "model": "school.grade",
  "pk": 408,
  "fields": {
    "created_at": "2026-04-08T02:21:32.050Z",
    "updated_at": "2026-04-08T02:24:54.340Z",
    "student": 68,
    "subject": 12,
    "classroom": 23,
    "academic_year": 1,
    "term": "T1",
    "homework_scores": [
      12
    ],
    "value": "12.00"
  }
},
{
  "model": "school.grade",
  "pk": 409,
  "fields": {
    "created_at": "2026-04-08T02:21:32.084Z",
    "updated_at": "2026-04-08T02:24:54.386Z",
    "student": 68,
    "subject": 13,
    "classroom": 23,
    "academic_year": 1,
    "term": "T1",
    "homework_scores": [
      15
    ],
    "value": "15.00"
  }
},
{
  "model": "school.grade",
  "pk": 410,
  "fields": {
    "created_at": "2026-04-08T02:21:32.553Z",
    "updated_at": "2026-04-08T02:24:54.869Z",
    "student": 68,
    "subject": 23,
    "classroom": 23,
    "academic_year": 1,
    "term": "T1",
    "homework_scores": [
      16
    ],
    "value": "16.00"
  }
},
{
  "model": "school.grade",
  "pk": 411,
  "fields": {
    "created_at": "2026-04-08T02:21:32.603Z",
    "updated_at": "2026-04-08T02:24:54.903Z",
    "student": 68,
    "subject": 24,
    "classroom": 23,
    "academic_year": 1,
    "term": "T1",
    "homework_scores": [
      13
    ],
    "value": "13.00"
  }
},
{
  "model": "school.grade",
  "pk": 412,
  "fields": {
    "created_at": "2026-04-08T02:21:32.806Z",
    "updated_at": "2026-04-08T02:24:55.099Z",
    "student": 69,
    "subject": 6,
    "classroom": 23,
    "academic_year": 1,
    "term": "T1",
    "homework_scores": [
      13
    ],
    "value": "13.00"
  }
},
{
  "model": "school.grade",
  "pk": 413,
  "fields": {
    "created_at": "2026-04-08T02:21:32.850Z",
    "updated_at": "2026-04-08T02:24:55.142Z",
    "student": 69,
    "subject": 7,
    "classroom": 23,
    "academic_year": 1,
    "term": "T1",
    "homework_scores": [
      13
    ],
    "value": "13.00"
  }
},
{
  "model": "school.grade",
  "pk": 414,
  "fields": {
    "created_at": "2026-04-08T02:21:32.941Z",
    "updated_at": "2026-04-08T02:24:55.243Z",
    "student": 69,
    "subject": 9,
    "classroom": 23,
    "academic_year": 1,
    "term": "T1",
    "homework_scores": [
      17
    ],
    "value": "17.00"
  }
},
{
  "model": "school.grade",
  "pk": 415,
  "fields": {
    "created_at": "2026-04-08T02:21:32.997Z",
    "updated_at": "2026-04-08T02:24:55.280Z",
    "student": 69,
    "subject": 10,
    "classroom": 23,
    "academic_year": 1,
    "term": "T1",
    "homework_scores": [
      14
    ],
    "value": "14.00"
  }
},
{
  "model": "school.grade",
  "pk": 416,
  "fields": {
    "created_at": "2026-04-08T02:22:09.171Z",
    "updated_at": "2026-04-08T02:24:55.333Z",
    "student": 69,
    "subject": 11,
    "classroom": 23,
    "academic_year": 1,
    "term": "T1",
    "homework_scores": [
      14
    ],
    "value": "14.00"
  }
},
{
  "model": "school.grade",
  "pk": 417,
  "fields": {
    "created_at": "2026-04-08T02:22:09.514Z",
    "updated_at": "2026-04-08T02:24:55.378Z",
    "student": 69,
    "subject": 12,
    "classroom": 23,
    "academic_year": 1,
    "term": "T1",
    "homework_scores": [
      13
    ],
    "value": "13.00"
  }
},
{
  "model": "school.grade",
  "pk": 418,
  "fields": {
    "created_at": "2026-04-08T02:22:09.919Z",
    "updated_at": "2026-04-08T02:24:55.425Z",
    "student": 69,
    "subject": 13,
    "classroom": 23,
    "academic_year": 1,
    "term": "T1",
    "homework_scores": [
      12
    ],
    "value": "12.00"
  }
},
{
  "model": "school.grade",
  "pk": 419,
  "fields": {
    "created_at": "2026-04-08T02:22:11.715Z",
    "updated_at": "2026-04-08T02:24:56.018Z",
    "student": 69,
    "subject": 23,
    "classroom": 23,
    "academic_year": 1,
    "term": "T1",
    "homework_scores": [
      10
    ],
    "value": "10.00"
  }
},
{
  "model": "school.grade",
  "pk": 420,
  "fields": {
    "created_at": "2026-04-08T02:22:11.843Z",
    "updated_at": "2026-04-08T02:24:56.063Z",
    "student": 69,
    "subject": 24,
    "classroom": 23,
    "academic_year": 1,
    "term": "T1",
    "homework_scores": [
      16
    ],
    "value": "16.00"
  }
},
{
  "model": "school.grade",
  "pk": 421,
  "fields": {
    "created_at": "2026-04-08T02:22:12.370Z",
    "updated_at": "2026-04-08T02:24:56.269Z",
    "student": 70,
    "subject": 6,
    "classroom": 23,
    "academic_year": 1,
    "term": "T1",
    "homework_scores": [
      18
    ],
    "value": "18.00"
  }
},
{
  "model": "school.grade",
  "pk": 422,
  "fields": {
    "created_at": "2026-04-08T02:22:12.447Z",
    "updated_at": "2026-04-08T02:24:56.316Z",
    "student": 70,
    "subject": 7,
    "classroom": 23,
    "academic_year": 1,
    "term": "T1",
    "homework_scores": [
      15
    ],
    "value": "15.00"
  }
},
{
  "model": "school.grade",
  "pk": 423,
  "fields": {
    "created_at": "2026-04-08T02:22:12.660Z",
    "updated_at": "2026-04-08T02:24:56.405Z",
    "student": 70,
    "subject": 9,
    "classroom": 23,
    "academic_year": 1,
    "term": "T1",
    "homework_scores": [
      19
    ],
    "value": "19.00"
  }
},
{
  "model": "school.grade",
  "pk": 424,
  "fields": {
    "created_at": "2026-04-08T02:22:12.773Z",
    "updated_at": "2026-04-08T02:24:56.453Z",
    "student": 70,
    "subject": 10,
    "classroom": 23,
    "academic_year": 1,
    "term": "T1",
    "homework_scores": [
      15
    ],
    "value": "15.00"
  }
},
{
  "model": "school.grade",
  "pk": 425,
  "fields": {
    "created_at": "2026-04-08T02:22:12.941Z",
    "updated_at": "2026-04-08T02:24:56.494Z",
    "student": 70,
    "subject": 11,
    "classroom": 23,
    "academic_year": 1,
    "term": "T1",
    "homework_scores": [
      10
    ],
    "value": "10.00"
  }
},
{
  "model": "school.grade",
  "pk": 426,
  "fields": {
    "created_at": "2026-04-08T02:22:13.131Z",
    "updated_at": "2026-04-08T02:24:56.549Z",
    "student": 70,
    "subject": 12,
    "classroom": 23,
    "academic_year": 1,
    "term": "T1",
    "homework_scores": [
      15
    ],
    "value": "15.00"
  }
},
{
  "model": "school.grade",
  "pk": 427,
  "fields": {
    "created_at": "2026-04-08T02:22:13.309Z",
    "updated_at": "2026-04-08T02:24:56.595Z",
    "student": 70,
    "subject": 13,
    "classroom": 23,
    "academic_year": 1,
    "term": "T1",
    "homework_scores": [
      11
    ],
    "value": "11.00"
  }
},
{
  "model": "school.grade",
  "pk": 428,
  "fields": {
    "created_at": "2026-04-08T02:22:15.104Z",
    "updated_at": "2026-04-08T02:24:57.013Z",
    "student": 70,
    "subject": 23,
    "classroom": 23,
    "academic_year": 1,
    "term": "T1",
    "homework_scores": [
      13
    ],
    "value": "13.00"
  }
},
{
  "model": "school.grade",
  "pk": 429,
  "fields": {
    "created_at": "2026-04-08T02:22:15.364Z",
    "updated_at": "2026-04-08T02:24:57.082Z",
    "student": 70,
    "subject": 24,
    "classroom": 23,
    "academic_year": 1,
    "term": "T1",
    "homework_scores": [
      18
    ],
    "value": "18.00"
  }
},
{
  "model": "school.grade",
  "pk": 430,
  "fields": {
    "created_at": "2026-04-08T02:22:16.293Z",
    "updated_at": "2026-04-08T02:24:57.421Z",
    "student": 71,
    "subject": 6,
    "classroom": 23,
    "academic_year": 1,
    "term": "T1",
    "homework_scores": [
      15
    ],
    "value": "15.00"
  }
},
{
  "model": "school.grade",
  "pk": 431,
  "fields": {
    "created_at": "2026-04-08T02:22:16.582Z",
    "updated_at": "2026-04-08T02:24:57.478Z",
    "student": 71,
    "subject": 7,
    "classroom": 23,
    "academic_year": 1,
    "term": "T1",
    "homework_scores": [
      18
    ],
    "value": "18.00"
  }
},
{
  "model": "school.grade",
  "pk": 432,
  "fields": {
    "created_at": "2026-04-08T02:22:16.882Z",
    "updated_at": "2026-04-08T02:24:57.566Z",
    "student": 71,
    "subject": 9,
    "classroom": 23,
    "academic_year": 1,
    "term": "T1",
    "homework_scores": [
      11
    ],
    "value": "11.00"
  }
},
{
  "model": "school.grade",
  "pk": 433,
  "fields": {
    "created_at": "2026-04-08T02:22:17.052Z",
    "updated_at": "2026-04-08T02:24:57.600Z",
    "student": 71,
    "subject": 10,
    "classroom": 23,
    "academic_year": 1,
    "term": "T1",
    "homework_scores": [
      10
    ],
    "value": "10.00"
  }
},
{
  "model": "school.grade",
  "pk": 434,
  "fields": {
    "created_at": "2026-04-08T02:22:17.241Z",
    "updated_at": "2026-04-08T02:24:57.636Z",
    "student": 71,
    "subject": 11,
    "classroom": 23,
    "academic_year": 1,
    "term": "T1",
    "homework_scores": [
      19
    ],
    "value": "19.00"
  }
},
{
  "model": "school.grade",
  "pk": 435,
  "fields": {
    "created_at": "2026-04-08T02:22:17.407Z",
    "updated_at": "2026-04-08T02:24:57.670Z",
    "student": 71,
    "subject": 12,
    "classroom": 23,
    "academic_year": 1,
    "term": "T1",
    "homework_scores": [
      10
    ],
    "value": "10.00"
  }
},
{
  "model": "school.grade",
  "pk": 436,
  "fields": {
    "created_at": "2026-04-08T02:22:17.645Z",
    "updated_at": "2026-04-08T02:24:57.715Z",
    "student": 71,
    "subject": 13,
    "classroom": 23,
    "academic_year": 1,
    "term": "T1",
    "homework_scores": [
      17
    ],
    "value": "17.00"
  }
},
{
  "model": "school.grade",
  "pk": 437,
  "fields": {
    "created_at": "2026-04-08T02:22:18.475Z",
    "updated_at": "2026-04-08T02:24:58.155Z",
    "student": 71,
    "subject": 23,
    "classroom": 23,
    "academic_year": 1,
    "term": "T1",
    "homework_scores": [
      11
    ],
    "value": "11.00"
  }
},
{
  "model": "school.grade",
  "pk": 438,
  "fields": {
    "created_at": "2026-04-08T02:22:18.530Z",
    "updated_at": "2026-04-08T02:24:58.200Z",
    "student": 71,
    "subject": 24,
    "classroom": 23,
    "academic_year": 1,
    "term": "T1",
    "homework_scores": [
      12
    ],
    "value": "12.00"
  }
},
{
  "model": "school.grade",
  "pk": 439,
  "fields": {
    "created_at": "2026-04-08T02:22:18.935Z",
    "updated_at": "2026-04-08T02:24:58.359Z",
    "student": 72,
    "subject": 6,
    "classroom": 23,
    "academic_year": 1,
    "term": "T1",
    "homework_scores": [
      11
    ],
    "value": "11.00"
  }
},
{
  "model": "school.grade",
  "pk": 440,
  "fields": {
    "created_at": "2026-04-08T02:22:19.124Z",
    "updated_at": "2026-04-08T02:24:58.404Z",
    "student": 72,
    "subject": 7,
    "classroom": 23,
    "academic_year": 1,
    "term": "T1",
    "homework_scores": [
      18
    ],
    "value": "18.00"
  }
},
{
  "model": "school.grade",
  "pk": 441,
  "fields": {
    "created_at": "2026-04-08T02:22:19.392Z",
    "updated_at": "2026-04-08T02:24:58.482Z",
    "student": 72,
    "subject": 9,
    "classroom": 23,
    "academic_year": 1,
    "term": "T1",
    "homework_scores": [
      19
    ],
    "value": "19.00"
  }
},
{
  "model": "school.grade",
  "pk": 442,
  "fields": {
    "created_at": "2026-04-08T02:22:19.573Z",
    "updated_at": "2026-04-08T02:24:58.516Z",
    "student": 72,
    "subject": 10,
    "classroom": 23,
    "academic_year": 1,
    "term": "T1",
    "homework_scores": [
      18
    ],
    "value": "18.00"
  }
},
{
  "model": "school.grade",
  "pk": 443,
  "fields": {
    "created_at": "2026-04-08T02:22:19.694Z",
    "updated_at": "2026-04-08T02:24:58.561Z",
    "student": 72,
    "subject": 11,
    "classroom": 23,
    "academic_year": 1,
    "term": "T1",
    "homework_scores": [
      17
    ],
    "value": "17.00"
  }
},
{
  "model": "school.grade",
  "pk": 444,
  "fields": {
    "created_at": "2026-04-08T02:22:19.887Z",
    "updated_at": "2026-04-08T02:24:58.608Z",
    "student": 72,
    "subject": 12,
    "classroom": 23,
    "academic_year": 1,
    "term": "T1",
    "homework_scores": [
      13
    ],
    "value": "13.00"
  }
},
{
  "model": "school.grade",
  "pk": 445,
  "fields": {
    "created_at": "2026-04-08T02:22:20.154Z",
    "updated_at": "2026-04-08T02:24:58.651Z",
    "student": 72,
    "subject": 13,
    "classroom": 23,
    "academic_year": 1,
    "term": "T1",
    "homework_scores": [
      15
    ],
    "value": "15.00"
  }
},
{
  "model": "school.grade",
  "pk": 446,
  "fields": {
    "created_at": "2026-04-08T02:22:21.454Z",
    "updated_at": "2026-04-08T02:24:59.238Z",
    "student": 72,
    "subject": 23,
    "classroom": 23,
    "academic_year": 1,
    "term": "T1",
    "homework_scores": [
      16
    ],
    "value": "16.00"
  }
},
{
  "model": "school.grade",
  "pk": 447,
  "fields": {
    "created_at": "2026-04-08T02:22:21.634Z",
    "updated_at": "2026-04-08T02:24:59.281Z",
    "student": 72,
    "subject": 24,
    "classroom": 23,
    "academic_year": 1,
    "term": "T1",
    "homework_scores": [
      11
    ],
    "value": "11.00"
  }
},
{
  "model": "school.grade",
  "pk": 448,
  "fields": {
    "created_at": "2026-04-08T02:22:22.115Z",
    "updated_at": "2026-04-08T02:24:59.475Z",
    "student": 73,
    "subject": 6,
    "classroom": 23,
    "academic_year": 1,
    "term": "T1",
    "homework_scores": [
      13
    ],
    "value": "13.00"
  }
},
{
  "model": "school.grade",
  "pk": 449,
  "fields": {
    "created_at": "2026-04-08T02:22:22.261Z",
    "updated_at": "2026-04-08T02:24:59.523Z",
    "student": 73,
    "subject": 7,
    "classroom": 23,
    "academic_year": 1,
    "term": "T1",
    "homework_scores": [
      11
    ],
    "value": "11.00"
  }
},
{
  "model": "school.grade",
  "pk": 450,
  "fields": {
    "created_at": "2026-04-08T02:22:22.573Z",
    "updated_at": "2026-04-08T02:24:59.609Z",
    "student": 73,
    "subject": 9,
    "classroom": 23,
    "academic_year": 1,
    "term": "T1",
    "homework_scores": [
      11
    ],
    "value": "11.00"
  }
},
{
  "model": "school.grade",
  "pk": 451,
  "fields": {
    "created_at": "2026-04-08T02:22:22.673Z",
    "updated_at": "2026-04-08T02:24:59.654Z",
    "student": 73,
    "subject": 10,
    "classroom": 23,
    "academic_year": 1,
    "term": "T1",
    "homework_scores": [
      16
    ],
    "value": "16.00"
  }
},
{
  "model": "school.grade",
  "pk": 452,
  "fields": {
    "created_at": "2026-04-08T02:22:22.989Z",
    "updated_at": "2026-04-08T02:24:59.698Z",
    "student": 73,
    "subject": 11,
    "classroom": 23,
    "academic_year": 1,
    "term": "T1",
    "homework_scores": [
      16
    ],
    "value": "16.00"
  }
},
{
  "model": "school.grade",
  "pk": 453,
  "fields": {
    "created_at": "2026-04-08T02:22:23.144Z",
    "updated_at": "2026-04-08T02:24:59.744Z",
    "student": 73,
    "subject": 12,
    "classroom": 23,
    "academic_year": 1,
    "term": "T1",
    "homework_scores": [
      12
    ],
    "value": "12.00"
  }
},
{
  "model": "school.grade",
  "pk": 454,
  "fields": {
    "created_at": "2026-04-08T02:22:23.289Z",
    "updated_at": "2026-04-08T02:24:59.809Z",
    "student": 73,
    "subject": 13,
    "classroom": 23,
    "academic_year": 1,
    "term": "T1",
    "homework_scores": [
      16
    ],
    "value": "16.00"
  }
},
{
  "model": "school.grade",
  "pk": 455,
  "fields": {
    "created_at": "2026-04-08T02:22:23.953Z",
    "updated_at": "2026-04-08T02:25:00.275Z",
    "student": 73,
    "subject": 23,
    "classroom": 23,
    "academic_year": 1,
    "term": "T1",
    "homework_scores": [
      15
    ],
    "value": "15.00"
  }
},
{
  "model": "school.grade",
  "pk": 456,
  "fields": {
    "created_at": "2026-04-08T02:22:24.022Z",
    "updated_at": "2026-04-08T02:25:00.323Z",
    "student": 73,
    "subject": 24,
    "classroom": 23,
    "academic_year": 1,
    "term": "T1",
    "homework_scores": [
      14
    ],
    "value": "14.00"
  }
},
{
  "model": "school.grade",
  "pk": 457,
  "fields": {
    "created_at": "2026-04-08T02:22:24.213Z",
    "updated_at": "2026-04-08T02:25:00.711Z",
    "student": 74,
    "subject": 6,
    "classroom": 23,
    "academic_year": 1,
    "term": "T1",
    "homework_scores": [
      19
    ],
    "value": "19.00"
  }
},
{
  "model": "school.grade",
  "pk": 458,
  "fields": {
    "created_at": "2026-04-08T02:22:24.269Z",
    "updated_at": "2026-04-08T02:25:00.759Z",
    "student": 74,
    "subject": 7,
    "classroom": 23,
    "academic_year": 1,
    "term": "T1",
    "homework_scores": [
      18
    ],
    "value": "18.00"
  }
},
{
  "model": "school.grade",
  "pk": 459,
  "fields": {
    "created_at": "2026-04-08T02:22:24.371Z",
    "updated_at": "2026-04-08T02:25:00.849Z",
    "student": 74,
    "subject": 9,
    "classroom": 23,
    "academic_year": 1,
    "term": "T1",
    "homework_scores": [
      18
    ],
    "value": "18.00"
  }
},
{
  "model": "school.grade",
  "pk": 460,
  "fields": {
    "created_at": "2026-04-08T02:22:24.411Z",
    "updated_at": "2026-04-08T02:25:00.881Z",
    "student": 74,
    "subject": 10,
    "classroom": 23,
    "academic_year": 1,
    "term": "T1",
    "homework_scores": [
      11
    ],
    "value": "11.00"
  }
},
{
  "model": "school.grade",
  "pk": 461,
  "fields": {
    "created_at": "2026-04-08T02:22:24.459Z",
    "updated_at": "2026-04-08T02:25:00.926Z",
    "student": 74,
    "subject": 11,
    "classroom": 23,
    "academic_year": 1,
    "term": "T1",
    "homework_scores": [
      13
    ],
    "value": "13.00"
  }
},
{
  "model": "school.grade",
  "pk": 462,
  "fields": {
    "created_at": "2026-04-08T02:22:24.517Z",
    "updated_at": "2026-04-08T02:25:00.976Z",
    "student": 74,
    "subject": 12,
    "classroom": 23,
    "academic_year": 1,
    "term": "T1",
    "homework_scores": [
      12
    ],
    "value": "12.00"
  }
},
{
  "model": "school.grade",
  "pk": 463,
  "fields": {
    "created_at": "2026-04-08T02:22:24.573Z",
    "updated_at": "2026-04-08T02:25:01.017Z",
    "student": 74,
    "subject": 13,
    "classroom": 23,
    "academic_year": 1,
    "term": "T1",
    "homework_scores": [
      13
    ],
    "value": "13.00"
  }
},
{
  "model": "school.grade",
  "pk": 464,
  "fields": {
    "created_at": "2026-04-08T02:22:25.544Z",
    "updated_at": "2026-04-08T02:25:01.503Z",
    "student": 74,
    "subject": 23,
    "classroom": 23,
    "academic_year": 1,
    "term": "T1",
    "homework_scores": [
      16
    ],
    "value": "16.00"
  }
},
{
  "model": "school.grade",
  "pk": 465,
  "fields": {
    "created_at": "2026-04-08T02:22:25.633Z",
    "updated_at": "2026-04-08T02:25:01.548Z",
    "student": 74,
    "subject": 24,
    "classroom": 23,
    "academic_year": 1,
    "term": "T1",
    "homework_scores": [
      16
    ],
    "value": "16.00"
  }
},
{
  "model": "school.grade",
  "pk": 466,
  "fields": {
    "created_at": "2026-04-08T02:22:25.840Z",
    "updated_at": "2026-04-08T02:25:01.729Z",
    "student": 127,
    "subject": 6,
    "classroom": 23,
    "academic_year": 1,
    "term": "T1",
    "homework_scores": [
      10
    ],
    "value": "10.00"
  }
},
{
  "model": "school.grade",
  "pk": 467,
  "fields": {
    "created_at": "2026-04-08T02:22:25.894Z",
    "updated_at": "2026-04-08T02:25:01.774Z",
    "student": 127,
    "subject": 7,
    "classroom": 23,
    "academic_year": 1,
    "term": "T1",
    "homework_scores": [
      11
    ],
    "value": "11.00"
  }
},
{
  "model": "school.grade",
  "pk": 468,
  "fields": {
    "created_at": "2026-04-08T02:22:25.981Z",
    "updated_at": "2026-04-08T02:25:01.866Z",
    "student": 127,
    "subject": 9,
    "classroom": 23,
    "academic_year": 1,
    "term": "T1",
    "homework_scores": [
      10
    ],
    "value": "10.00"
  }
},
{
  "model": "school.grade",
  "pk": 469,
  "fields": {
    "created_at": "2026-04-08T02:22:26.059Z",
    "updated_at": "2026-04-08T02:25:01.901Z",
    "student": 127,
    "subject": 10,
    "classroom": 23,
    "academic_year": 1,
    "term": "T1",
    "homework_scores": [
      16
    ],
    "value": "16.00"
  }
},
{
  "model": "school.grade",
  "pk": 470,
  "fields": {
    "created_at": "2026-04-08T02:22:26.185Z",
    "updated_at": "2026-04-08T02:25:01.944Z",
    "student": 127,
    "subject": 11,
    "classroom": 23,
    "academic_year": 1,
    "term": "T1",
    "homework_scores": [
      11
    ],
    "value": "11.00"
  }
},
{
  "model": "school.grade",
  "pk": 471,
  "fields": {
    "created_at": "2026-04-08T02:22:26.297Z",
    "updated_at": "2026-04-08T02:25:01.990Z",
    "student": 127,
    "subject": 12,
    "classroom": 23,
    "academic_year": 1,
    "term": "T1",
    "homework_scores": [
      19
    ],
    "value": "19.00"
  }
},
{
  "model": "school.grade",
  "pk": 472,
  "fields": {
    "created_at": "2026-04-08T02:22:26.457Z",
    "updated_at": "2026-04-08T02:25:02.212Z",
    "student": 127,
    "subject": 13,
    "classroom": 23,
    "academic_year": 1,
    "term": "T1",
    "homework_scores": [
      13
    ],
    "value": "13.00"
  }
},
{
  "model": "school.grade",
  "pk": 473,
  "fields": {
    "created_at": "2026-04-08T02:22:26.960Z",
    "updated_at": "2026-04-08T02:25:02.654Z",
    "student": 127,
    "subject": 23,
    "classroom": 23,
    "academic_year": 1,
    "term": "T1",
    "homework_scores": [
      17
    ],
    "value": "17.00"
  }
},
{
  "model": "school.grade",
  "pk": 474,
  "fields": {
    "created_at": "2026-04-08T02:22:27.167Z",
    "updated_at": "2026-04-08T02:25:02.696Z",
    "student": 127,
    "subject": 24,
    "classroom": 23,
    "academic_year": 1,
    "term": "T1",
    "homework_scores": [
      16
    ],
    "value": "16.00"
  }
},
{
  "model": "school.attendance",
  "pk": 28,
  "fields": {
    "created_at": "2026-03-25T10:12:30.302Z",
    "updated_at": "2026-03-25T10:12:30.302Z",
    "student": 125,
    "date": "2026-03-22",
    "is_absent": false,
    "is_late": true,
    "reason": "Retard",
    "proof": ""
  }
},
{
  "model": "school.attendance",
  "pk": 29,
  "fields": {
    "created_at": "2026-03-25T10:12:30.308Z",
    "updated_at": "2026-03-25T10:12:30.308Z",
    "student": 125,
    "date": "2026-03-24",
    "is_absent": true,
    "is_late": false,
    "reason": "Maladie",
    "proof": ""
  }
},
{
  "model": "school.attendance",
  "pk": 30,
  "fields": {
    "created_at": "2026-03-25T10:12:30.311Z",
    "updated_at": "2026-03-25T10:12:30.311Z",
    "student": 126,
    "date": "2026-03-22",
    "is_absent": false,
    "is_late": true,
    "reason": "Retard",
    "proof": ""
  }
},
{
  "model": "school.attendance",
  "pk": 31,
  "fields": {
    "created_at": "2026-03-25T10:12:30.315Z",
    "updated_at": "2026-03-25T10:12:30.315Z",
    "student": 126,
    "date": "2026-03-24",
    "is_absent": true,
    "is_late": false,
    "reason": "Maladie",
    "proof": ""
  }
},
{
  "model": "school.attendance",
  "pk": 32,
  "fields": {
    "created_at": "2026-03-26T22:14:28.480Z",
    "updated_at": "2026-03-26T22:14:28.481Z",
    "student": 125,
    "date": "2026-03-23",
    "is_absent": false,
    "is_late": true,
    "reason": "Retard",
    "proof": ""
  }
},
{
  "model": "school.attendance",
  "pk": 33,
  "fields": {
    "created_at": "2026-03-26T22:14:28.486Z",
    "updated_at": "2026-03-26T22:14:28.486Z",
    "student": 125,
    "date": "2026-03-25",
    "is_absent": true,
    "is_late": false,
    "reason": "Maladie",
    "proof": ""
  }
},
{
  "model": "school.attendance",
  "pk": 34,
  "fields": {
    "created_at": "2026-03-26T22:14:28.491Z",
    "updated_at": "2026-03-26T22:14:28.491Z",
    "student": 126,
    "date": "2026-03-23",
    "is_absent": false,
    "is_late": true,
    "reason": "Retard",
    "proof": ""
  }
},
{
  "model": "school.attendance",
  "pk": 35,
  "fields": {
    "created_at": "2026-03-26T22:14:28.496Z",
    "updated_at": "2026-03-26T22:14:28.496Z",
    "student": 126,
    "date": "2026-03-25",
    "is_absent": true,
    "is_late": false,
    "reason": "Maladie",
    "proof": ""
  }
},
{
  "model": "school.attendance",
  "pk": 36,
  "fields": {
    "created_at": "2026-03-27T17:37:12.283Z",
    "updated_at": "2026-03-27T17:37:12.283Z",
    "student": 125,
    "date": "2026-03-26",
    "is_absent": true,
    "is_late": false,
    "reason": "Maladie",
    "proof": ""
  }
},
{
  "model": "school.attendance",
  "pk": 37,
  "fields": {
    "created_at": "2026-03-27T17:37:12.291Z",
    "updated_at": "2026-03-27T17:37:12.291Z",
    "student": 126,
    "date": "2026-03-26",
    "is_absent": true,
    "is_late": false,
    "reason": "Maladie",
    "proof": ""
  }
},
{
  "model": "school.attendance",
  "pk": 38,
  "fields": {
    "created_at": "2026-03-29T17:23:08.837Z",
    "updated_at": "2026-03-29T17:23:08.837Z",
    "student": 125,
    "date": "2026-03-28",
    "is_absent": true,
    "is_late": false,
    "reason": "Maladie",
    "proof": ""
  }
},
{
  "model": "school.attendance",
  "pk": 39,
  "fields": {
    "created_at": "2026-03-29T17:23:09.464Z",
    "updated_at": "2026-03-29T17:23:09.464Z",
    "student": 126,
    "date": "2026-03-28",
    "is_absent": true,
    "is_late": false,
    "reason": "Maladie",
    "proof": ""
  }
},
{
  "model": "school.attendance",
  "pk": 40,
  "fields": {
    "created_at": "2026-03-29T20:33:33.955Z",
    "updated_at": "2026-03-29T20:33:33.955Z",
    "student": 12,
    "date": "2026-03-29",
    "is_absent": true,
    "is_late": false,
    "reason": "",
    "proof": ""
  }
},
{
  "model": "school.attendance",
  "pk": 41,
  "fields": {
    "created_at": "2026-03-30T19:46:46.177Z",
    "updated_at": "2026-03-30T19:46:46.177Z",
    "student": 125,
    "date": "2026-03-27",
    "is_absent": false,
    "is_late": true,
    "reason": "Retard",
    "proof": ""
  }
},
{
  "model": "school.attendance",
  "pk": 42,
  "fields": {
    "created_at": "2026-03-30T19:46:46.191Z",
    "updated_at": "2026-03-30T19:46:46.191Z",
    "student": 125,
    "date": "2026-03-29",
    "is_absent": true,
    "is_late": false,
    "reason": "Maladie",
    "proof": ""
  }
},
{
  "model": "school.attendance",
  "pk": 43,
  "fields": {
    "created_at": "2026-03-30T19:46:46.196Z",
    "updated_at": "2026-03-30T19:46:46.196Z",
    "student": 126,
    "date": "2026-03-27",
    "is_absent": false,
    "is_late": true,
    "reason": "Retard",
    "proof": ""
  }
},
{
  "model": "school.attendance",
  "pk": 44,
  "fields": {
    "created_at": "2026-03-30T19:46:46.200Z",
    "updated_at": "2026-03-30T19:46:46.200Z",
    "student": 126,
    "date": "2026-03-29",
    "is_absent": true,
    "is_late": false,
    "reason": "Maladie",
    "proof": ""
  }
},
{
  "model": "school.attendance",
  "pk": 45,
  "fields": {
    "created_at": "2026-03-31T17:33:09.308Z",
    "updated_at": "2026-03-31T17:33:09.308Z",
    "student": 125,
    "date": "2026-03-30",
    "is_absent": true,
    "is_late": false,
    "reason": "Maladie",
    "proof": ""
  }
},
{
  "model": "school.attendance",
  "pk": 46,
  "fields": {
    "created_at": "2026-03-31T17:33:09.323Z",
    "updated_at": "2026-03-31T17:33:09.323Z",
    "student": 126,
    "date": "2026-03-30",
    "is_absent": true,
    "is_late": false,
    "reason": "Maladie",
    "proof": ""
  }
},
{
  "model": "school.attendance",
  "pk": 47,
  "fields": {
    "created_at": "2026-04-01T01:16:32.223Z",
    "updated_at": "2026-04-01T01:16:32.223Z",
    "student": 125,
    "date": "2026-03-31",
    "is_absent": true,
    "is_late": false,
    "reason": "Maladie",
    "proof": ""
  }
},
{
  "model": "school.attendance",
  "pk": 48,
  "fields": {
    "created_at": "2026-04-01T01:16:32.430Z",
    "updated_at": "2026-04-01T01:16:32.430Z",
    "student": 126,
    "date": "2026-03-31",
    "is_absent": true,
    "is_late": false,
    "reason": "Maladie",
    "proof": ""
  }
},
{
  "model": "school.attendance",
  "pk": 49,
  "fields": {
    "created_at": "2026-04-03T23:08:19.917Z",
    "updated_at": "2026-04-03T23:08:19.917Z",
    "student": 125,
    "date": "2026-04-02",
    "is_absent": true,
    "is_late": false,
    "reason": "Maladie",
    "proof": ""
  }
},
{
  "model": "school.attendance",
  "pk": 50,
  "fields": {
    "created_at": "2026-04-03T23:08:19.924Z",
    "updated_at": "2026-04-03T23:08:19.924Z",
    "student": 126,
    "date": "2026-04-02",
    "is_absent": true,
    "is_late": false,
    "reason": "Maladie",
    "proof": ""
  }
},
{
  "model": "school.attendance",
  "pk": 51,
  "fields": {
    "created_at": "2026-04-04T00:43:01.893Z",
    "updated_at": "2026-04-04T00:43:01.893Z",
    "student": 125,
    "date": "2026-04-01",
    "is_absent": false,
    "is_late": true,
    "reason": "Retard",
    "proof": ""
  }
},
{
  "model": "school.attendance",
  "pk": 52,
  "fields": {
    "created_at": "2026-04-04T00:43:02.532Z",
    "updated_at": "2026-04-04T00:43:02.532Z",
    "student": 125,
    "date": "2026-04-03",
    "is_absent": true,
    "is_late": false,
    "reason": "Maladie",
    "proof": ""
  }
},
{
  "model": "school.attendance",
  "pk": 53,
  "fields": {
    "created_at": "2026-04-04T00:43:02.541Z",
    "updated_at": "2026-04-04T00:43:02.541Z",
    "student": 126,
    "date": "2026-04-01",
    "is_absent": false,
    "is_late": true,
    "reason": "Retard",
    "proof": ""
  }
},
{
  "model": "school.attendance",
  "pk": 54,
  "fields": {
    "created_at": "2026-04-04T00:43:02.548Z",
    "updated_at": "2026-04-04T00:43:02.548Z",
    "student": 126,
    "date": "2026-04-03",
    "is_absent": true,
    "is_late": false,
    "reason": "Maladie",
    "proof": ""
  }
},
{
  "model": "school.attendance",
  "pk": 55,
  "fields": {
    "created_at": "2026-04-05T01:10:20.989Z",
    "updated_at": "2026-04-05T01:10:20.989Z",
    "student": 125,
    "date": "2026-04-04",
    "is_absent": true,
    "is_late": false,
    "reason": "Maladie",
    "proof": ""
  }
},
{
  "model": "school.attendance",
  "pk": 56,
  "fields": {
    "created_at": "2026-04-05T01:10:20.995Z",
    "updated_at": "2026-04-05T01:10:20.995Z",
    "student": 126,
    "date": "2026-04-04",
    "is_absent": true,
    "is_late": false,
    "reason": "Maladie",
    "proof": ""
  }
},
{
  "model": "school.attendance",
  "pk": 57,
  "fields": {
    "created_at": "2026-04-06T14:05:24.563Z",
    "updated_at": "2026-04-06T14:05:24.563Z",
    "student": 125,
    "date": "2026-04-05",
    "is_absent": true,
    "is_late": false,
    "reason": "Maladie",
    "proof": ""
  }
},
{
  "model": "school.attendance",
  "pk": 58,
  "fields": {
    "created_at": "2026-04-06T14:05:24.570Z",
    "updated_at": "2026-04-06T14:05:24.570Z",
    "student": 126,
    "date": "2026-04-05",
    "is_absent": true,
    "is_late": false,
    "reason": "Maladie",
    "proof": ""
  }
},
{
  "model": "school.attendance",
  "pk": 59,
  "fields": {
    "created_at": "2026-04-07T18:28:33.564Z",
    "updated_at": "2026-04-07T18:28:33.564Z",
    "student": 125,
    "date": "2026-04-06",
    "is_absent": true,
    "is_late": false,
    "reason": "Maladie",
    "proof": ""
  }
},
{
  "model": "school.attendance",
  "pk": 60,
  "fields": {
    "created_at": "2026-04-07T18:28:33.605Z",
    "updated_at": "2026-04-07T18:28:33.605Z",
    "student": 126,
    "date": "2026-04-06",
    "is_absent": true,
    "is_late": false,
    "reason": "Maladie",
    "proof": ""
  }
},
{
  "model": "school.attendance",
  "pk": 61,
  "fields": {
    "created_at": "2026-04-08T00:01:12.786Z",
    "updated_at": "2026-04-08T00:01:12.786Z",
    "student": 125,
    "date": "2026-04-07",
    "is_absent": true,
    "is_late": false,
    "reason": "Maladie",
    "proof": ""
  }
},
{
  "model": "school.attendance",
  "pk": 62,
  "fields": {
    "created_at": "2026-04-08T00:01:12.860Z",
    "updated_at": "2026-04-08T00:01:12.860Z",
    "student": 126,
    "date": "2026-04-07",
    "is_absent": true,
    "is_late": false,
    "reason": "Maladie",
    "proof": ""
  }
},
{
  "model": "school.attendance",
  "pk": 63,
  "fields": {
    "created_at": "2026-04-09T00:29:43.596Z",
    "updated_at": "2026-04-09T00:29:43.596Z",
    "student": 125,
    "date": "2026-04-08",
    "is_absent": true,
    "is_late": false,
    "reason": "Maladie",
    "proof": ""
  }
},
{
  "model": "school.attendance",
  "pk": 64,
  "fields": {
    "created_at": "2026-04-09T00:29:43.787Z",
    "updated_at": "2026-04-09T00:29:43.787Z",
    "student": 126,
    "date": "2026-04-08",
    "is_absent": true,
    "is_late": false,
    "reason": "Maladie",
    "proof": ""
  }
},
{
  "model": "school.teacherattendance",
  "pk": 15,
  "fields": {
    "created_at": "2026-03-25T10:12:30.356Z",
    "updated_at": "2026-03-25T10:12:30.356Z",
    "teacher": 32,
    "date": "2026-03-20",
    "is_absent": true,
    "is_late": false,
    "reason": "Formation académique",
    "proof": ""
  }
},
{
  "model": "school.teacherattendance",
  "pk": 16,
  "fields": {
    "created_at": "2026-03-25T10:12:30.408Z",
    "updated_at": "2026-03-25T10:12:30.408Z",
    "teacher": 32,
    "date": "2026-03-23",
    "is_absent": false,
    "is_late": true,
    "reason": "Retard exceptionnel",
    "proof": ""
  }
},
{
  "model": "school.teacherattendance",
  "pk": 17,
  "fields": {
    "created_at": "2026-03-26T22:14:28.570Z",
    "updated_at": "2026-03-26T22:14:28.571Z",
    "teacher": 32,
    "date": "2026-03-21",
    "is_absent": true,
    "is_late": false,
    "reason": "Formation académique",
    "proof": ""
  }
},
{
  "model": "school.teacherattendance",
  "pk": 18,
  "fields": {
    "created_at": "2026-03-26T22:14:28.584Z",
    "updated_at": "2026-03-26T22:14:28.584Z",
    "teacher": 32,
    "date": "2026-03-24",
    "is_absent": false,
    "is_late": true,
    "reason": "Retard exceptionnel",
    "proof": ""
  }
},
{
  "model": "school.teacherattendance",
  "pk": 19,
  "fields": {
    "created_at": "2026-03-27T17:37:12.370Z",
    "updated_at": "2026-03-27T17:37:12.370Z",
    "teacher": 32,
    "date": "2026-03-22",
    "is_absent": true,
    "is_late": false,
    "reason": "Formation académique",
    "proof": ""
  }
},
{
  "model": "school.teacherattendance",
  "pk": 20,
  "fields": {
    "created_at": "2026-03-27T17:37:12.375Z",
    "updated_at": "2026-03-27T17:37:12.375Z",
    "teacher": 32,
    "date": "2026-03-25",
    "is_absent": false,
    "is_late": true,
    "reason": "Retard exceptionnel",
    "proof": ""
  }
},
{
  "model": "school.teacherattendance",
  "pk": 21,
  "fields": {
    "created_at": "2026-03-29T17:23:10.712Z",
    "updated_at": "2026-03-29T17:23:10.712Z",
    "teacher": 32,
    "date": "2026-03-27",
    "is_absent": false,
    "is_late": true,
    "reason": "Retard exceptionnel",
    "proof": ""
  }
},
{
  "model": "school.teacherattendance",
  "pk": 22,
  "fields": {
    "created_at": "2026-03-30T19:46:46.259Z",
    "updated_at": "2026-03-30T19:46:46.259Z",
    "teacher": 32,
    "date": "2026-03-28",
    "is_absent": false,
    "is_late": true,
    "reason": "Retard exceptionnel",
    "proof": ""
  }
},
{
  "model": "school.teacherattendance",
  "pk": 23,
  "fields": {
    "created_at": "2026-03-31T17:33:09.405Z",
    "updated_at": "2026-03-31T17:33:09.405Z",
    "teacher": 32,
    "date": "2026-03-26",
    "is_absent": true,
    "is_late": false,
    "reason": "Formation académique",
    "proof": ""
  }
},
{
  "model": "school.teacherattendance",
  "pk": 24,
  "fields": {
    "created_at": "2026-03-31T17:33:09.443Z",
    "updated_at": "2026-03-31T17:33:09.443Z",
    "teacher": 32,
    "date": "2026-03-29",
    "is_absent": false,
    "is_late": true,
    "reason": "Retard exceptionnel",
    "proof": ""
  }
},
{
  "model": "school.teacherattendance",
  "pk": 25,
  "fields": {
    "created_at": "2026-04-01T01:16:32.592Z",
    "updated_at": "2026-04-01T01:16:32.592Z",
    "teacher": 32,
    "date": "2026-03-30",
    "is_absent": false,
    "is_late": true,
    "reason": "Retard exceptionnel",
    "proof": ""
  }
},
{
  "model": "school.teacherattendance",
  "pk": 26,
  "fields": {
    "created_at": "2026-04-03T23:08:19.984Z",
    "updated_at": "2026-04-03T23:08:19.984Z",
    "teacher": 32,
    "date": "2026-04-01",
    "is_absent": false,
    "is_late": true,
    "reason": "Retard exceptionnel",
    "proof": ""
  }
},
{
  "model": "school.teacherattendance",
  "pk": 27,
  "fields": {
    "created_at": "2026-04-04T00:43:03.445Z",
    "updated_at": "2026-04-04T00:43:03.445Z",
    "teacher": 32,
    "date": "2026-04-02",
    "is_absent": false,
    "is_late": true,
    "reason": "Retard exceptionnel",
    "proof": ""
  }
},
{
  "model": "school.teacherattendance",
  "pk": 28,
  "fields": {
    "created_at": "2026-04-05T01:10:21.031Z",
    "updated_at": "2026-04-05T01:10:21.031Z",
    "teacher": 32,
    "date": "2026-03-31",
    "is_absent": true,
    "is_late": false,
    "reason": "Formation académique",
    "proof": ""
  }
},
{
  "model": "school.teacherattendance",
  "pk": 29,
  "fields": {
    "created_at": "2026-04-05T01:10:21.036Z",
    "updated_at": "2026-04-05T01:10:21.036Z",
    "teacher": 32,
    "date": "2026-04-03",
    "is_absent": false,
    "is_late": true,
    "reason": "Retard exceptionnel",
    "proof": ""
  }
},
{
  "model": "school.teacherattendance",
  "pk": 30,
  "fields": {
    "created_at": "2026-04-06T14:05:24.633Z",
    "updated_at": "2026-04-06T14:05:24.633Z",
    "teacher": 32,
    "date": "2026-04-04",
    "is_absent": false,
    "is_late": true,
    "reason": "Retard exceptionnel",
    "proof": ""
  }
},
{
  "model": "school.teacherattendance",
  "pk": 31,
  "fields": {
    "created_at": "2026-04-07T18:28:33.711Z",
    "updated_at": "2026-04-07T18:28:33.711Z",
    "teacher": 32,
    "date": "2026-04-05",
    "is_absent": false,
    "is_late": true,
    "reason": "Retard exceptionnel",
    "proof": ""
  }
},
{
  "model": "school.teacherattendance",
  "pk": 32,
  "fields": {
    "created_at": "2026-04-08T00:01:12.934Z",
    "updated_at": "2026-04-08T00:01:12.934Z",
    "teacher": 32,
    "date": "2026-04-06",
    "is_absent": false,
    "is_late": true,
    "reason": "Retard exceptionnel",
    "proof": ""
  }
},
{
  "model": "school.teacherattendance",
  "pk": 33,
  "fields": {
    "created_at": "2026-04-09T00:29:43.912Z",
    "updated_at": "2026-04-09T00:29:43.912Z",
    "teacher": 32,
    "date": "2026-04-07",
    "is_absent": false,
    "is_late": true,
    "reason": "Retard exceptionnel",
    "proof": ""
  }
},
{
  "model": "school.disciplineincident",
  "pk": 10,
  "fields": {
    "created_at": "2026-03-25T10:12:30.413Z",
    "updated_at": "2026-03-25T10:12:30.413Z",
    "student": 126,
    "incident_date": "2026-03-21",
    "category": "Indiscipline",
    "description": "Bavardage répété en classe malgré plusieurs rappels.",
    "severity": "medium",
    "sanction": "Avertissement écrit",
    "status": "open",
    "parent_notified": false,
    "reported_by": 166
  }
},
{
  "model": "school.disciplineincident",
  "pk": 11,
  "fields": {
    "created_at": "2026-03-26T22:14:28.670Z",
    "updated_at": "2026-03-26T22:14:28.670Z",
    "student": 126,
    "incident_date": "2026-03-22",
    "category": "Indiscipline",
    "description": "Bavardage répété en classe malgré plusieurs rappels.",
    "severity": "medium",
    "sanction": "Avertissement écrit",
    "status": "open",
    "parent_notified": false,
    "reported_by": 166
  }
},
{
  "model": "school.disciplineincident",
  "pk": 12,
  "fields": {
    "created_at": "2026-03-27T17:37:12.461Z",
    "updated_at": "2026-03-27T17:37:12.461Z",
    "student": 126,
    "incident_date": "2026-03-23",
    "category": "Indiscipline",
    "description": "Bavardage répété en classe malgré plusieurs rappels.",
    "severity": "medium",
    "sanction": "Avertissement écrit",
    "status": "open",
    "parent_notified": false,
    "reported_by": 166
  }
},
{
  "model": "school.disciplineincident",
  "pk": 13,
  "fields": {
    "created_at": "2026-03-29T17:23:11.281Z",
    "updated_at": "2026-03-29T17:23:11.281Z",
    "student": 126,
    "incident_date": "2026-03-25",
    "category": "Indiscipline",
    "description": "Bavardage répété en classe malgré plusieurs rappels.",
    "severity": "medium",
    "sanction": "Avertissement écrit",
    "status": "open",
    "parent_notified": false,
    "reported_by": 166
  }
},
{
  "model": "school.disciplineincident",
  "pk": 14,
  "fields": {
    "created_at": "2026-03-30T19:46:46.296Z",
    "updated_at": "2026-03-30T19:46:46.296Z",
    "student": 126,
    "incident_date": "2026-03-26",
    "category": "Indiscipline",
    "description": "Bavardage répété en classe malgré plusieurs rappels.",
    "severity": "medium",
    "sanction": "Avertissement écrit",
    "status": "open",
    "parent_notified": false,
    "reported_by": 166
  }
},
{
  "model": "school.disciplineincident",
  "pk": 15,
  "fields": {
    "created_at": "2026-03-31T17:33:09.648Z",
    "updated_at": "2026-03-31T17:33:09.648Z",
    "student": 126,
    "incident_date": "2026-03-27",
    "category": "Indiscipline",
    "description": "Bavardage répété en classe malgré plusieurs rappels.",
    "severity": "medium",
    "sanction": "Avertissement écrit",
    "status": "open",
    "parent_notified": false,
    "reported_by": 166
  }
},
{
  "model": "school.disciplineincident",
  "pk": 16,
  "fields": {
    "created_at": "2026-04-01T01:16:32.681Z",
    "updated_at": "2026-04-01T01:16:32.681Z",
    "student": 126,
    "incident_date": "2026-03-28",
    "category": "Indiscipline",
    "description": "Bavardage répété en classe malgré plusieurs rappels.",
    "severity": "medium",
    "sanction": "Avertissement écrit",
    "status": "open",
    "parent_notified": false,
    "reported_by": 166
  }
},
{
  "model": "school.disciplineincident",
  "pk": 17,
  "fields": {
    "created_at": "2026-04-03T23:08:20.066Z",
    "updated_at": "2026-04-03T23:08:20.066Z",
    "student": 126,
    "incident_date": "2026-03-30",
    "category": "Indiscipline",
    "description": "Bavardage répété en classe malgré plusieurs rappels.",
    "severity": "medium",
    "sanction": "Avertissement écrit",
    "status": "open",
    "parent_notified": false,
    "reported_by": 166
  }
},
{
  "model": "school.disciplineincident",
  "pk": 18,
  "fields": {
    "created_at": "2026-04-04T00:43:04.647Z",
    "updated_at": "2026-04-04T00:43:04.647Z",
    "student": 126,
    "incident_date": "2026-03-31",
    "category": "Indiscipline",
    "description": "Bavardage répété en classe malgré plusieurs rappels.",
    "severity": "medium",
    "sanction": "Avertissement écrit",
    "status": "open",
    "parent_notified": false,
    "reported_by": 166
  }
},
{
  "model": "school.disciplineincident",
  "pk": 19,
  "fields": {
    "created_at": "2026-04-05T01:10:21.071Z",
    "updated_at": "2026-04-05T01:10:21.071Z",
    "student": 126,
    "incident_date": "2026-04-01",
    "category": "Indiscipline",
    "description": "Bavardage répété en classe malgré plusieurs rappels.",
    "severity": "medium",
    "sanction": "Avertissement écrit",
    "status": "open",
    "parent_notified": false,
    "reported_by": 166
  }
},
{
  "model": "school.disciplineincident",
  "pk": 20,
  "fields": {
    "created_at": "2026-04-06T14:05:24.664Z",
    "updated_at": "2026-04-06T14:05:24.664Z",
    "student": 126,
    "incident_date": "2026-04-02",
    "category": "Indiscipline",
    "description": "Bavardage répété en classe malgré plusieurs rappels.",
    "severity": "medium",
    "sanction": "Avertissement écrit",
    "status": "open",
    "parent_notified": false,
    "reported_by": 166
  }
},
{
  "model": "school.disciplineincident",
  "pk": 21,
  "fields": {
    "created_at": "2026-04-07T18:28:33.804Z",
    "updated_at": "2026-04-07T18:28:33.804Z",
    "student": 126,
    "incident_date": "2026-04-03",
    "category": "Indiscipline",
    "description": "Bavardage répété en classe malgré plusieurs rappels.",
    "severity": "medium",
    "sanction": "Avertissement écrit",
    "status": "open",
    "parent_notified": false,
    "reported_by": 166
  }
},
{
  "model": "school.disciplineincident",
  "pk": 22,
  "fields": {
    "created_at": "2026-04-08T00:01:13.148Z",
    "updated_at": "2026-04-08T00:01:13.148Z",
    "student": 126,
    "incident_date": "2026-04-04",
    "category": "Indiscipline",
    "description": "Bavardage répété en classe malgré plusieurs rappels.",
    "severity": "medium",
    "sanction": "Avertissement écrit",
    "status": "open",
    "parent_notified": false,
    "reported_by": 166
  }
},
{
  "model": "school.disciplineincident",
  "pk": 23,
  "fields": {
    "created_at": "2026-04-09T00:29:43.976Z",
    "updated_at": "2026-04-09T00:29:43.976Z",
    "student": 126,
    "incident_date": "2026-04-05",
    "category": "Indiscipline",
    "description": "Bavardage répété en classe malgré plusieurs rappels.",
    "severity": "medium",
    "sanction": "Avertissement écrit",
    "status": "open",
    "parent_notified": false,
    "reported_by": 166
  }
},
{
  "model": "school.studentfee",
  "pk": 3,
  "fields": {
    "created_at": "2026-03-25T10:12:30.456Z",
    "updated_at": "2026-03-25T10:12:30.456Z",
    "student": 125,
    "academic_year": 1,
    "fee_type": "monthly",
    "amount_due": "85000.00",
    "due_date": "2026-04-09"
  }
},
{
  "model": "school.studentfee",
  "pk": 4,
  "fields": {
    "created_at": "2026-03-25T10:12:30.489Z",
    "updated_at": "2026-03-25T10:12:30.489Z",
    "student": 126,
    "academic_year": 1,
    "fee_type": "monthly",
    "amount_due": "85000.00",
    "due_date": "2026-04-09"
  }
},
{
  "model": "school.payment",
  "pk": 3,
  "fields": {
    "created_at": "2026-03-25T10:12:30.519Z",
    "updated_at": "2026-03-25T10:12:30.519Z",
    "fee": 3,
    "amount": "85000.00",
    "method": "Mobile Money",
    "reference": "PAY-0001",
    "received_by": 165,
    "etablissement": null
  }
},
{
  "model": "school.payment",
  "pk": 4,
  "fields": {
    "created_at": "2026-03-25T10:12:30.571Z",
    "updated_at": "2026-03-25T10:12:30.571Z",
    "fee": 4,
    "amount": "50000.00",
    "method": "Espèces",
    "reference": "PAY-0002",
    "received_by": 165,
    "etablissement": null
  }
},
{
  "model": "school.expense",
  "pk": 1,
  "fields": {
    "created_at": "2026-03-01T18:18:43.141Z",
    "updated_at": "2026-03-01T18:18:43.141Z",
    "label": "Achat fournitures",
    "amount": "120000.00",
    "date": "2026-03-01",
    "category": "Fournitures",
    "notes": "Cahiers et stylos",
    "etablissement": null
  }
},
{
  "model": "school.expense",
  "pk": 2,
  "fields": {
    "created_at": "2026-03-02T00:33:21.720Z",
    "updated_at": "2026-03-02T00:33:21.721Z",
    "label": "Achat fournitures",
    "amount": "120000.00",
    "date": "2026-03-02",
    "category": "Fournitures",
    "notes": "Cahiers et stylos",
    "etablissement": null
  }
},
{
  "model": "school.expense",
  "pk": 3,
  "fields": {
    "created_at": "2026-03-03T02:00:33.146Z",
    "updated_at": "2026-03-03T02:00:33.146Z",
    "label": "Achat fournitures",
    "amount": "120000.00",
    "date": "2026-03-03",
    "category": "Fournitures",
    "notes": "Cahiers et stylos",
    "etablissement": null
  }
},
{
  "model": "school.expense",
  "pk": 4,
  "fields": {
    "created_at": "2026-03-04T00:33:56.434Z",
    "updated_at": "2026-03-04T00:33:56.434Z",
    "label": "Achat fournitures",
    "amount": "120000.00",
    "date": "2026-03-04",
    "category": "Fournitures",
    "notes": "Cahiers et stylos",
    "etablissement": null
  }
},
{
  "model": "school.expense",
  "pk": 5,
  "fields": {
    "created_at": "2026-03-06T00:39:12.306Z",
    "updated_at": "2026-03-06T00:39:12.306Z",
    "label": "Achat fournitures",
    "amount": "120000.00",
    "date": "2026-03-06",
    "category": "Fournitures",
    "notes": "Cahiers et stylos",
    "etablissement": null
  }
},
{
  "model": "school.expense",
  "pk": 6,
  "fields": {
    "created_at": "2026-03-22T21:20:40.154Z",
    "updated_at": "2026-03-22T21:20:40.155Z",
    "label": "Achat fournitures",
    "amount": "120000.00",
    "date": "2026-03-22",
    "category": "Fournitures",
    "notes": "Cahiers et stylos",
    "etablissement": null
  }
},
{
  "model": "school.expense",
  "pk": 7,
  "fields": {
    "created_at": "2026-03-23T01:27:43.809Z",
    "updated_at": "2026-03-23T01:27:43.809Z",
    "label": "Achat fournitures",
    "amount": "120000.00",
    "date": "2026-03-23",
    "category": "Fournitures",
    "notes": "Cahiers et stylos",
    "etablissement": null
  }
},
{
  "model": "school.expense",
  "pk": 8,
  "fields": {
    "created_at": "2026-03-24T01:38:44.205Z",
    "updated_at": "2026-03-24T01:38:44.205Z",
    "label": "Achat fournitures",
    "amount": "120000.00",
    "date": "2026-03-24",
    "category": "Fournitures",
    "notes": "Cahiers et stylos",
    "etablissement": null
  }
},
{
  "model": "school.expense",
  "pk": 9,
  "fields": {
    "created_at": "2026-03-25T08:13:26.293Z",
    "updated_at": "2026-03-25T08:13:26.293Z",
    "label": "Achat fournitures",
    "amount": "120000.00",
    "date": "2026-03-25",
    "category": "Fournitures",
    "notes": "Cahiers et stylos",
    "etablissement": null
  }
},
{
  "model": "school.expense",
  "pk": 10,
  "fields": {
    "created_at": "2026-03-26T22:14:28.874Z",
    "updated_at": "2026-03-26T22:14:28.874Z",
    "label": "Achat fournitures",
    "amount": "120000.00",
    "date": "2026-03-26",
    "category": "Fournitures",
    "notes": "Cahiers et stylos",
    "etablissement": null
  }
},
{
  "model": "school.expense",
  "pk": 11,
  "fields": {
    "created_at": "2026-03-27T17:37:12.628Z",
    "updated_at": "2026-03-27T17:37:12.628Z",
    "label": "Achat fournitures",
    "amount": "120000.00",
    "date": "2026-03-27",
    "category": "Fournitures",
    "notes": "Cahiers et stylos",
    "etablissement": null
  }
},
{
  "model": "school.expense",
  "pk": 12,
  "fields": {
    "created_at": "2026-03-29T17:23:12.253Z",
    "updated_at": "2026-03-29T17:23:12.253Z",
    "label": "Achat fournitures",
    "amount": "120000.00",
    "date": "2026-03-29",
    "category": "Fournitures",
    "notes": "Cahiers et stylos",
    "etablissement": null
  }
},
{
  "model": "school.expense",
  "pk": 13,
  "fields": {
    "created_at": "2026-03-30T19:46:46.435Z",
    "updated_at": "2026-03-30T19:46:46.435Z",
    "label": "Achat fournitures",
    "amount": "120000.00",
    "date": "2026-03-30",
    "category": "Fournitures",
    "notes": "Cahiers et stylos",
    "etablissement": null
  }
},
{
  "model": "school.expense",
  "pk": 14,
  "fields": {
    "created_at": "2026-03-31T17:33:10.027Z",
    "updated_at": "2026-03-31T17:33:10.027Z",
    "label": "Achat fournitures",
    "amount": "120000.00",
    "date": "2026-03-31",
    "category": "Fournitures",
    "notes": "Cahiers et stylos",
    "etablissement": null
  }
},
{
  "model": "school.expense",
  "pk": 15,
  "fields": {
    "created_at": "2026-04-01T01:16:32.823Z",
    "updated_at": "2026-04-01T01:16:32.823Z",
    "label": "Achat fournitures",
    "amount": "120000.00",
    "date": "2026-04-01",
    "category": "Fournitures",
    "notes": "Cahiers et stylos",
    "etablissement": null
  }
},
{
  "model": "school.expense",
  "pk": 16,
  "fields": {
    "created_at": "2026-04-03T23:08:20.185Z",
    "updated_at": "2026-04-03T23:08:20.186Z",
    "label": "Achat fournitures",
    "amount": "120000.00",
    "date": "2026-04-03",
    "category": "Fournitures",
    "notes": "Cahiers et stylos",
    "etablissement": null
  }
},
{
  "model": "school.expense",
  "pk": 17,
  "fields": {
    "created_at": "2026-04-04T00:43:06.201Z",
    "updated_at": "2026-04-04T00:43:06.202Z",
    "label": "Achat fournitures",
    "amount": "120000.00",
    "date": "2026-04-04",
    "category": "Fournitures",
    "notes": "Cahiers et stylos",
    "etablissement": null
  }
},
{
  "model": "school.expense",
  "pk": 18,
  "fields": {
    "created_at": "2026-04-05T01:10:21.220Z",
    "updated_at": "2026-04-05T01:10:21.220Z",
    "label": "Achat fournitures",
    "amount": "120000.00",
    "date": "2026-04-05",
    "category": "Fournitures",
    "notes": "Cahiers et stylos",
    "etablissement": null
  }
},
{
  "model": "school.expense",
  "pk": 19,
  "fields": {
    "created_at": "2026-04-06T14:05:24.781Z",
    "updated_at": "2026-04-06T14:05:24.781Z",
    "label": "Achat fournitures",
    "amount": "120000.00",
    "date": "2026-04-06",
    "category": "Fournitures",
    "notes": "Cahiers et stylos",
    "etablissement": null
  }
},
{
  "model": "school.expense",
  "pk": 20,
  "fields": {
    "created_at": "2026-04-07T18:28:33.944Z",
    "updated_at": "2026-04-07T18:28:33.944Z",
    "label": "Achat fournitures",
    "amount": "120000.00",
    "date": "2026-04-07",
    "category": "Fournitures",
    "notes": "Cahiers et stylos",
    "etablissement": null
  }
},
{
  "model": "school.expense",
  "pk": 21,
  "fields": {
    "created_at": "2026-04-08T00:01:13.259Z",
    "updated_at": "2026-04-08T00:01:13.259Z",
    "label": "Achat fournitures",
    "amount": "120000.00",
    "date": "2026-04-08",
    "category": "Fournitures",
    "notes": "Cahiers et stylos",
    "etablissement": null
  }
},
{
  "model": "school.expense",
  "pk": 22,
  "fields": {
    "created_at": "2026-04-09T00:29:44.153Z",
    "updated_at": "2026-04-09T00:29:44.153Z",
    "label": "Achat fournitures",
    "amount": "120000.00",
    "date": "2026-04-09",
    "category": "Fournitures",
    "notes": "Cahiers et stylos",
    "etablissement": null
  }
},
{
  "model": "school.teacherpayroll",
  "pk": 2,
  "fields": {
    "created_at": "2026-03-25T10:12:30.648Z",
    "updated_at": "2026-03-25T10:12:30.648Z",
    "teacher": 32,
    "month": "2026-03-01",
    "amount": "350000.00",
    "paid_on": "2026-03-25",
    "paid_by": 165
  }
},
{
  "model": "school.teacherpayroll",
  "pk": 3,
  "fields": {
    "created_at": "2026-04-01T01:16:32.917Z",
    "updated_at": "2026-04-01T01:16:32.918Z",
    "teacher": 32,
    "month": "2026-04-01",
    "amount": "350000.00",
    "paid_on": "2026-04-01",
    "paid_by": 165
  }
},
{
  "model": "school.announcement",
  "pk": 1,
  "fields": {
    "created_at": "2026-03-01T18:18:43.158Z",
    "updated_at": "2026-03-01T18:18:43.158Z",
    "etablissement": null,
    "title": "Réunion parents-professeurs",
    "message": "La réunion aura lieu vendredi à 15h.",
    "audience": "all",
    "author": null
  }
},
{
  "model": "school.notification",
  "pk": 1,
  "fields": {
    "created_at": "2026-03-01T18:18:43.165Z",
    "updated_at": "2026-03-01T18:18:43.165Z",
    "etablissement": null,
    "recipient": null,
    "channel": "push",
    "title": "Paiement reçu",
    "message": "Votre paiement a été enregistré.",
    "is_sent": false,
    "sent_at": null
  }
},
{
  "model": "school.notification",
  "pk": 2,
  "fields": {
    "created_at": "2026-03-01T18:18:43.169Z",
    "updated_at": "2026-03-01T18:18:43.169Z",
    "etablissement": null,
    "recipient": null,
    "channel": "email",
    "title": "Absence élève",
    "message": "Votre enfant était absent hier.",
    "is_sent": false,
    "sent_at": null
  }
},
{
  "model": "school.notification",
  "pk": 3,
  "fields": {
    "created_at": "2026-03-25T10:12:30.658Z",
    "updated_at": "2026-03-25T10:12:30.658Z",
    "etablissement": null,
    "recipient": 167,
    "channel": "push",
    "title": "Paiement reçu",
    "message": "Votre paiement a été enregistré.",
    "is_sent": false,
    "sent_at": null
  }
},
{
  "model": "school.notification",
  "pk": 4,
  "fields": {
    "created_at": "2026-03-25T10:12:30.663Z",
    "updated_at": "2026-03-25T10:12:30.663Z",
    "etablissement": null,
    "recipient": 167,
    "channel": "email",
    "title": "Absence élève",
    "message": "Votre enfant était absent hier.",
    "is_sent": false,
    "sent_at": null
  }
},
{
  "model": "school.smsproviderconfig",
  "pk": 1,
  "fields": {
    "created_at": "2026-03-01T18:18:43.173Z",
    "updated_at": "2026-03-01T18:18:43.173Z",
    "etablissement": null,
    "provider_name": "Demo SMS",
    "api_url": "https://api.sms-provider.demo/send",
    "api_token": "replace-me",
    "sender_id": "GSCHOOL",
    "is_active": false
  }
},
{
  "model": "school.book",
  "pk": 2,
  "fields": {
    "created_at": "2026-03-25T10:12:30.796Z",
    "updated_at": "2026-03-25T10:12:30.796Z",
    "title": "Introduction aux Mathématiques",
    "author": "Auteur Démo",
    "isbn": "978-2-1234-5678-9",
    "quantity_total": 20,
    "quantity_available": 18,
    "etablissement": null
  }
},
{
  "model": "school.borrow",
  "pk": 10,
  "fields": {
    "created_at": "2026-03-25T10:12:30.803Z",
    "updated_at": "2026-03-25T10:12:30.803Z",
    "student": 125,
    "book": 2,
    "borrowed_at": "2026-03-23",
    "due_date": "2026-04-04",
    "returned_at": null,
    "penalty_amount": "0.00"
  }
},
{
  "model": "school.borrow",
  "pk": 11,
  "fields": {
    "created_at": "2026-03-26T22:14:29.052Z",
    "updated_at": "2026-03-26T22:14:29.052Z",
    "student": 125,
    "book": 2,
    "borrowed_at": "2026-03-24",
    "due_date": "2026-04-05",
    "returned_at": null,
    "penalty_amount": "0.00"
  }
},
{
  "model": "school.borrow",
  "pk": 12,
  "fields": {
    "created_at": "2026-03-27T17:37:12.818Z",
    "updated_at": "2026-03-27T17:37:12.818Z",
    "student": 125,
    "book": 2,
    "borrowed_at": "2026-03-25",
    "due_date": "2026-04-06",
    "returned_at": null,
    "penalty_amount": "0.00"
  }
},
{
  "model": "school.borrow",
  "pk": 13,
  "fields": {
    "created_at": "2026-03-29T17:23:12.641Z",
    "updated_at": "2026-03-29T17:23:12.641Z",
    "student": 125,
    "book": 2,
    "borrowed_at": "2026-03-27",
    "due_date": "2026-04-08",
    "returned_at": null,
    "penalty_amount": "0.00"
  }
},
{
  "model": "school.borrow",
  "pk": 14,
  "fields": {
    "created_at": "2026-03-30T19:46:46.639Z",
    "updated_at": "2026-03-30T19:46:46.639Z",
    "student": 125,
    "book": 2,
    "borrowed_at": "2026-03-28",
    "due_date": "2026-04-09",
    "returned_at": null,
    "penalty_amount": "0.00"
  }
},
{
  "model": "school.borrow",
  "pk": 15,
  "fields": {
    "created_at": "2026-03-31T17:33:10.505Z",
    "updated_at": "2026-03-31T17:33:10.505Z",
    "student": 125,
    "book": 2,
    "borrowed_at": "2026-03-29",
    "due_date": "2026-04-10",
    "returned_at": null,
    "penalty_amount": "0.00"
  }
},
{
  "model": "school.borrow",
  "pk": 16,
  "fields": {
    "created_at": "2026-04-01T01:16:33.280Z",
    "updated_at": "2026-04-01T01:16:33.280Z",
    "student": 125,
    "book": 2,
    "borrowed_at": "2026-03-30",
    "due_date": "2026-04-11",
    "returned_at": null,
    "penalty_amount": "0.00"
  }
},
{
  "model": "school.borrow",
  "pk": 17,
  "fields": {
    "created_at": "2026-04-03T23:08:20.404Z",
    "updated_at": "2026-04-03T23:08:20.404Z",
    "student": 125,
    "book": 2,
    "borrowed_at": "2026-04-01",
    "due_date": "2026-04-13",
    "returned_at": null,
    "penalty_amount": "0.00"
  }
},
{
  "model": "school.borrow",
  "pk": 18,
  "fields": {
    "created_at": "2026-04-04T00:43:08.739Z",
    "updated_at": "2026-04-04T00:43:08.740Z",
    "student": 125,
    "book": 2,
    "borrowed_at": "2026-04-02",
    "due_date": "2026-04-14",
    "returned_at": null,
    "penalty_amount": "0.00"
  }
},
{
  "model": "school.borrow",
  "pk": 19,
  "fields": {
    "created_at": "2026-04-05T01:10:21.422Z",
    "updated_at": "2026-04-05T01:10:21.422Z",
    "student": 125,
    "book": 2,
    "borrowed_at": "2026-04-03",
    "due_date": "2026-04-15",
    "returned_at": null,
    "penalty_amount": "0.00"
  }
},
{
  "model": "school.borrow",
  "pk": 20,
  "fields": {
    "created_at": "2026-04-06T14:05:24.977Z",
    "updated_at": "2026-04-06T14:05:24.977Z",
    "student": 125,
    "book": 2,
    "borrowed_at": "2026-04-04",
    "due_date": "2026-04-16",
    "returned_at": null,
    "penalty_amount": "0.00"
  }
},
{
  "model": "school.borrow",
  "pk": 21,
  "fields": {
    "created_at": "2026-04-07T18:28:34.189Z",
    "updated_at": "2026-04-07T18:28:34.189Z",
    "student": 125,
    "book": 2,
    "borrowed_at": "2026-04-05",
    "due_date": "2026-04-17",
    "returned_at": null,
    "penalty_amount": "0.00"
  }
},
{
  "model": "school.borrow",
  "pk": 22,
  "fields": {
    "created_at": "2026-04-08T00:01:13.460Z",
    "updated_at": "2026-04-08T00:01:13.460Z",
    "student": 125,
    "book": 2,
    "borrowed_at": "2026-04-06",
    "due_date": "2026-04-18",
    "returned_at": null,
    "penalty_amount": "0.00"
  }
},
{
  "model": "school.borrow",
  "pk": 23,
  "fields": {
    "created_at": "2026-04-09T00:29:44.270Z",
    "updated_at": "2026-04-09T00:29:44.270Z",
    "student": 125,
    "book": 2,
    "borrowed_at": "2026-04-07",
    "due_date": "2026-04-19",
    "returned_at": null,
    "penalty_amount": "0.00"
  }
},
{
  "model": "school.canteenmenu",
  "pk": 17,
  "fields": {
    "created_at": "2026-03-25T10:12:30.821Z",
    "updated_at": "2026-03-25T10:12:30.821Z",
    "menu_date": "2026-03-25",
    "etablissement": null,
    "name": "Riz sauce graine",
    "description": "Riz, sauce graine, poisson",
    "unit_price": "1200.00",
    "is_active": true
  }
},
{
  "model": "school.canteenmenu",
  "pk": 18,
  "fields": {
    "created_at": "2026-03-25T10:12:30.848Z",
    "updated_at": "2026-03-25T10:12:30.848Z",
    "menu_date": "2026-03-26",
    "etablissement": null,
    "name": "Spaghetti bolognaise",
    "description": "Spaghetti, viande hachée, jus",
    "unit_price": "1500.00",
    "is_active": true
  }
},
{
  "model": "school.canteenmenu",
  "pk": 19,
  "fields": {
    "created_at": "2026-03-26T22:14:29.100Z",
    "updated_at": "2026-03-26T22:14:29.100Z",
    "menu_date": "2026-03-26",
    "etablissement": null,
    "name": "Riz sauce graine",
    "description": "Riz, sauce graine, poisson",
    "unit_price": "1200.00",
    "is_active": true
  }
},
{
  "model": "school.canteenmenu",
  "pk": 20,
  "fields": {
    "created_at": "2026-03-26T22:14:29.105Z",
    "updated_at": "2026-03-26T22:14:29.106Z",
    "menu_date": "2026-03-27",
    "etablissement": null,
    "name": "Spaghetti bolognaise",
    "description": "Spaghetti, viande hachée, jus",
    "unit_price": "1500.00",
    "is_active": true
  }
},
{
  "model": "school.canteenmenu",
  "pk": 21,
  "fields": {
    "created_at": "2026-03-27T17:37:12.875Z",
    "updated_at": "2026-03-27T17:37:12.875Z",
    "menu_date": "2026-03-27",
    "etablissement": null,
    "name": "Riz sauce graine",
    "description": "Riz, sauce graine, poisson",
    "unit_price": "1200.00",
    "is_active": true
  }
},
{
  "model": "school.canteenmenu",
  "pk": 22,
  "fields": {
    "created_at": "2026-03-27T17:37:12.881Z",
    "updated_at": "2026-03-27T17:37:12.881Z",
    "menu_date": "2026-03-28",
    "etablissement": null,
    "name": "Spaghetti bolognaise",
    "description": "Spaghetti, viande hachée, jus",
    "unit_price": "1500.00",
    "is_active": true
  }
},
{
  "model": "school.canteenmenu",
  "pk": 23,
  "fields": {
    "created_at": "2026-03-29T17:23:12.700Z",
    "updated_at": "2026-03-29T17:23:12.700Z",
    "menu_date": "2026-03-29",
    "etablissement": null,
    "name": "Riz sauce graine",
    "description": "Riz, sauce graine, poisson",
    "unit_price": "1200.00",
    "is_active": true
  }
},
{
  "model": "school.canteenmenu",
  "pk": 24,
  "fields": {
    "created_at": "2026-03-29T17:23:12.706Z",
    "updated_at": "2026-03-29T17:23:12.706Z",
    "menu_date": "2026-03-30",
    "etablissement": null,
    "name": "Spaghetti bolognaise",
    "description": "Spaghetti, viande hachée, jus",
    "unit_price": "1500.00",
    "is_active": true
  }
},
{
  "model": "school.canteenmenu",
  "pk": 25,
  "fields": {
    "created_at": "2026-03-30T19:46:46.683Z",
    "updated_at": "2026-03-30T19:46:46.683Z",
    "menu_date": "2026-03-30",
    "etablissement": null,
    "name": "Riz sauce graine",
    "description": "Riz, sauce graine, poisson",
    "unit_price": "1200.00",
    "is_active": true
  }
},
{
  "model": "school.canteenmenu",
  "pk": 26,
  "fields": {
    "created_at": "2026-03-30T19:46:46.689Z",
    "updated_at": "2026-03-30T19:46:46.689Z",
    "menu_date": "2026-03-31",
    "etablissement": null,
    "name": "Spaghetti bolognaise",
    "description": "Spaghetti, viande hachée, jus",
    "unit_price": "1500.00",
    "is_active": true
  }
},
{
  "model": "school.canteenmenu",
  "pk": 27,
  "fields": {
    "created_at": "2026-03-31T17:33:10.544Z",
    "updated_at": "2026-03-31T17:33:10.545Z",
    "menu_date": "2026-03-31",
    "etablissement": null,
    "name": "Riz sauce graine",
    "description": "Riz, sauce graine, poisson",
    "unit_price": "1200.00",
    "is_active": true
  }
},
{
  "model": "school.canteenmenu",
  "pk": 28,
  "fields": {
    "created_at": "2026-03-31T17:33:10.550Z",
    "updated_at": "2026-03-31T17:33:10.550Z",
    "menu_date": "2026-04-01",
    "etablissement": null,
    "name": "Spaghetti bolognaise",
    "description": "Spaghetti, viande hachée, jus",
    "unit_price": "1500.00",
    "is_active": true
  }
},
{
  "model": "school.canteenmenu",
  "pk": 29,
  "fields": {
    "created_at": "2026-04-01T01:16:33.523Z",
    "updated_at": "2026-04-01T01:16:33.523Z",
    "menu_date": "2026-04-01",
    "etablissement": null,
    "name": "Riz sauce graine",
    "description": "Riz, sauce graine, poisson",
    "unit_price": "1200.00",
    "is_active": true
  }
},
{
  "model": "school.canteenmenu",
  "pk": 30,
  "fields": {
    "created_at": "2026-04-01T01:16:33.540Z",
    "updated_at": "2026-04-01T01:16:33.540Z",
    "menu_date": "2026-04-02",
    "etablissement": null,
    "name": "Spaghetti bolognaise",
    "description": "Spaghetti, viande hachée, jus",
    "unit_price": "1500.00",
    "is_active": true
  }
},
{
  "model": "school.canteenmenu",
  "pk": 31,
  "fields": {
    "created_at": "2026-04-03T23:08:20.473Z",
    "updated_at": "2026-04-03T23:08:20.473Z",
    "menu_date": "2026-04-03",
    "etablissement": null,
    "name": "Riz sauce graine",
    "description": "Riz, sauce graine, poisson",
    "unit_price": "1200.00",
    "is_active": true
  }
},
{
  "model": "school.canteenmenu",
  "pk": 32,
  "fields": {
    "created_at": "2026-04-03T23:08:20.480Z",
    "updated_at": "2026-04-03T23:08:20.480Z",
    "menu_date": "2026-04-04",
    "etablissement": null,
    "name": "Spaghetti bolognaise",
    "description": "Spaghetti, viande hachée, jus",
    "unit_price": "1500.00",
    "is_active": true
  }
},
{
  "model": "school.canteenmenu",
  "pk": 33,
  "fields": {
    "created_at": "2026-04-04T00:43:09.724Z",
    "updated_at": "2026-04-04T00:43:09.724Z",
    "menu_date": "2026-04-04",
    "etablissement": null,
    "name": "Riz sauce graine",
    "description": "Riz, sauce graine, poisson",
    "unit_price": "1200.00",
    "is_active": true
  }
},
{
  "model": "school.canteenmenu",
  "pk": 34,
  "fields": {
    "created_at": "2026-04-04T00:43:09.878Z",
    "updated_at": "2026-04-04T00:43:09.878Z",
    "menu_date": "2026-04-05",
    "etablissement": null,
    "name": "Spaghetti bolognaise",
    "description": "Spaghetti, viande hachée, jus",
    "unit_price": "1500.00",
    "is_active": true
  }
},
{
  "model": "school.canteenmenu",
  "pk": 35,
  "fields": {
    "created_at": "2026-04-05T01:10:21.452Z",
    "updated_at": "2026-04-05T01:10:21.452Z",
    "menu_date": "2026-04-05",
    "etablissement": null,
    "name": "Riz sauce graine",
    "description": "Riz, sauce graine, poisson",
    "unit_price": "1200.00",
    "is_active": true
  }
},
{
  "model": "school.canteenmenu",
  "pk": 36,
  "fields": {
    "created_at": "2026-04-05T01:10:21.457Z",
    "updated_at": "2026-04-05T01:10:21.457Z",
    "menu_date": "2026-04-06",
    "etablissement": null,
    "name": "Spaghetti bolognaise",
    "description": "Spaghetti, viande hachée, jus",
    "unit_price": "1500.00",
    "is_active": true
  }
},
{
  "model": "school.canteenmenu",
  "pk": 37,
  "fields": {
    "created_at": "2026-04-06T14:05:25.009Z",
    "updated_at": "2026-04-06T14:05:25.009Z",
    "menu_date": "2026-04-06",
    "etablissement": null,
    "name": "Riz sauce graine",
    "description": "Riz, sauce graine, poisson",
    "unit_price": "1200.00",
    "is_active": true
  }
},
{
  "model": "school.canteenmenu",
  "pk": 38,
  "fields": {
    "created_at": "2026-04-06T14:05:25.015Z",
    "updated_at": "2026-04-06T14:05:25.015Z",
    "menu_date": "2026-04-07",
    "etablissement": null,
    "name": "Spaghetti bolognaise",
    "description": "Spaghetti, viande hachée, jus",
    "unit_price": "1500.00",
    "is_active": true
  }
},
{
  "model": "school.canteenmenu",
  "pk": 39,
  "fields": {
    "created_at": "2026-04-07T18:28:34.224Z",
    "updated_at": "2026-04-07T18:28:34.224Z",
    "menu_date": "2026-04-07",
    "etablissement": null,
    "name": "Riz sauce graine",
    "description": "Riz, sauce graine, poisson",
    "unit_price": "1200.00",
    "is_active": true
  }
},
{
  "model": "school.canteenmenu",
  "pk": 40,
  "fields": {
    "created_at": "2026-04-07T18:28:34.230Z",
    "updated_at": "2026-04-07T18:28:34.230Z",
    "menu_date": "2026-04-08",
    "etablissement": null,
    "name": "Spaghetti bolognaise",
    "description": "Spaghetti, viande hachée, jus",
    "unit_price": "1500.00",
    "is_active": true
  }
},
{
  "model": "school.canteenmenu",
  "pk": 41,
  "fields": {
    "created_at": "2026-04-08T00:01:13.491Z",
    "updated_at": "2026-04-08T00:01:13.491Z",
    "menu_date": "2026-04-08",
    "etablissement": null,
    "name": "Riz sauce graine",
    "description": "Riz, sauce graine, poisson",
    "unit_price": "1200.00",
    "is_active": true
  }
},
{
  "model": "school.canteenmenu",
  "pk": 42,
  "fields": {
    "created_at": "2026-04-08T00:01:13.494Z",
    "updated_at": "2026-04-08T00:01:13.494Z",
    "menu_date": "2026-04-09",
    "etablissement": null,
    "name": "Spaghetti bolognaise",
    "description": "Spaghetti, viande hachée, jus",
    "unit_price": "1500.00",
    "is_active": true
  }
},
{
  "model": "school.canteenmenu",
  "pk": 43,
  "fields": {
    "created_at": "2026-04-09T00:29:44.277Z",
    "updated_at": "2026-04-09T00:29:44.277Z",
    "menu_date": "2026-04-09",
    "etablissement": null,
    "name": "Riz sauce graine",
    "description": "Riz, sauce graine, poisson",
    "unit_price": "1200.00",
    "is_active": true
  }
},
{
  "model": "school.canteenmenu",
  "pk": 44,
  "fields": {
    "created_at": "2026-04-09T00:29:44.331Z",
    "updated_at": "2026-04-09T00:29:44.331Z",
    "menu_date": "2026-04-10",
    "etablissement": null,
    "name": "Spaghetti bolognaise",
    "description": "Spaghetti, viande hachée, jus",
    "unit_price": "1500.00",
    "is_active": true
  }
},
{
  "model": "school.canteensubscription",
  "pk": 3,
  "fields": {
    "created_at": "2026-03-25T10:12:30.874Z",
    "updated_at": "2026-03-25T10:12:30.874Z",
    "student": 125,
    "academic_year": 1,
    "start_date": "2026-02-23",
    "end_date": null,
    "daily_limit": 1,
    "status": "active"
  }
},
{
  "model": "school.canteensubscription",
  "pk": 4,
  "fields": {
    "created_at": "2026-03-25T10:12:30.927Z",
    "updated_at": "2026-03-25T10:12:30.927Z",
    "student": 126,
    "academic_year": 1,
    "start_date": "2026-03-10",
    "end_date": null,
    "daily_limit": 1,
    "status": "active"
  }
},
{
  "model": "school.canteenservice",
  "pk": 17,
  "fields": {
    "created_at": "2026-03-25T10:12:30.965Z",
    "updated_at": "2026-03-25T10:12:30.965Z",
    "student": 125,
    "menu": 17,
    "served_on": "2026-03-25",
    "quantity": 1,
    "is_paid": true,
    "notes": "Service midi"
  }
},
{
  "model": "school.canteenservice",
  "pk": 18,
  "fields": {
    "created_at": "2026-03-25T10:12:30.983Z",
    "updated_at": "2026-03-25T10:12:30.983Z",
    "student": 126,
    "menu": 18,
    "served_on": "2026-03-26",
    "quantity": 1,
    "is_paid": false,
    "notes": "À régler"
  }
},
{
  "model": "school.canteenservice",
  "pk": 19,
  "fields": {
    "created_at": "2026-03-26T22:14:29.206Z",
    "updated_at": "2026-03-26T22:14:29.206Z",
    "student": 125,
    "menu": 19,
    "served_on": "2026-03-26",
    "quantity": 1,
    "is_paid": true,
    "notes": "Service midi"
  }
},
{
  "model": "school.canteenservice",
  "pk": 20,
  "fields": {
    "created_at": "2026-03-26T22:14:29.212Z",
    "updated_at": "2026-03-26T22:14:29.212Z",
    "student": 126,
    "menu": 20,
    "served_on": "2026-03-27",
    "quantity": 1,
    "is_paid": false,
    "notes": "À régler"
  }
},
{
  "model": "school.canteenservice",
  "pk": 21,
  "fields": {
    "created_at": "2026-03-27T17:37:12.995Z",
    "updated_at": "2026-03-27T17:37:12.995Z",
    "student": 125,
    "menu": 21,
    "served_on": "2026-03-27",
    "quantity": 1,
    "is_paid": true,
    "notes": "Service midi"
  }
},
{
  "model": "school.canteenservice",
  "pk": 22,
  "fields": {
    "created_at": "2026-03-27T17:37:13.001Z",
    "updated_at": "2026-03-27T17:37:13.001Z",
    "student": 126,
    "menu": 22,
    "served_on": "2026-03-28",
    "quantity": 1,
    "is_paid": false,
    "notes": "À régler"
  }
},
{
  "model": "school.canteenservice",
  "pk": 23,
  "fields": {
    "created_at": "2026-03-29T17:23:13.044Z",
    "updated_at": "2026-03-29T17:23:13.044Z",
    "student": 125,
    "menu": 23,
    "served_on": "2026-03-29",
    "quantity": 1,
    "is_paid": true,
    "notes": "Service midi"
  }
},
{
  "model": "school.canteenservice",
  "pk": 24,
  "fields": {
    "created_at": "2026-03-29T17:23:13.081Z",
    "updated_at": "2026-03-29T17:23:13.081Z",
    "student": 126,
    "menu": 24,
    "served_on": "2026-03-30",
    "quantity": 1,
    "is_paid": false,
    "notes": "À régler"
  }
},
{
  "model": "school.canteenservice",
  "pk": 25,
  "fields": {
    "created_at": "2026-03-30T19:46:46.747Z",
    "updated_at": "2026-03-30T19:46:46.747Z",
    "student": 125,
    "menu": 25,
    "served_on": "2026-03-30",
    "quantity": 1,
    "is_paid": true,
    "notes": "Service midi"
  }
},
{
  "model": "school.canteenservice",
  "pk": 26,
  "fields": {
    "created_at": "2026-03-30T19:46:46.754Z",
    "updated_at": "2026-03-30T19:46:46.754Z",
    "student": 126,
    "menu": 26,
    "served_on": "2026-03-31",
    "quantity": 1,
    "is_paid": false,
    "notes": "À régler"
  }
},
{
  "model": "school.canteenservice",
  "pk": 27,
  "fields": {
    "created_at": "2026-03-31T17:33:10.706Z",
    "updated_at": "2026-03-31T17:33:10.706Z",
    "student": 125,
    "menu": 27,
    "served_on": "2026-03-31",
    "quantity": 1,
    "is_paid": true,
    "notes": "Service midi"
  }
},
{
  "model": "school.canteenservice",
  "pk": 28,
  "fields": {
    "created_at": "2026-03-31T17:33:10.715Z",
    "updated_at": "2026-03-31T17:33:10.716Z",
    "student": 126,
    "menu": 28,
    "served_on": "2026-04-01",
    "quantity": 1,
    "is_paid": false,
    "notes": "À régler"
  }
},
{
  "model": "school.canteenservice",
  "pk": 29,
  "fields": {
    "created_at": "2026-04-01T01:16:33.572Z",
    "updated_at": "2026-04-01T01:16:33.572Z",
    "student": 125,
    "menu": 29,
    "served_on": "2026-04-01",
    "quantity": 1,
    "is_paid": true,
    "notes": "Service midi"
  }
},
{
  "model": "school.canteenservice",
  "pk": 30,
  "fields": {
    "created_at": "2026-04-01T01:16:33.602Z",
    "updated_at": "2026-04-01T01:16:33.602Z",
    "student": 126,
    "menu": 30,
    "served_on": "2026-04-02",
    "quantity": 1,
    "is_paid": false,
    "notes": "À régler"
  }
},
{
  "model": "school.canteenservice",
  "pk": 31,
  "fields": {
    "created_at": "2026-04-03T23:08:20.580Z",
    "updated_at": "2026-04-03T23:08:20.580Z",
    "student": 125,
    "menu": 31,
    "served_on": "2026-04-03",
    "quantity": 1,
    "is_paid": true,
    "notes": "Service midi"
  }
},
{
  "model": "school.canteenservice",
  "pk": 32,
  "fields": {
    "created_at": "2026-04-03T23:08:20.587Z",
    "updated_at": "2026-04-03T23:08:20.587Z",
    "student": 126,
    "menu": 32,
    "served_on": "2026-04-04",
    "quantity": 1,
    "is_paid": false,
    "notes": "À régler"
  }
},
{
  "model": "school.canteenservice",
  "pk": 33,
  "fields": {
    "created_at": "2026-04-04T00:43:11.330Z",
    "updated_at": "2026-04-04T00:43:11.330Z",
    "student": 125,
    "menu": 33,
    "served_on": "2026-04-04",
    "quantity": 1,
    "is_paid": true,
    "notes": "Service midi"
  }
},
{
  "model": "school.canteenservice",
  "pk": 34,
  "fields": {
    "created_at": "2026-04-04T00:43:11.372Z",
    "updated_at": "2026-04-04T00:43:11.372Z",
    "student": 126,
    "menu": 34,
    "served_on": "2026-04-05",
    "quantity": 1,
    "is_paid": false,
    "notes": "À régler"
  }
},
{
  "model": "school.canteenservice",
  "pk": 35,
  "fields": {
    "created_at": "2026-04-05T01:10:21.519Z",
    "updated_at": "2026-04-05T01:10:21.519Z",
    "student": 125,
    "menu": 35,
    "served_on": "2026-04-05",
    "quantity": 1,
    "is_paid": true,
    "notes": "Service midi"
  }
},
{
  "model": "school.canteenservice",
  "pk": 36,
  "fields": {
    "created_at": "2026-04-05T01:10:21.524Z",
    "updated_at": "2026-04-05T01:10:21.524Z",
    "student": 126,
    "menu": 36,
    "served_on": "2026-04-06",
    "quantity": 1,
    "is_paid": false,
    "notes": "À régler"
  }
},
{
  "model": "school.canteenservice",
  "pk": 37,
  "fields": {
    "created_at": "2026-04-06T14:05:25.089Z",
    "updated_at": "2026-04-06T14:05:25.089Z",
    "student": 125,
    "menu": 37,
    "served_on": "2026-04-06",
    "quantity": 1,
    "is_paid": true,
    "notes": "Service midi"
  }
},
{
  "model": "school.canteenservice",
  "pk": 38,
  "fields": {
    "created_at": "2026-04-06T14:05:25.103Z",
    "updated_at": "2026-04-06T14:05:25.103Z",
    "student": 126,
    "menu": 38,
    "served_on": "2026-04-07",
    "quantity": 1,
    "is_paid": false,
    "notes": "À régler"
  }
},
{
  "model": "school.canteenservice",
  "pk": 39,
  "fields": {
    "created_at": "2026-04-07T18:28:34.337Z",
    "updated_at": "2026-04-07T18:28:34.337Z",
    "student": 125,
    "menu": 39,
    "served_on": "2026-04-07",
    "quantity": 1,
    "is_paid": true,
    "notes": "Service midi"
  }
},
{
  "model": "school.canteenservice",
  "pk": 40,
  "fields": {
    "created_at": "2026-04-07T18:28:34.345Z",
    "updated_at": "2026-04-07T18:28:34.345Z",
    "student": 126,
    "menu": 40,
    "served_on": "2026-04-08",
    "quantity": 1,
    "is_paid": false,
    "notes": "À régler"
  }
},
{
  "model": "school.canteenservice",
  "pk": 41,
  "fields": {
    "created_at": "2026-04-08T00:01:13.526Z",
    "updated_at": "2026-04-08T00:01:13.526Z",
    "student": 125,
    "menu": 41,
    "served_on": "2026-04-08",
    "quantity": 1,
    "is_paid": true,
    "notes": "Service midi"
  }
},
{
  "model": "school.canteenservice",
  "pk": 42,
  "fields": {
    "created_at": "2026-04-08T00:01:13.531Z",
    "updated_at": "2026-04-08T00:01:13.531Z",
    "student": 126,
    "menu": 42,
    "served_on": "2026-04-09",
    "quantity": 1,
    "is_paid": false,
    "notes": "À régler"
  }
},
{
  "model": "school.canteenservice",
  "pk": 43,
  "fields": {
    "created_at": "2026-04-09T00:29:44.459Z",
    "updated_at": "2026-04-09T00:29:44.460Z",
    "student": 125,
    "menu": 43,
    "served_on": "2026-04-09",
    "quantity": 1,
    "is_paid": true,
    "notes": "Service midi"
  }
},
{
  "model": "school.canteenservice",
  "pk": 44,
  "fields": {
    "created_at": "2026-04-09T00:29:44.466Z",
    "updated_at": "2026-04-09T00:29:44.466Z",
    "student": 126,
    "menu": 44,
    "served_on": "2026-04-10",
    "quantity": 1,
    "is_paid": false,
    "notes": "À régler"
  }
},
{
  "model": "school.examsession",
  "pk": 1,
  "fields": {
    "created_at": "2026-03-01T18:18:43.195Z",
    "updated_at": "2026-03-01T18:18:43.195Z",
    "title": "Examen Blanc T1",
    "term": "T1",
    "academic_year": 1,
    "start_date": "2026-03-21",
    "end_date": "2026-03-24"
  }
},
{
  "model": "school.examplanning",
  "pk": 10,
  "fields": {
    "created_at": "2026-03-25T10:12:31.164Z",
    "updated_at": "2026-03-25T10:12:31.165Z",
    "session": 1,
    "classroom": 47,
    "subject": 23,
    "exam_date": "2026-04-14",
    "start_time": "08:00:00",
    "end_time": "10:00:00"
  }
},
{
  "model": "school.examplanning",
  "pk": 11,
  "fields": {
    "created_at": "2026-03-26T22:14:29.314Z",
    "updated_at": "2026-03-26T22:14:29.314Z",
    "session": 1,
    "classroom": 47,
    "subject": 23,
    "exam_date": "2026-04-15",
    "start_time": "08:00:00",
    "end_time": "10:00:00"
  }
},
{
  "model": "school.examplanning",
  "pk": 12,
  "fields": {
    "created_at": "2026-03-27T17:37:13.118Z",
    "updated_at": "2026-03-27T17:37:13.118Z",
    "session": 1,
    "classroom": 47,
    "subject": 23,
    "exam_date": "2026-04-16",
    "start_time": "08:00:00",
    "end_time": "10:00:00"
  }
},
{
  "model": "school.examplanning",
  "pk": 13,
  "fields": {
    "created_at": "2026-03-29T17:23:13.432Z",
    "updated_at": "2026-03-29T17:23:13.432Z",
    "session": 1,
    "classroom": 47,
    "subject": 23,
    "exam_date": "2026-04-18",
    "start_time": "08:00:00",
    "end_time": "10:00:00"
  }
},
{
  "model": "school.examplanning",
  "pk": 14,
  "fields": {
    "created_at": "2026-03-30T19:46:46.840Z",
    "updated_at": "2026-03-30T19:46:46.840Z",
    "session": 1,
    "classroom": 47,
    "subject": 23,
    "exam_date": "2026-04-19",
    "start_time": "08:00:00",
    "end_time": "10:00:00"
  }
},
{
  "model": "school.examplanning",
  "pk": 15,
  "fields": {
    "created_at": "2026-03-31T17:33:10.947Z",
    "updated_at": "2026-03-31T17:33:10.947Z",
    "session": 1,
    "classroom": 47,
    "subject": 23,
    "exam_date": "2026-04-20",
    "start_time": "08:00:00",
    "end_time": "10:00:00"
  }
},
{
  "model": "school.examplanning",
  "pk": 16,
  "fields": {
    "created_at": "2026-04-01T01:16:33.687Z",
    "updated_at": "2026-04-01T01:16:33.687Z",
    "session": 1,
    "classroom": 47,
    "subject": 23,
    "exam_date": "2026-04-21",
    "start_time": "08:00:00",
    "end_time": "10:00:00"
  }
},
{
  "model": "school.examplanning",
  "pk": 17,
  "fields": {
    "created_at": "2026-04-03T23:08:20.686Z",
    "updated_at": "2026-04-03T23:08:20.686Z",
    "session": 1,
    "classroom": 47,
    "subject": 23,
    "exam_date": "2026-04-23",
    "start_time": "08:00:00",
    "end_time": "10:00:00"
  }
},
{
  "model": "school.examplanning",
  "pk": 18,
  "fields": {
    "created_at": "2026-04-04T00:43:13.683Z",
    "updated_at": "2026-04-04T00:43:13.683Z",
    "session": 1,
    "classroom": 47,
    "subject": 23,
    "exam_date": "2026-04-24",
    "start_time": "08:00:00",
    "end_time": "10:00:00"
  }
},
{
  "model": "school.examplanning",
  "pk": 19,
  "fields": {
    "created_at": "2026-04-05T01:10:21.660Z",
    "updated_at": "2026-04-05T01:10:21.660Z",
    "session": 1,
    "classroom": 47,
    "subject": 23,
    "exam_date": "2026-04-25",
    "start_time": "08:00:00",
    "end_time": "10:00:00"
  }
},
{
  "model": "school.examplanning",
  "pk": 20,
  "fields": {
    "created_at": "2026-04-06T14:05:25.233Z",
    "updated_at": "2026-04-06T14:05:25.234Z",
    "session": 1,
    "classroom": 47,
    "subject": 23,
    "exam_date": "2026-04-26",
    "start_time": "08:00:00",
    "end_time": "10:00:00"
  }
},
{
  "model": "school.examplanning",
  "pk": 21,
  "fields": {
    "created_at": "2026-04-07T18:28:34.443Z",
    "updated_at": "2026-04-07T18:28:34.443Z",
    "session": 1,
    "classroom": 47,
    "subject": 23,
    "exam_date": "2026-04-27",
    "start_time": "08:00:00",
    "end_time": "10:00:00"
  }
},
{
  "model": "school.examplanning",
  "pk": 22,
  "fields": {
    "created_at": "2026-04-08T00:01:13.562Z",
    "updated_at": "2026-04-08T00:01:13.562Z",
    "session": 1,
    "classroom": 47,
    "subject": 23,
    "exam_date": "2026-04-28",
    "start_time": "08:00:00",
    "end_time": "10:00:00"
  }
},
{
  "model": "school.examplanning",
  "pk": 23,
  "fields": {
    "created_at": "2026-04-09T00:29:44.531Z",
    "updated_at": "2026-04-09T00:29:44.531Z",
    "session": 1,
    "classroom": 47,
    "subject": 23,
    "exam_date": "2026-04-29",
    "start_time": "08:00:00",
    "end_time": "10:00:00"
  }
},
{
  "model": "school.examinvigilation",
  "pk": 9,
  "fields": {
    "created_at": "2026-03-25T10:12:31.172Z",
    "updated_at": "2026-03-25T10:12:31.173Z",
    "planning": 10,
    "supervisor": 168
  }
},
{
  "model": "school.examinvigilation",
  "pk": 10,
  "fields": {
    "created_at": "2026-03-26T22:14:29.349Z",
    "updated_at": "2026-03-26T22:14:29.349Z",
    "planning": 11,
    "supervisor": 168
  }
},
{
  "model": "school.examinvigilation",
  "pk": 11,
  "fields": {
    "created_at": "2026-03-27T17:37:13.127Z",
    "updated_at": "2026-03-27T17:37:13.127Z",
    "planning": 12,
    "supervisor": 168
  }
},
{
  "model": "school.examinvigilation",
  "pk": 12,
  "fields": {
    "created_at": "2026-03-29T17:23:13.788Z",
    "updated_at": "2026-03-29T17:23:13.788Z",
    "planning": 13,
    "supervisor": 168
  }
},
{
  "model": "school.examinvigilation",
  "pk": 13,
  "fields": {
    "created_at": "2026-03-30T19:46:46.874Z",
    "updated_at": "2026-03-30T19:46:46.874Z",
    "planning": 14,
    "supervisor": 168
  }
},
{
  "model": "school.examinvigilation",
  "pk": 14,
  "fields": {
    "created_at": "2026-03-31T17:33:11.047Z",
    "updated_at": "2026-03-31T17:33:11.048Z",
    "planning": 15,
    "supervisor": 168
  }
},
{
  "model": "school.examinvigilation",
  "pk": 15,
  "fields": {
    "created_at": "2026-04-01T01:16:33.762Z",
    "updated_at": "2026-04-01T01:16:33.762Z",
    "planning": 16,
    "supervisor": 168
  }
},
{
  "model": "school.examinvigilation",
  "pk": 16,
  "fields": {
    "created_at": "2026-04-03T23:08:20.727Z",
    "updated_at": "2026-04-03T23:08:20.727Z",
    "planning": 17,
    "supervisor": 168
  }
},
{
  "model": "school.examinvigilation",
  "pk": 17,
  "fields": {
    "created_at": "2026-04-04T00:43:14.678Z",
    "updated_at": "2026-04-04T00:43:14.678Z",
    "planning": 18,
    "supervisor": 168
  }
},
{
  "model": "school.examinvigilation",
  "pk": 18,
  "fields": {
    "created_at": "2026-04-05T01:10:21.687Z",
    "updated_at": "2026-04-05T01:10:21.687Z",
    "planning": 19,
    "supervisor": 168
  }
},
{
  "model": "school.examinvigilation",
  "pk": 19,
  "fields": {
    "created_at": "2026-04-06T14:05:25.276Z",
    "updated_at": "2026-04-06T14:05:25.276Z",
    "planning": 20,
    "supervisor": 168
  }
},
{
  "model": "school.examinvigilation",
  "pk": 20,
  "fields": {
    "created_at": "2026-04-07T18:28:34.467Z",
    "updated_at": "2026-04-07T18:28:34.468Z",
    "planning": 21,
    "supervisor": 168
  }
},
{
  "model": "school.examinvigilation",
  "pk": 21,
  "fields": {
    "created_at": "2026-04-08T00:01:13.768Z",
    "updated_at": "2026-04-08T00:01:13.768Z",
    "planning": 22,
    "supervisor": 168
  }
},
{
  "model": "school.examinvigilation",
  "pk": 22,
  "fields": {
    "created_at": "2026-04-09T00:29:44.559Z",
    "updated_at": "2026-04-09T00:29:44.559Z",
    "planning": 23,
    "supervisor": 168
  }
},
{
  "model": "school.examresult",
  "pk": 2,
  "fields": {
    "created_at": "2026-03-25T10:12:31.231Z",
    "updated_at": "2026-03-25T10:12:31.231Z",
    "session": 1,
    "student": 125,
    "subject": 23,
    "score": "14.00"
  }
},
{
  "model": "school.examresult",
  "pk": 3,
  "fields": {
    "created_at": "2026-04-07T19:21:57.252Z",
    "updated_at": "2026-04-07T20:22:39.230Z",
    "session": 1,
    "student": 127,
    "subject": 25,
    "score": "18.00"
  }
},
{
  "model": "school.examresult",
  "pk": 4,
  "fields": {
    "created_at": "2026-04-07T19:21:57.508Z",
    "updated_at": "2026-04-07T20:22:39.401Z",
    "session": 1,
    "student": 74,
    "subject": 25,
    "score": "18.00"
  }
},
{
  "model": "school.examresult",
  "pk": 5,
  "fields": {
    "created_at": "2026-04-07T19:21:57.675Z",
    "updated_at": "2026-04-07T20:22:39.551Z",
    "session": 1,
    "student": 73,
    "subject": 25,
    "score": "18.00"
  }
},
{
  "model": "school.examresult",
  "pk": 6,
  "fields": {
    "created_at": "2026-04-07T19:21:57.854Z",
    "updated_at": "2026-04-07T20:22:39.773Z",
    "session": 1,
    "student": 72,
    "subject": 25,
    "score": "18.00"
  }
},
{
  "model": "school.examresult",
  "pk": 7,
  "fields": {
    "created_at": "2026-04-07T19:21:57.948Z",
    "updated_at": "2026-04-07T20:22:40.008Z",
    "session": 1,
    "student": 71,
    "subject": 25,
    "score": "18.00"
  }
},
{
  "model": "school.examresult",
  "pk": 8,
  "fields": {
    "created_at": "2026-04-07T19:21:58.082Z",
    "updated_at": "2026-04-07T20:22:40.126Z",
    "session": 1,
    "student": 70,
    "subject": 25,
    "score": "18.00"
  }
},
{
  "model": "school.examresult",
  "pk": 9,
  "fields": {
    "created_at": "2026-04-07T19:21:58.198Z",
    "updated_at": "2026-04-07T20:22:40.564Z",
    "session": 1,
    "student": 69,
    "subject": 25,
    "score": "18.00"
  }
},
{
  "model": "school.examresult",
  "pk": 10,
  "fields": {
    "created_at": "2026-04-07T19:21:58.366Z",
    "updated_at": "2026-04-07T20:22:40.644Z",
    "session": 1,
    "student": 68,
    "subject": 25,
    "score": "18.00"
  }
},
{
  "model": "school.examresult",
  "pk": 11,
  "fields": {
    "created_at": "2026-04-07T19:21:58.479Z",
    "updated_at": "2026-04-07T20:22:40.709Z",
    "session": 1,
    "student": 67,
    "subject": 25,
    "score": "18.00"
  }
},
{
  "model": "school.examresult",
  "pk": 12,
  "fields": {
    "created_at": "2026-04-07T19:21:58.569Z",
    "updated_at": "2026-04-07T20:22:40.803Z",
    "session": 1,
    "student": 66,
    "subject": 25,
    "score": "18.00"
  }
},
{
  "model": "school.supplier",
  "pk": 1,
  "fields": {
    "created_at": "2026-03-01T18:18:43.213Z",
    "updated_at": "2026-03-01T18:18:43.213Z",
    "etablissement": null,
    "name": "Fournisseur Central",
    "phone": "+22501020304",
    "email": "contact@fournisseur.demo"
  }
},
{
  "model": "school.stockitem",
  "pk": 1,
  "fields": {
    "created_at": "2026-03-01T18:18:43.217Z",
    "updated_at": "2026-03-01T18:18:43.220Z",
    "etablissement": null,
    "name": "Riz cantine",
    "quantity": 60,
    "minimum_threshold": 20,
    "unit": "kg",
    "supplier": 1
  }
},
{
  "model": "school.stockmovement",
  "pk": 1,
  "fields": {
    "created_at": "2026-03-01T18:18:43.221Z",
    "updated_at": "2026-03-01T18:18:43.221Z",
    "item": 1,
    "movement_type": "in",
    "quantity": 10,
    "reason": "Réapprovisionnement"
  }
}
]
